Nombre y tensión del nudo;Código Subestación;Comunidad Autónoma;POSICIONES DE GEN/ALM;;;;CRITERIO DE POTENCIA DE CORTOCIRCUITO (WSCR);;;;CRITERIO ESTÁTICO GENERACIÓN;;;CRITERIO ESTÁTICO ALMACENAMIENTO;;;CRITERIO DINÁMICO;;;;SITUACIÓN NUDO CAPACIDAD DE ACCESO OTORGADA;;;;;;;SITUACIÓN NUDO CAPACIDAD DE ACCESO EN CURSO DE TRAMITACIÓN;;;;;;;MARGEN DE CAPACIDAD DE ACCESO TOTAL;;;;CRITERIOS LIMITANTES;;;;;;;;CAPACIDAD DE ACCESO NO DISPONIBLE PARA SOLICITUDES A LA RED DE TRANSPORTE Y ACEPTABILIDADES;;;;;CAPACIDAD DE ACCESO DISPONIBLE PARA SOLICITUDES A LA RED DE TRANSPORTE Y ACEPTABILIDADES;;;;;;;;CAPACIDAD DE ACCESO LIBERADA PARA SOLICITUDES DE AUTOCONSUMO SEGÚN  EL REAL DECRETO-LEY 7/2026;;;;;;Motivo de reserva de capacidad de acceso en el nudo;Normativa específica reguladora de la concesión de la capacidad de acceso;;;;;;;;;;;;;;;
;;;A red de transporte;;A red de distribución;;Capacidad de acceso nodal;Binudos;Afección de CS a seguridad del sistema;Margen no ocupado;Capacidad de acceso nodal; Zona con capacidad compartida a la que pertenece el nudo;Margen no ocupado;Capacidad de acceso nodal; Zona con capacidad compartida a la que pertenece el nudo;Margen no ocupado;Capacidad de acceso nodal; Zona con capacidad compartida a la que pertenece el nudo;Limitación interna por configuración del nudo;Margen no ocupado;Capacidad de acceso otorgada MGE;Capacidad de acceso otorgada MGES;Capacidad de acceso otorgada MPE con afección WSCR;Capacidad de acceso otorgada MPE sin afección WSCR;Capacidad de acceso otorgada MPE;Capacidad de acceso otorgada GEN;Capacidad de acceso otorgada ALM;Capacidad de acceso solicitada en curso y pendiente resolver MGE;Capacidad de acceso solicitada en curso y pendiente resolver MGES;Capacidad de acceso solicitada en curso y pendiente resolver MPE con afección WSCR;Capacidad de acceso solicitada en curso y pendiente resolver MPE sin afección WSCR;Capacidad de acceso solicitada en curso y pendiente resolver MPE;Capacidad de acceso solicitada en curso y pendiente resolver GEN;Capacidad de acceso solicitada en curso y pendiente resolver ALM;Generación;;Almacenamiento;;Generación;;Almacenamiento;;Limitación por Posición;;;;Generación;;Almacenamiento;;Motivo capacidad no disponible;Generación;;;;Almacenamiento;;;;"Capacidad de acceso liberada para MGES 
[MW]";"Capacidad de acceso liberada para MPE 
[MW]";"Capacidad de acceso otorgada para MGES 
[MW]";"Capacidad de acceso otorgada para MPE 
[MW]";"Capacidad de acceso disponible para MGES 
[MW]";"Capacidad de acceso disponible para MPE 
[MW]";;;;;;;;;;;;;;;;;
;;;E;P;E;P;;;;;;;;;;;;;;;;;;;;;;;;;;;;;"MGES 
[MW]";"MPE
[MW]";"MGES 
[MW]";" MPE
[MW]";MGES;MPE;MGES;MPE;Capacidad máxima otorgable en el nudo;¿Existe limitación por posición?;Margen MGES;Margen MPE;"MGES 
[MW]";"MPE
[MW]";"MGES 
[MW]";" MPE
[MW]";;"MGES RdTo MPE con compensador síncrono RdT
[MW]";"MPE RdT
[MW]";"MGES RdD, MPE no conectado al primer nivel de transformación RdD o MPE con compensador síncrono RdD
[MW]";"MPE RdD
[MW]";"MGES RdTo MPE con compensador síncrono RdT
[MW]";"MPE RdT
[MW]";"MGES RdD, MPE no conectado al primer nivel de transformación RdD o MPE con compensador síncrono RdD
[MW]";"MPE RdD
[MW]";;;;;;;;;;;;;;;;;;;;;;;
ABADES 400;52065;Castilla y León;;1;;;428; N/A ;  ;71;2.406;E268_SEPE;2.049;2.408;E268_SEPE;2.051;906; D59_SEPE ;906;549;357;0;357;0;357;357;0;0;0;0;0;0;0;0;549;71;549;71;D_Nudo/D_Zona;WSCR_Nudo;D_Nudo/D_Zona;WSCR_Nudo;600;;243;71;549;71;549;71;Concurso por resolución SEE. ;0;0;0;0;0;0;0;0;55;7;0;0;55;7;Concurso;;;;;;;;;;;;;;;;
ABADES 220;52065;Castilla y León;;;;;124; N/A ;  ;124;600;E268_SEPE;600;600;E268_SEPE;600;906; D59_SEPE ;N/A;549;0;0;0;0;0;0;0;0;0;0;0;0;0;0;549;124;549;124;D_Zona;WSCR_Nudo;D_Zona;WSCR_Nudo;0;;0;0;549;124;549;124;Sin posibilidad de conexión. Margen zonal reservado concurso por resolución SEE/posible concurso/NTJ. ;0;0;0;0;0;0;0;0;0;0;0;0;0;0;;;;;;;;;;;;;;;;;
ABADIANO 220;50000;País Vasco;;;2;;538; N/A ;  ;538;908;N/A;780;980;N/A;847;987; N/A ;N/A;854;134;31;0;102;102;128;6;0;0;0;0;0;0;0;780;538;847;538;Est_Gen_Nudo;WSCR_Nudo;Est_Alm_Nudo;WSCR_Nudo;0;;0;0;780;538;847;538;Concurso por resolución SEE. ;0;0;0;0;0;0;0;0;78;54;0;0;78;54;Concurso;;;;;;;;;;;;;;;;
ABANILLA 400;52072;Región de Murcia;;1;;;753; N/A ;  ;753;2.301;N/A;2.301;2.522;N/A;2.522;270; N/A ;270;270;0;0;0;0;0;0;0;0;0;0;0;0;0;0;270;270;270;270;D_Nudo;D_Nudo;D_Nudo;D_Nudo;600;;270;270;270;270;270;270;Concurso por resolución SEE. ;0;0;0;0;0;0;0;0;27;27;0;0;27;27;Concurso;;;;;;;;;;;;;;;;
ABANTO 400;50001;País Vasco;;;;1;780; N/A ;  ;780;5.599;N/A;5.599;5.599;N/A;5.599;625; N/A ;625;625;0;0;0;0;0;0;0;0;0;0;0;0;0;0;625;625;625;625;D_Nudo;D_Nudo;D_Nudo;D_Nudo;0;;0;0;625;625;625;625;Concurso por resolución SEE. ;0;0;0;0;0;0;0;0;62;62;0;0;62;62;Concurso;;;;;;;;;;;;;;;;
ABEGONDO 400;50700;Galicia;;;;;461; N/A ;  ;461;1.785;E115_SEPE;1.680;1.925;E115_SEPE;1.925;2.527; D24_SEPE ;827;675;0;0;0;0;0;0;0;0;0;0;0;0;0;0;675;461;675;461;D_Zona;WSCR_Nudo;D_Zona;WSCR_Nudo;0;;0;0;675;461;675;461;Sin posibilidad de conexión. Margen zonal reservado concurso por resolución SEE/posible concurso/NTJ. ;0;0;0;0;0;0;0;0;0;0;0;0;0;0;;;;;;;;;;;;;;;;;
ABEGONDO 220;50700;Galicia;;1;;;210; N/A ;  ;135;600;E115_SEPE;448;600;E115_SEPE;448;827; D24_SEPE ;N/A;675;152;0;75;77;152;152;0;4;0;4;0;4;4;0;448;135;448;135;Est_Gen_Nudo;WSCR_Nudo;Est_Alm_Nudo;WSCR_Nudo;400;;248;135;448;135;448;135;Concurso por resolución SEE. ;0;0;0;0;0;0;0;0;45;13;0;0;45;13;Concurso;;;;;;;;;;;;;;;;
ABONA 220;50701;Canarias;;2;;;101; N/A ;  ;36;158;E12_SEC;0;207;E12_SEC;33;0; N/A ;N/A;0;65;0;65;0;65;65;0;0;0;0;0;0;0;0;0;0;0;0;Est_Gen_Zona/D_Nudo;Est_Gen_Zona/D_Nudo;D_Nudo;D_Nudo;800;;0;0;0;0;0;0;;0;0;0;0;0;0;0;0;0;0;0;0;0;0;;;;;;;;;;;;;;;;;
ABONA 66;50701;Canarias;1;1;;;75; N/A ;  ;0;132;E10_SEC, E12_SEC;0;149;E10_SEC, E12_SEC;0;57; N/A ;N/A;0;108;0;108;0;108;108;0;0;0;0;0;0;0;0;0;0;0;0;Est_Gen_Zona/D_Nudo;WSCR_Nudo/Est_Gen_Zona/D_Nudo;Est_Alm_Zona/D_Nudo;WSCR_Nudo/Est_Alm_Zona/D_Nudo;#¡VALOR!;;0;0;0;0;0;0;;0;0;0;0;0;0;0;0;0;0;0;0;0;0;;;;;;;;;;;;;;;;;
ABRERA 220;50002;Cataluña;;;3;;257; N/A ;  ;251;269;E205_SEPE;15;306;E205_SEPE;262;821; N/A ;N/A;777;44;22;6;16;22;44;0;9;0;0;9;9;0;9;15;15;262;251;Est_Gen_Zona;Est_Gen_Zona;Est_Alm_Nudo;WSCR_Nudo;0;SI;0;0;15;15;262;251;Concurso por resolución SEE. Limitación de capacidad por posición;0;0;0;0;0;0;0;0;2;2;0;0;2;2;Concurso;;;;;;;;;;;;;;;;
ACECA 220;50003;Castilla-La Mancha;2;;2;1;548; N/A ;  ;51;652;N/A;0;1.219;N/A;0;2.505; N/A ;805;832;1.674;566;497;611;1.108;1.674;0;0;0;0;0;0;0;0;0;0;0;0;Est_Gen_Nudo;Est_Gen_Nudo;Est_Alm_Nudo;Est_Alm_Nudo;800;;0;0;0;0;0;0;;0;0;0;0;0;0;0;0;0;0;0;0;0;0;;;;;;;;;;;;;;;;;
ADRALL 220;50004;Cataluña;;;1;1;220; N/A ;  ;220;436;E209_SEPE;0;477;E209_SEPE;0;1.202; N/A ;N/A;1.134;68;40;0;28;28;68;0;0;0;0;0;0;0;0;0;0;0;0;Est_Gen_Zona;Est_Gen_Zona;Est_Alm_Zona;Est_Alm_Zona;0;;0;0;0;0;0;0;;0;0;0;0;0;0;0;0;0;0;0;0;0;0;;;;;;;;;;;;;;;;;
AENA 220;50005;Comunidad de Madrid;;1;2;;896; N/A ;  ;731;418;N/A;220;489;N/A;291;736; N/A ;N/A;538;198;33;165;0;165;198;0;0;0;0;0;0;0;0;220;220;291;291;Est_Gen_Nudo;Est_Gen_Nudo;Est_Alm_Nudo;Est_Alm_Nudo;400;;220;220;220;220;291;291;Concurso por resolución SEE. ;0;0;0;0;0;0;0;0;22;22;0;0;22;22;Concurso;;;;;;;;;;;;;;;;
AENA OESTE 220;50006;Cataluña;;;;;683; N/A ;  ;683;151;E290_SEPE;129;285;E290_SEPE;285;805; N/A ;N/A;805;0;0;0;0;0;0;0;0;0;0;0;0;0;0;129;129;285;285;Est_Gen_Zona;Est_Gen_Zona;Est_Alm_Nudo;Est_Alm_Nudo;0;;0;0;129;129;285;285;Sin posibilidad de conexión. ;0;0;0;0;0;0;0;0;0;0;0;0;0;0;;;;;;;;;;;;;;;;;
AEROPUERTO BARCELONA 220;50007;Cataluña;;;3;;701; N/A ;  ;691;151;E290_SEPE;129;246;E290_SEPE;224;805; N/A ;N/A;783;22;11;10;1;11;22;0;0;0;0;0;0;0;0;129;129;224;224;Est_Gen_Nudo/Est_Gen_Zona;Est_Gen_Nudo/Est_Gen_Zona;Est_Alm_Nudo;Est_Alm_Nudo;0;;0;0;0;0;0;0;;0;0;129;129;0;0;224;224;0;0;0;0;0;0;;;;;;;;;;;;;;;;;
AGUACATE 220;50008;Comunidad de Madrid;;;3;;900; N/A ;  ;900;553;E213_SEPE;433;656;E213_SEPE;433;710; N/A ;N/A;680;30;0;0;30;30;0;30;0;0;0;0;0;0;0;433;433;433;433;Est_Gen_Zona;Est_Gen_Zona;Est_Alm_Zona;Est_Alm_Zona;0;;0;0;0;0;0;0;;0;0;433;433;0;0;433;433;0;0;0;0;0;0;;;;;;;;;;;;;;;;;
AGUAYO 400;50009;Cantabria;1;1;;;636; N/A ;  ;636;1.779;E71_SEPE;440;1.980;E71_SEPE;440;1.951; N/A ;976;957;994;994;0;0;0;0;994;0;0;0;0;0;0;0;440;440;440;440;Est_Gen_Zona;Est_Gen_Zona;Est_Alm_Zona;Est_Alm_Zona;1.200;;206;206;440;440;440;440;Concurso por resolución SEE. Margen zonal reservado concurso por resolución SEE/posible concurso/NTJ. ;0;0;0;0;0;0;0;0;44;44;0;0;44;44;Concurso;;;;;;;;;;;;;;;;
AGUAYO 220;50009;Cantabria;2;1;;;644; N/A ;  ;460;1.440;E71_SEPE;440;1.658;E71_SEPE;440;1.076; N/A ;N/A;530;546;362;184;0;184;184;362;0;0;0;0;0;0;0;440;440;440;440;Est_Gen_Zona;Est_Gen_Zona;Est_Alm_Zona;Est_Alm_Zona;1.200;;440;440;440;440;440;440;Concurso por resolución SEE. Margen zonal reservado concurso por resolución SEE/posible concurso/NTJ. ;0;0;0;0;0;0;0;0;44;44;0;0;44;44;Concurso;;;;;;;;;;;;;;;;
AGÜIMES 66;50702;Canarias;1;;;;61; N/A ;  ;22;96;E08_SEC;0;98;E08_SEC;0;34; N/A ;N/A;0;39;0;39;0;39;39;0;0;0;0;0;0;0;0;0;0;0;0;Est_Gen_Zona/D_Nudo;Est_Gen_Zona/D_Nudo;Est_Alm_Zona/D_Nudo;Est_Alm_Zona/D_Nudo;#¡VALOR!;;0;0;0;0;0;0;;0;0;0;0;0;0;0;0;0;0;0;0;0;0;;;;;;;;;;;;;;;;;
ALARCOS 220;50010;Castilla-La Mancha;;1;4;;207; N/A ;  ;207;485;N/A;214;587;N/A;315;1.270; N/A ;N/A;998;272;9;0;262;262;272;0;50;0;0;50;50;50;0;214;207;315;207;Est_Gen_Nudo;WSCR_Nudo;Est_Alm_Nudo;WSCR_Nudo;400;;214;207;214;207;315;207;Concurso por resolución SEE. ;0;0;0;0;0;0;0;0;21;21;0;0;21;21;Concurso;;;;;;;;;;;;;;;;
ALBAL 220;50011;Comunidad Valenciana;;;2;;647; N/A ;  ;647;249;N/A;246;311;N/A;308;796; N/A ;N/A;793;3;3;0;0;0;3;0;17;0;0;17;17;8;9;246;246;308;308;Est_Gen_Nudo;Est_Gen_Nudo;Est_Alm_Nudo;Est_Alm_Nudo;0;;0;0;246;246;308;308;Concurso por resolución SEE. ;0;0;0;0;0;0;0;0;25;25;0;0;25;25;Concurso;;;;;;;;;;;;;;;;
ALBARELLOS 220;50012;Galicia;2;;2;;214; N/A ;  ;1;285;E1_SEPE;0;285;E1_SEPE;0;853; D35_SEPE ;N/A;320;296;82;213;0;213;296;0;0;0;0;0;0;0;0;0;0;0;0;Est_Gen_Nudo;Est_Gen_Nudo;Est_Alm_Nudo;Est_Alm_Nudo;800;;0;0;0;0;0;0;;0;0;0;0;0;0;0;0;0;0;0;0;0;0;;;;;;;;;;;;;;;;;
ALBATARREC 220;50013;Cataluña;;1;2;;624; N/A ;  ;324;105;E204_SEPE;0;131;E204_SEPE;0;820; N/A ;N/A;508;312;0;300;12;312;312;0;0;0;0;0;0;0;0;0;0;0;0;Est_Gen_Nudo/Est_Gen_Zona;Est_Gen_Nudo/Est_Gen_Zona;Est_Alm_Nudo/Est_Alm_Zona;Est_Alm_Nudo/Est_Alm_Zona;400;;0;0;0;0;0;0;;0;0;0;0;0;0;0;0;0;0;0;0;0;0;Concurso;;;;;;;;;;;;;;;;
ALCIRA 220;50014;Comunidad Valenciana;;;3;;122; N/A ;  ;114;1.112;E240_SEPE;1.020;1.250;E240_SEPE;1.164;322; D39_SEPE ;N/A;226;87;29;7;51;58;87;0;167;0;0;167;167;38;129;226;114;226;114;D_Zona;WSCR_Nudo;D_Zona;WSCR_Nudo;0;;0;0;226;114;226;114;Concurso por resolución SEE. Margen zonal reservado concurso por resolución SEE/posible concurso/NTJ. ;0;0;0;0;0;0;0;0;23;11;0;0;23;11;Concurso;;;;;;;;;;;;;;;;
ALCOBENDAS 220;50015;Comunidad de Madrid;;;3;;394; N/A ;  ;394;802;N/A;802;852;N/A;852;763; N/A ;N/A;763;0;0;0;0;0;0;0;0;0;0;0;0;0;0;763;394;763;394;D_Nudo;WSCR_Nudo;D_Nudo;WSCR_Nudo;0;;0;0;763;394;763;394;Concurso por resolución SEE. ;0;0;0;0;0;0;0;0;76;39;0;0;76;39;Concurso;;;;;;;;;;;;;;;;
ALCOCERO DE MOLA 220;50016;Castilla y León;2;1;;1;412; N/A ;  ;1;1.027;E178_SEPE;164;1.203;E178_SEPE;611;1.183; N/A ;N/A;756;426;16;410;0;410;426;0;1.418;0;302;1.116;1.418;941;477;164;1;611;1;Est_Gen_Zona;WSCR_Nudo;Est_Alm_Zona;WSCR_Nudo;1.200;;164;1;0;0;447;0;;164;1;164;1;164;1;611;1;0;0;0;0;0;0;;;;;;;;;;;;;;;;;
ALCORES 220;50017;Andalucía;;;4;;418; N/A ;  ;85;935;E298_SEPE, E42_SEPE;0;1.042;E298_SEPE, E42_SEPE;0;2.722; N/A ;1.022;2.047;675;17;333;325;658;670;5;0;0;0;0;0;0;0;0;0;0;0;Est_Gen_Zona;Est_Gen_Zona;Est_Alm_Zona;Est_Alm_Zona;0;;0;0;0;0;0;0;;0;0;0;0;0;0;0;0;0;0;0;0;0;0;;;;;;;;;;;;;;;;;
ALCUDIA BALEARES 66;50018;Islas Baleares;;;3;;57; N/A ; Riesgo interacciones ;7;157;N/A;115;165;N/A;115;220; N/A ;N/A;170;50;0;50;0;50;0;50;0;0;0;0;0;0;0;115;7;115;7;Est_Gen_Nudo;WSCR_Nudo;Est_Alm_Nudo;WSCR_Nudo;#¡VALOR!;;115;7;0;0;0;0;;0;0;115;7;0;0;115;7;0;0;0;0;0;0;;;;;;;;;;;;;;;;;
ALDAIA 220;50019;Comunidad Valenciana;;1;3;;584; N/A ;  ;569;365;E185_SEPE;332;438;E185_SEPE;381;869; N/A ;N/A;849;20;2;15;4;18;15;5;10;0;0;10;10;0;10;332;332;381;381;Est_Gen_Zona;Est_Gen_Zona;Est_Alm_Zona;Est_Alm_Zona;400;;332;332;332;332;381;381;Concurso por resolución SEE. Margen zonal reservado concurso por resolución SEE/posible concurso/NTJ. ;0;0;0;0;0;0;0;0;33;33;0;0;33;33;Concurso;;;;;;;;;;;;;;;;
ALDEA BLANCA 66;50020;Canarias;1;;2;;94; N/A ;  ;13;135;E08_SEC;0;146;E08_SEC;0;10; N/A ;N/A;0;92;1;80;10;91;92;0;1;1;0;0;0;1;0;0;0;0;0;Est_Gen_Zona/D_Nudo;Est_Gen_Zona/D_Nudo;Est_Alm_Zona/D_Nudo;Est_Alm_Zona/D_Nudo;#¡VALOR!;;0;0;0;0;0;0;;0;0;0;0;0;0;0;0;0;0;0;0;0;0;;;;;;;;;;;;;;;;;
ALDEADAVILA 400;50021;Castilla y León;2;;;;1.209; N/A ;  ;1.209;1.481;E77_SEPE;748;2.255;E77_SEPE;1.094;0; N/A ;N/A;0;428;428;0;0;0;0;428;0;0;0;0;0;0;0;0;0;0;0;D_Nudo;D_Nudo;D_Nudo;D_Nudo;1.200;;0;0;0;0;0;0;;0;0;0;0;0;0;0;0;0;0;0;0;0;0;;;;;;;;;;;;;;;;;
ALDEADAVILA 220;50021;Castilla y León;6;;;;860; N/A ;  ;860;1.481;E77_SEPE;748;2.162;E77_SEPE;1.094;231; N/A ;N/A;0;733;733;0;0;0;733;0;0;0;0;0;0;0;0;0;0;0;0;D_Nudo;D_Nudo;D_Nudo;D_Nudo;2.400;;0;0;0;0;0;0;;0;0;0;0;0;0;0;0;0;0;0;0;0;0;;;;;;;;;;;;;;;;;
ALGECIRAS 220;50022;Andalucía;2;;3;;0; N/A ;  ;0;1.417;E350_SEPE;442;1.492;E350_SEPE;517;1.185; D91_SEPE ;N/A;210;975;975;0;0;0;975;0;20;0;20;0;20;20;0;210;0;210;0;D_Nudo;WSCR_Nudo;D_Nudo;WSCR_Nudo;800;SI;0;0;210;0;210;0;Concurso por resolución SEE. Limitación de capacidad por posición;0;0;0;0;0;0;0;0;21;0;0;0;21;0;Concurso;;;;;;;;;;;;;;;;
ALGECIRAS 132;50022;Andalucía;;;;;44; N/A ;  ;44;271;E349_SEPE, E350_SEPE;271;271;E349_SEPE, E350_SEPE;271;271; D91_SEPE ;271;210;0;0;0;0;0;0;0;0;0;0;0;0;0;0;210;44;210;44;D_Zona;WSCR_Nudo;D_Zona;WSCR_Nudo;#¡VALOR!;;0;0;210;44;210;44;Sin posibilidad de conexión. Margen zonal reservado concurso por resolución SEE/posible concurso/NTJ. ;0;0;0;0;0;0;0;0;0;0;0;0;0;0;;;;;;;;;;;;;;;;;
ALGETE 220;50023;Comunidad de Madrid;;1;1;;429; N/A ;  ;429;747;N/A;747;810;N/A;810;903; N/A ;N/A;903;0;0;0;0;0;0;0;90;0;50;40;90;90;0;747;429;810;429;Est_Gen_Nudo;WSCR_Nudo;Est_Alm_Nudo;WSCR_Nudo;400;;400;400;747;429;810;429;Concurso por resolución SEE. ;0;0;0;0;0;0;0;0;75;43;0;0;75;43;Concurso;;;;;;;;;;;;;;;;
ALHAURIN 220;50024;Andalucía;;1;3;;475; N/A ;  ;448;576;N/A;188;624;N/A;188;1.216; N/A ;N/A;780;435;58;27;351;378;162;273;30;0;0;30;30;30;0;188;188;188;188;Est_Gen_Nudo;Est_Gen_Nudo;Est_Alm_Nudo;Est_Alm_Nudo;400;;188;188;188;188;188;188;Concurso por resolución SEE. ;0;0;0;0;0;0;0;0;13;13;0;0;13;13;Concurso;;;;;;;;;;;;;;;;
ALI 220;50025;País Vasco;;;2;1;261; N/A ;  ;261;952;E335_SEPE;899;952;E335_SEPE;952;946; N/A ;N/A;946;0;0;0;0;0;0;0;88;0;0;88;88;88;0;899;261;946;261;Est_Gen_Zona;WSCR_Nudo;D_Nudo;WSCR_Nudo;0;;0;0;899;261;946;261;Concurso por resolución SEE. Margen zonal reservado concurso por resolución SEE/posible concurso/NTJ. ;0;0;0;0;0;0;0;0;90;26;0;0;90;26;Concurso;;;;;;;;;;;;;;;;
ALJARAFE 220;50026;Andalucía;;;2;;574; N/A ;  ;487;692;N/A;469;749;N/A;526;2.029; N/A ;1.015;1.807;223;0;87;136;223;223;0;14;0;0;14;14;14;0;469;469;526;487;Est_Gen_Nudo;Est_Gen_Nudo;Est_Alm_Nudo;WSCR_Nudo;0;;0;0;469;469;526;487;Concurso por resolución SEE. ;0;0;0;0;0;0;0;0;47;47;0;0;47;47;Concurso;;;;;;;;;;;;;;;;
ALMADEN 400;51411;Castilla-La Mancha;;;;;533; N/A ;  ;533;763;N/A;763;1.014;N/A;1.014;2.965; N/A ;1.265;2.965;0;0;0;0;0;0;0;0;0;0;0;0;0;0;763;533;1.014;533;Est_Gen_Nudo;WSCR_Nudo;Est_Alm_Nudo;WSCR_Nudo;0;;0;0;763;533;1.014;533;Sin posibilidad de conexión. ;0;0;0;0;0;0;0;0;0;0;0;0;0;0;;;;;;;;;;;;;;;;;
ALMARAZ CN 400;50027;Extremadura;2;1;;;2.036; N/A ;  ;1.154;3.146;E112_SEPE;308;3.784;E112_SEPE;946;0; N/A ;0;0;2.838;1.956;882;0;882;2.838;0;0;0;0;0;0;0;0;0;0;0;0;D_Nudo;D_Nudo;D_Nudo;D_Nudo;1.800;SI;0;0;0;0;0;0;;0;0;0;0;0;0;0;0;0;0;0;0;0;0;;;;;;;;;;;;;;;;;
ALMARAZ CN 220;50027;Extremadura;;;;;507; N/A ;  ;507;1.232;E112_SEPE;308;1.394;E112_SEPE;946;2.720; N/A ;1.020;2.720;0;0;0;0;0;0;0;0;0;0;0;0;0;0;308;308;946;507;Est_Gen_Zona;Est_Gen_Zona;Est_Alm_Zona;WSCR_Nudo;0;;0;0;308;308;946;507;Sin posibilidad de conexión. ;0;0;0;0;0;0;0;0;0;0;0;0;0;0;;;;;;;;;;;;;;;;;
ALMARAZ E.T. 220;50028;Extremadura;3;1;2;;798; N/A ;  ;218;1.549;E16_SEPE;240;1.564;E16_SEPE;240;1.060; D30_SEPE ;N/A;0;760;164;580;16;596;760;0;0;0;0;0;0;0;0;0;0;0;0;D_Zona;D_Zona;D_Zona;D_Zona;1.600;;0;0;0;0;0;0;;0;0;0;0;0;0;0;0;0;0;0;0;0;0;;;;;;;;;;;;;;;;;
ALMAZAN 400;50029;Castilla y León;1;;1;;446; N/A ;  ;98;1.679;E260_SEPE;1.140;1.914;E260_SEPE;1.375;1.291; N/A ;1.291;752;539;69;348;123;471;539;0;0;0;0;0;0;0;0;752;98;752;98;D_Nudo;WSCR_Nudo;D_Nudo;WSCR_Nudo;600;;202;98;752;98;752;98;Concurso por resolución SEE. ;0;0;0;0;0;0;0;0;75;10;0;0;75;10;Concurso;;;;;;;;;;;;;;;;
ALMENDRALES 400;51416;Aragón;2;3;;;692; N/A ;  ;478;2.121;N/A;1.906;2.301;N/A;2.086;1.583; N/A ;528;1.368;215;0;215;0;215;215;0;0;0;0;0;0;0;0;1.368;478;1.368;478;D_Nudo;WSCR_Nudo;D_Nudo;WSCR_Nudo;3.000;;1.368;478;1.368;478;1.368;478;Concurso por resolución SEE. ;0;0;0;0;0;0;0;0;137;48;0;0;137;48;Concurso;;;;;;;;;;;;;;;;
ALMODOVAR DEL RIO 220;50030;Andalucía;;1;;;396; N/A ;  ;156;369;E285_SEPE;0;580;E285_SEPE;0;1.240; N/A ;N/A;966;274;34;240;0;240;218;56;0;0;0;0;0;0;0;0;0;0;0;Est_Gen_Zona;Est_Gen_Zona;Est_Alm_Zona;Est_Alm_Zona;400;;0;0;0;0;0;0;;0;0;0;0;0;0;0;0;0;0;0;0;0;0;;;;;;;;;;;;;;;;;
AYALA (ALONSOTEGUI) 220;50031;País Vasco;;;1;;516; N/A ;  ;516;331;E9_SEPE;227;344;E9_SEPE;240;947; D48_SEPE ;N/A;843;104;104;0;0;0;104;0;0;0;0;0;0;0;0;227;227;240;240;Est_Gen_Nudo;Est_Gen_Nudo;Est_Alm_Nudo;Est_Alm_Nudo;0;;0;0;227;227;240;240;Concurso por resolución SEE. Margen zonal reservado concurso por resolución SEE/posible concurso/NTJ. ;0;0;0;0;0;0;0;0;22;22;0;0;22;22;Concurso;;;;;;;;;;;;;;;;
ALVARADO 220;50032;Extremadura;1;;3;;340; N/A ;  ;156;825;E348_SEPE;0;889;E348_SEPE;0;1.223; N/A ;N/A;827;396;100;184;112;296;374;22;20;0;20;0;20;20;0;0;0;0;0;Est_Gen_Zona;Est_Gen_Zona;Est_Alm_Zona;Est_Alm_Zona;400;;0;0;0;0;0;0;;0;0;0;0;0;0;0;0;0;0;0;0;0;0;;;;;;;;;;;;;;;;;
AMOEIRO 220;50033;Galicia;;;;;341; N/A ;  ;341;202;E173_SEPE;202;257;E173_SEPE;257;1.272; N/A ;N/A;1.272;0;0;0;0;0;0;0;0;0;0;0;0;0;0;202;202;257;257;Est_Gen_Nudo;Est_Gen_Nudo;Est_Alm_Nudo;Est_Alm_Nudo;0;;0;0;202;202;257;257;Sin posibilidad de conexión. ;0;0;0;0;0;0;0;0;0;0;0;0;0;0;;;;;;;;;;;;;;;;;
AMOREBIETA 400;50034;País Vasco;3;;;;835; N/A ; Riesgo interacciones ;835;2.171;N/A;1.385;2.275;N/A;1.488;2.596; N/A ;896;1.809;786;786;0;0;0;786;0;0;0;0;0;0;0;0;1.385;835;1.488;835;Est_Gen_Nudo;WSCR_Nudo;Est_Alm_Nudo;WSCR_Nudo;1.800;;1.014;835;1.385;835;1.488;835;Concurso por resolución SEE. ;0;0;0;0;0;0;0;0;138;84;0;0;138;84;Concurso;;;;;;;;;;;;;;;;
ANCHUELO 400;50035;Comunidad de Madrid;;1;;;586; N/A ;  ;174;1.364;E121_SEPE;836;1.572;E121_SEPE;1.044;731; D61_SEPE ;731;0;413;0;413;0;413;413;0;0;0;0;0;0;0;0;0;0;0;0;D_Zona;D_Zona;D_Zona;D_Zona;600;;0;0;0;0;0;0;;0;0;0;0;0;0;0;0;0;0;0;0;0;0;;;;;;;;;;;;;;;;;
ANCHUELO 220;50035;Comunidad de Madrid;;1;;;137; N/A ;  ;21;638;E121_SEPE, E275_SEPE;295;643;E121_SEPE, E275_SEPE;301;731; D61_SEPE ;N/A;0;116;0;116;0;116;116;0;52;0;52;0;52;52;0;0;0;0;0;D_Zona;D_Zona;D_Zona;D_Zona;400;;0;0;0;0;0;0;;0;0;0;0;0;0;0;0;0;0;0;0;0;0;Concurso;;;;;;;;;;;;;;;;
ANDRATX 66;50036;Islas Baleares;;;3;;108; N/A ; Riesgo interacciones ;35;91;N/A;33;106;N/A;33;220; N/A ;N/A;146;74;0;74;0;74;0;74;0;0;0;0;0;0;0;33;33;33;33;Est_Gen_Nudo;Est_Gen_Nudo;Est_Alm_Nudo;Est_Alm_Nudo;#¡VALOR!;;33;33;0;0;0;0;;0;0;33;33;0;0;33;33;0;0;0;0;0;0;;;;;;;;;;;;;;;;;
ANDUJAR 220;50037;Andalucía;;1;3;;609; N/A ;  ;469;1.252;N/A;554;1.573;N/A;875;1.142; N/A ;N/A;444;698;429;139;129;268;698;0;0;0;0;0;0;0;0;444;444;444;444;D_Nudo;D_Nudo;D_Nudo;D_Nudo;400;;261;261;444;444;444;444;Concurso por resolución SEE. ;0;0;0;0;0;0;0;0;44;44;0;0;44;44;Concurso;;;;;;;;;;;;;;;;
ANOIA 220;50038;Cataluña;;1;2;;197; N/A ;  ;63;246;N/A;89;281;N/A;125;1.178; N/A ;N/A;1.021;157;19;134;4;138;157;0;0;0;0;0;0;0;0;89;63;125;63;Est_Gen_Nudo;WSCR_Nudo;Est_Alm_Nudo;WSCR_Nudo;400;;89;63;89;63;125;63;Concurso por resolución SEE. ;0;0;0;0;0;0;0;0;8;6;0;0;8;6;Concurso;;;;;;;;;;;;;;;;
ANTAS 400;51369;Andalucía;;1;;;781; N/A ;  ;503;2.713;N/A;2.434;3.282;N/A;3.004;388; N/A ;388;110;278;0;278;0;278;278;0;0;0;0;0;0;0;0;110;110;110;110;D_Nudo;D_Nudo;D_Nudo;D_Nudo;600;;110;110;110;110;110;110;Concurso por resolución SEE. ;0;0;0;0;0;0;0;0;11;11;0;0;11;11;Concurso;;;;;;;;;;;;;;;;
ANTONIO LEYVA 220;50039;Comunidad de Madrid;;;3;;901; N/A ;  ;901;729;E199_SEPE;729;820;E199_SEPE;820;710; N/A ;N/A;710;0;0;0;0;0;0;0;0;0;0;0;0;0;0;710;710;710;710;D_Nudo;D_Nudo;D_Nudo;D_Nudo;0;;0;0;0;0;0;0;;0;0;710;710;0;0;710;710;0;0;0;0;0;0;;;;;;;;;;;;;;;;;
AÑOVER 220;50040;Castilla-La Mancha;;;;;610; N/A ;  ;610;806;N/A;806;869;N/A;869;929; N/A ;N/A;929;0;0;0;0;0;0;0;0;0;0;0;0;0;0;806;610;869;610;Est_Gen_Nudo;WSCR_Nudo;Est_Alm_Nudo;WSCR_Nudo;0;;0;0;806;610;869;610;Sin posibilidad de conexión. ;0;0;0;0;0;0;0;0;0;0;0;0;0;0;;;;;;;;;;;;;;;;;
APARECIDA 400;50041;Castilla y León;2;;;;487; N/A ;  ;245;3.291;N/A;3.049;3.843;N/A;3.600;876; N/A ;876;634;242;0;242;0;242;242;0;0;0;0;0;0;0;0;634;245;634;245;D_Nudo;WSCR_Nudo;D_Nudo;WSCR_Nudo;1.200;;634;245;634;245;634;245;Concurso por resolución SEE. ;0;0;0;0;0;0;0;0;63;25;0;0;63;25;Concurso;;;;;;;;;;;;;;;;
AQUA 220;50704;Comunidad Valenciana;;;4;;633; N/A ;  ;633;786;E184_SEPE, E340_SEPE;764;803;E184_SEPE, E340_SEPE;764;816; N/A ;N/A;777;39;6;0;33;33;6;33;135;0;0;135;135;0;135;764;633;764;633;Est_Gen_Nudo;WSCR_Nudo;Est_Alm_Nudo;WSCR_Nudo;0;;0;0;445;313;353;221;Margen zonal reservado concurso por resolución SEE/posible concurso/NTJ. ;0;0;320;320;0;0;412;412;0;0;0;0;0;0;;;;;;;;;;;;;;;;;
ARAGON 400;50042;Aragón;3;;;;2.098; N/A ;  ;257;2.160;N/A;239;3.549;N/A;1.628;280; N/A ;N/A;0;1.922;80;1.842;0;1.842;1.922;0;0;0;0;0;0;0;0;0;0;0;0;D_Nudo;D_Nudo;D_Nudo;D_Nudo;1.800;SI;0;0;0;0;0;0;;0;0;0;0;0;0;0;0;0;0;0;0;0;0;;;;;;;;;;;;;;;;;
ARAÑUELO 400;50043;Extremadura;1;;;;341; N/A ;  ;0;3.780;N/A;3.304;4.851;N/A;4.375;181; N/A ;181;0;476;0;476;0;476;476;0;166;0;166;0;166;166;0;0;0;0;0;D_Nudo;WSCR_Nudo/D_Nudo;D_Nudo;WSCR_Nudo/D_Nudo;600;;0;0;0;0;0;0;;0;0;0;0;0;0;0;0;0;0;0;0;0;0;;;;;;;;;;;;;;;;;
ARAVACA 220;50044;Comunidad de Madrid;;;3;;812; N/A ;  ;812;748;N/A;748;819;N/A;789;731; N/A ;N/A;701;30;0;0;30;30;0;30;0;0;0;0;0;0;0;701;701;701;701;D_Nudo;D_Nudo;D_Nudo;D_Nudo;0;;0;0;0;0;0;0;;0;0;701;701;0;0;701;701;0;0;0;0;0;0;;;;;;;;;;;;;;;;;
ARBILLERA 400;50705;Castilla y León;;1;;;589; N/A ;  ;589;2.034;E80_SEPE;1.841;2.212;E80_SEPE;2.019;909; N/A ;909;909;0;0;0;0;0;0;0;0;0;0;0;0;0;0;909;589;909;589;D_Nudo;WSCR_Nudo;D_Nudo;WSCR_Nudo;600;;600;589;909;589;909;589;Concurso por resolución SEE. Margen zonal reservado concurso por resolución SEE/posible concurso/NTJ. ;0;0;0;0;0;0;0;0;91;59;0;0;91;59;Concurso;;;;;;;;;;;;;;;;
ARBILLERA 220;50705;Castilla y León;;1;;;476; N/A ;  ;283;813;E80_SEPE;620;876;E80_SEPE;683;1.240; N/A ;N/A;1.046;193;0;193;0;193;193;0;0;0;0;0;0;0;0;620;283;683;283;Est_Gen_Nudo;WSCR_Nudo;Est_Alm_Nudo;WSCR_Nudo;400;;207;207;620;283;683;283;Concurso por resolución SEE. Margen zonal reservado concurso por resolución SEE/posible concurso/NTJ. ;0;0;0;0;0;0;0;0;62;28;0;0;62;28;Concurso;;;;;;;;;;;;;;;;
ARCHIDONA 400;50045;Andalucía;;1;;;750; N/A ;  ;437;2.164;E308_SEPE;1.703;2.371;E308_SEPE;2.010;800; N/A ;800;487;313;0;313;0;313;313;0;48;0;48;0;48;48;0;487;437;487;437;D_Nudo;WSCR_Nudo;D_Nudo;WSCR_Nudo;600;;287;287;487;437;487;437;Concurso por resolución SEE. Margen zonal reservado concurso por resolución SEE/posible concurso/NTJ. ;0;0;0;0;0;0;0;0;49;44;0;0;49;44;Concurso;;;;;;;;;;;;;;;;
ARCOS DE LA FRONTERA 400;50046;Andalucía;6;;;;1.414; N/A ;  ;177;3.445;N/A;912;4.527;N/A;1.995;2.704; N/A ;770;172;2.532;1.296;1.236;0;1.236;2.532;0;762;373;389;0;389;762;0;172;172;172;172;D_Nudo;D_Nudo;D_Nudo;D_Nudo;3.600;;172;172;172;172;172;172;Concurso por resolución SEE. ;0;0;0;0;0;0;0;0;17;17;0;0;17;17;Concurso;;;;;;;;;;;;;;;;
ARDOZ 220;50047;Comunidad de Madrid;;1;4;;913; N/A ;  ;544;695;N/A;326;771;N/A;402;773; N/A ;N/A;403;369;0;369;0;369;369;0;69;0;0;69;69;69;0;326;326;402;402;Est_Gen_Nudo;Est_Gen_Nudo;Est_Alm_Nudo;Est_Alm_Nudo;400;;37;37;326;326;402;402;Concurso por resolución SEE. ;0;0;0;0;0;0;0;0;33;33;0;0;33;33;Concurso;;;;;;;;;;;;;;;;
ARENAL 66;50048;Islas Baleares;;;3;;145; N/A ; Riesgo interacciones ;89;167;N/A;91;219;N/A;142;220; N/A ;N/A;143;83;7;56;21;76;83;0;0;0;0;0;0;0;0;91;89;142;89;Est_Gen_Nudo;WSCR_Nudo;Est_Alm_Nudo;WSCR_Nudo;#¡VALOR!;;91;89;0;0;0;0;;0;0;91;89;0;0;142;89;0;0;0;0;0;0;;;;;;;;;;;;;;;;;
ARENAS DE SAN JUAN 220;50049;Castilla-La Mancha;2;1;;;751; N/A ;  ;0;1.000;E210_SEPE;113;1.089;E210_SEPE;273;1.261; N/A ;N/A;445;816;0;816;0;816;795;20;920;0;920;0;920;751;170;113;0;273;0;Est_Gen_Zona;WSCR_Nudo;Est_Alm_Nudo;WSCR_Nudo;1.200;;0;0;113;0;273;0;Margen zonal reservado concurso por resolución SEE/posible concurso/NTJ. ;0;0;0;0;0;0;0;0;0;0;0;0;0;0;;;;;;;;;;;;;;;;;
ARGANDA 220;50050;Comunidad de Madrid;;1;3;;794; N/A ;  ;436;565;E215_SEPE;0;614;E215_SEPE;14;865; N/A ;N/A;461;404;0;359;45;404;364;40;0;0;0;0;0;0;0;0;0;14;14;Est_Gen_Zona;Est_Gen_Zona;Est_Alm_Zona;Est_Alm_Zona;400;;0;0;0;0;0;0;;0;0;0;0;0;0;14;14;0;0;0;0;0;0;;;;;;;;;;;;;;;;;
ARGANZUELA 220;50051;Comunidad de Madrid;;;3;;912; N/A ;  ;912;720;E199_SEPE;720;785;E199_SEPE;785;707; N/A ;N/A;707;0;0;0;0;0;0;0;0;0;0;0;0;0;0;707;707;707;707;D_Nudo;D_Nudo;D_Nudo;D_Nudo;0;;0;0;0;0;0;0;;0;0;707;707;0;0;707;707;0;0;0;0;0;0;;;;;;;;;;;;;;;;;
ARGUINEGUIN 66;50052;Canarias;;;3;;30; N/A ; Superación valor máx Icc ;19;65;E07_SEC;42;67;E07_SEC;42;61; N/A ;N/A;35;26;1;11;15;26;15;11;0;0;0;0;0;0;0;35;19;35;19;D_Nudo;WSCR_Nudo;D_Nudo;WSCR_Nudo;#¡VALOR!;;35;19;0;0;0;0;;0;0;35;19;0;0;35;19;0;0;0;0;0;0;;;;;;;;;;;;;;;;;
ARICO2 66;50053;Canarias;2;;2;;54; N/A ;  ;0;143;E10_SEC;0;218;E10_SEC;0;0; N/A ;N/A;0;84;0;72;12;84;84;0;0;0;0;0;0;0;0;0;0;0;0;Est_Gen_Zona/D_Nudo;WSCR_Nudo/Est_Gen_Zona/D_Nudo;Est_Alm_Zona/D_Nudo;WSCR_Nudo/Est_Alm_Zona/D_Nudo;#¡VALOR!;;0;0;0;0;0;0;;0;0;0;0;0;0;0;0;0;0;0;0;0;0;;;;;;;;;;;;;;;;;
ARINAGA 66;50706;Canarias;1;;;1;62; N/A ;  ;16;221;E08_SEC;0;229;E08_SEC;0;0; N/A ;N/A;0;46;0;46;0;46;46;0;0;0;0;0;0;0;0;0;0;0;0;Est_Gen_Zona/D_Nudo;Est_Gen_Zona/D_Nudo;Est_Alm_Zona/D_Nudo;Est_Alm_Zona/D_Nudo;#¡VALOR!;;0;0;0;0;0;0;;0;0;0;0;0;0;0;0;0;0;0;0;0;0;;;;;;;;;;;;;;;;;
ARKALE 220;50054;País Vasco;;;1;;226; N/A ;  ;226;1.152;E10_SEPE;841;1.152;E10_SEPE;849;1.215; N/A ;N/A;912;303;4;0;300;300;253;50;0;0;0;0;0;0;0;841;226;849;226;Est_Gen_Zona;WSCR_Nudo;Est_Alm_Nudo;WSCR_Nudo;0;;0;0;841;226;849;226;Concurso por resolución SEE. ;0;0;0;0;0;0;0;0;84;23;0;0;84;23;Concurso;;;;;;;;;;;;;;;;
ARONA 66;50055;Canarias;;;2;;91; N/A ;  ;58;156;N/A;122;168;N/A;122;60; N/A ;N/A;14;96;50;33;13;46;68;28;0;0;0;0;0;0;0;14;14;14;14;D_Nudo;D_Nudo;D_Nudo;D_Nudo;#¡VALOR!;;14;14;0;0;0;0;;0;0;14;14;0;0;14;14;0;0;0;0;0;0;;;;;;;;;;;;;;;;;
ARRIGORRIAGA 400;51448;País Vasco;;;;;537; N/A ;  ;537;2.495;N/A;2.495;2.705;N/A;2.705;2.568; N/A ;868;2.568;0;0;0;0;0;0;0;0;0;0;0;0;0;0;2.495;537;2.568;537;Est_Gen_Nudo;WSCR_Nudo;D_Nudo;WSCR_Nudo;0;;0;0;2.495;537;2.568;537;Sin posibilidad de conexión. ;0;0;0;0;0;0;0;0;0;0;0;0;0;0;;;;;;;;;;;;;;;;;
ARROYO DE LA VEGA 220;50056;Comunidad de Madrid;;1;3;;857; N/A ;  ;605;837;N/A;586;864;N/A;612;763; N/A ;N/A;512;252;0;252;0;252;252;0;0;0;0;0;0;0;0;512;512;512;512;D_Nudo;D_Nudo;D_Nudo;D_Nudo;400;;150;150;512;512;512;512;Concurso por resolución SEE. ;0;0;0;0;0;0;0;0;51;51;0;0;51;51;Concurso;;;;;;;;;;;;;;;;
ARROYO VALLE 220;50057;Andalucía;;;;;193; N/A ;  ;193;471;E191_SEPE;471;498;E191_SEPE;498;1.261; N/A ;N/A;1.261;0;0;0;0;0;0;0;0;0;0;0;0;0;0;471;193;498;193;Est_Gen_Nudo;WSCR_Nudo;Est_Alm_Nudo;WSCR_Nudo;0;;0;0;471;193;498;193;Sin posibilidad de conexión. ;0;0;0;0;0;0;0;0;0;0;0;0;0;0;;;;;;;;;;;;;;;;;
ARTA 66;50058;Islas Baleares;;;3;;15; N/A ;  ;0;100;E15_SEB;53;113;E15_SEB;61;228; D3_SEB ;N/A;49;29;0;15;15;29;26;4;0;0;0;0;0;0;0;49;0;49;0;D_Zona;WSCR_Nudo;D_Zona;WSCR_Nudo;#¡VALOR!;;49;0;0;0;0;0;;0;0;49;0;0;0;49;0;0;0;0;0;0;0;;;;;;;;;;;;;;;;;
ARUCAS 66;50059;Canarias;;;2;;70; N/A ;  ;70;141;N/A;140;145;N/A;144;0; N/A ;N/A;0;1;0;0;1;1;1;0;0;0;0;0;0;0;0;0;0;0;0;D_Nudo;D_Nudo;D_Nudo;D_Nudo;#¡VALOR!;;0;0;0;0;0;0;;0;0;0;0;0;0;0;0;0;0;0;0;0;0;;;;;;;;;;;;;;;;;
ASCÓ 400;50060;Cataluña;4;1;2;;1.037; N/A ;  ;488;3.878;N/A;1.249;4.946;N/A;2.318;531; N/A ;N/A;0;2.628;1.975;549;104;653;2.628;0;0;0;0;0;0;0;0;0;0;0;0;D_Nudo;D_Nudo;D_Nudo;D_Nudo;3.000;;0;0;0;0;0;0;;0;0;0;0;0;0;0;0;0;0;0;0;0;0;;;;;;;;;;;;;;;;;
ASCÓ 220;50060;Cataluña;;;1;;28; N/A ;  ;28;348;N/A;348;390;N/A;390;1.033; D20_SEPE ;N/A;690;0;0;0;0;0;0;0;30;0;0;30;30;30;0;348;28;390;28;Est_Gen_Nudo;WSCR_Nudo;Est_Alm_Nudo;WSCR_Nudo;0;;0;0;0;0;0;0;;0;0;348;28;0;0;390;28;0;0;0;0;0;0;;;;;;;;;;;;;;;;;
ASOMADA 400;50061;Región de Murcia;;;2;;704; N/A ;  ;689;1.937;N/A;1.111;2.226;N/A;1.401;434; N/A ;N/A;0;826;115;15;695;710;826;0;0;0;0;0;0;0;0;0;0;0;0;D_Nudo;D_Nudo;D_Nudo;D_Nudo;0;;0;0;0;0;0;0;;0;0;0;0;0;0;0;0;0;0;0;0;0;0;;;;;;;;;;;;;;;;;
ASTILLERO 220;50062;Cantabria;1;;2;;253; N/A ;  ;208;1.192;E228_SEPE;523;1.227;E228_SEPE;523;1.205; N/A ;N/A;501;704;98;45;561;606;543;160;0;0;0;0;0;0;0;501;208;501;208;D_Nudo;WSCR_Nudo;D_Nudo;WSCR_Nudo;400;SI;0;0;501;208;501;208;Margen zonal reservado concurso por resolución SEE/posible concurso/NTJ. Limitación de capacidad por posición;0;0;0;0;0;0;0;0;0;0;0;0;0;0;;;;;;;;;;;;;;;;;
ATARFE 220;50063;Andalucía;;1;3;;552; N/A ;  ;357;757;N/A;391;834;N/A;468;906; N/A ;N/A;540;366;79;194;93;287;366;0;131;0;8;123;131;131;0;391;357;468;357;Est_Gen_Nudo;WSCR_Nudo;Est_Alm_Nudo;WSCR_Nudo;400;;221;221;391;357;468;357;Concurso por resolución SEE. ;0;0;0;0;0;0;0;0;39;36;0;0;39;36;Concurso;;;;;;;;;;;;;;;;
ATIOS 220;50064;Galicia;;1;4;;266; N/A ;  ;247;680;E280_SEPE;43;699;E280_SEPE;45;1.169; N/A ;N/A;977;192;17;19;156;175;164;28;115;0;0;115;115;115;0;43;43;45;45;Est_Gen_Zona;Est_Gen_Zona;Est_Alm_Zona;Est_Alm_Zona;400;;0;0;43;43;45;45;Margen zonal reservado concurso por resolución SEE/posible concurso/NTJ. ;0;0;0;0;0;0;0;0;0;0;0;0;0;0;;;;;;;;;;;;;;;;;
AVE ZARAGOZA 220;50065;Aragón;1;;;;383; N/A ;  ;0;525;N/A;15;568;N/A;58;1.194; N/A ;N/A;683;511;0;511;0;511;511;0;228;0;213;15;228;100;128;15;0;58;0;Est_Gen_Nudo;WSCR_Nudo;Est_Alm_Nudo;WSCR_Nudo;400;SI;0;0;15;0;58;0;Limitación de capacidad por posición;0;0;0;0;0;0;0;0;0;0;0;0;0;0;;;;;;;;;;;;;;;;;
AYALA 220;50066;País Vasco;;;1;;424; N/A ;  ;424;655;N/A;598;715;N/A;635;1.045; N/A ;N/A;965;80;0;0;80;80;57;23;0;0;0;0;0;0;0;598;424;635;424;Est_Gen_Nudo;WSCR_Nudo;Est_Alm_Nudo;WSCR_Nudo;0;;0;0;0;0;0;0;;0;0;598;424;0;0;635;424;0;0;0;0;0;0;;;;;;;;;;;;;;;;;
AYORA 400;50067;Comunidad Valenciana;1;1;;;1.225; N/A ;  ;197;2.689;N/A;1.662;3.177;N/A;2.150;49; N/A ;24;0;1.027;0;1.027;0;1.027;1.027;0;0;0;0;0;0;0;0;0;0;0;0;D_Nudo;D_Nudo;D_Nudo;D_Nudo;1.200;;0;0;0;0;0;0;;0;0;0;0;0;0;0;0;0;0;0;0;0;0;Concurso;;;;;;;;;;;;;;;;
AZCA 220;UFD-50078;Comunidad de Madrid;;;3;;892; N/A ;  ;892;835;E216_SEPE;835;899;E216_SEPE;899;678; N/A ;N/A;678;0;0;0;0;0;0;0;0;0;0;0;0;0;0;678;678;678;678;D_Nudo;D_Nudo;D_Nudo;D_Nudo;0;;0;0;0;0;0;0;;0;0;678;678;0;0;678;678;0;0;0;0;0;0;;;;;;;;;;;;;;;;;
AZPEITIA 400;50068;País Vasco;;;1;;739; N/A ; Riesgo interacciones ;739;1.853;N/A;1.819;2.018;N/A;1.984;966; N/A ;N/A;931;34;0;0;34;34;34;0;0;0;0;0;0;0;0;931;739;931;739;D_Nudo;WSCR_Nudo;D_Nudo;WSCR_Nudo;0;;0;0;931;739;931;739;Concurso por resolución SEE. ;0;0;0;0;0;0;0;0;93;74;0;0;93;74;Concurso;;;;;;;;;;;;;;;;
BADALONA 220;50070;Cataluña;;;4;;70; N/A ; Superación valor máx Icc ;70;707;E32_SEPE;707;719;E32_SEPE;719;815; D71_SEPE ;N/A;815;0;0;0;0;0;0;0;0;0;0;0;0;0;0;707;70;719;70;Est_Gen_Nudo/Est_Gen_Zona;WSCR_Nudo;Est_Alm_Nudo;WSCR_Nudo;0;;0;0;0;0;0;0;;0;0;707;70;0;0;719;70;0;0;0;0;0;0;;;;;;;;;;;;;;;;;
BALBOA 400;50071;Extremadura;;;;;570; N/A ;  ;570;2.731;E110_SEPE;2.731;2.812;E110_SEPE;2.812;2.097; N/A ;397;2.097;0;0;0;0;0;0;0;0;0;0;0;0;0;0;2.097;570;2.097;570;D_Nudo;WSCR_Nudo;D_Nudo;WSCR_Nudo;0;;0;0;2.097;570;2.097;570;Concurso por resolución SEE. Sin posibilidad de conexión. Margen zonal reservado concurso por resolución SEE/posible concurso/NTJ. ;0;0;0;0;0;0;0;0;210;57;0;0;210;57;Concurso;;;;;;;;;;;;;;;;
BALBOA 220;50071;Extremadura;;;2;;166; N/A ;  ;125;1.021;E110_SEPE;781;1.107;E110_SEPE;867;1.189; N/A ;N/A;949;240;1;40;198;239;240;0;0;0;0;0;0;0;0;781;125;867;125;Est_Gen_Nudo;WSCR_Nudo;Est_Alm_Nudo;WSCR_Nudo;0;;0;0;781;125;867;125;Concurso por resolución SEE. Margen zonal reservado concurso por resolución SEE/posible concurso/NTJ. ;0;0;0;0;0;0;0;0;76;13;0;0;76;13;Concurso;;;;;;;;;;;;;;;;
BALSICAS 220;50072;Región de Murcia;;1;2;;482; N/A ;  ;193;706;N/A;417;851;N/A;562;688; N/A ;N/A;399;289;0;289;0;289;289;0;18;0;0;18;18;18;0;399;193;399;193;D_Nudo;WSCR_Nudo;D_Nudo;WSCR_Nudo;400;;131;131;399;193;399;193;Concurso por resolución SEE. ;0;0;0;0;0;0;0;0;40;19;0;0;40;19;Concurso;;;;;;;;;;;;;;;;
BARATARIA 400;52078;Castilla-La Mancha;;1;;;761; N/A ;  ;761;2.630;E304_SEPE;2.516;2.937;E304_SEPE;2.696;1.262; N/A ;1.262;1.262;0;0;0;0;0;0;0;0;0;0;0;0;0;0;1.262;761;1.262;761;D_Nudo;WSCR_Nudo;D_Nudo;WSCR_Nudo;600;;600;600;1.262;761;1.262;761;Concurso por resolución SEE. Margen zonal reservado concurso por resolución SEE/posible concurso/NTJ. ;0;0;0;0;0;0;0;0;126;76;0;0;126;76;Concurso;;;;;;;;;;;;;;;;
BARCINA 400;50073;Castilla y León;1;1;;;1.398; N/A ;  ;803;2.226;E74_SEPE;1.631;2.590;E74_SEPE;1.844;475; N/A ;475;0;595;0;595;0;595;595;0;150;0;150;0;150;150;0;132;132;132;132;D_Nudo;D_Nudo;D_Nudo;D_Nudo;1.200;;0;0;132;132;132;132;Nudo de Transición Justa. Margen zonal reservado concurso por resolución SEE/posible concurso/NTJ. ;0;0;0;0;0;0;0;0;0;0;0;0;0;0;NTJ;;;;;;;;;;;;;;;;
BARO DE VIVER 220;50074;Cataluña;;;;;95; N/A ;  ;95;501;N/A;501;549;N/A;549;803; N/A ;N/A;803;0;0;0;0;0;0;0;0;0;0;0;0;0;0;501;95;549;95;Est_Gen_Nudo;WSCR_Nudo;Est_Alm_Nudo;WSCR_Nudo;0;;0;0;501;95;549;95;Sin posibilidad de conexión. ;0;0;0;0;0;0;0;0;0;0;0;0;0;0;;;;;;;;;;;;;;;;;
BARRANCO CALDERINA 66;51454;Canarias;;;;;45; N/A ;  ;45;237;N/A;237;246;N/A;246;53; N/A ;N/A;53;0;0;0;0;0;0;0;0;0;0;0;0;0;0;53;45;53;45;D_Nudo;WSCR_Nudo;D_Nudo;WSCR_Nudo;#¡VALOR!;;53;45;53;45;53;45;Sin posibilidad de conexión. ;0;0;0;0;0;0;0;0;0;0;0;0;0;0;;;;;;;;;;;;;;;;;
BARRANCO DE TIRAJANA III 220;50776;Canarias;;1;;;69; N/A ;  ;69;518;N/A;518;527;N/A;527;0; N/A ;N/A;0;0;0;0;0;0;0;0;0;0;0;0;0;0;0;0;0;0;0;D_Nudo;D_Nudo;D_Nudo;D_Nudo;400;;0;0;0;0;0;0;;0;0;0;0;0;0;0;0;0;0;0;0;0;0;;;;;;;;;;;;;;;;;
BARRANCO SECO 66;50075;Canarias;;;2;;61; N/A ;  ;29;173;N/A;139;176;N/A;139;54; N/A ;N/A;17;36;0;32;4;36;4;32;0;0;0;0;0;0;0;17;17;17;17;D_Nudo;D_Nudo;D_Nudo;D_Nudo;#¡VALOR!;;17;17;0;0;0;0;;0;0;17;17;0;0;17;17;0;0;0;0;0;0;;;;;;;;;;;;;;;;;
BARRANCO TIRAJANA 220;50076;Canarias;5;;;;0; W02_SEC_BIN ;  ;0;460;E01_SEC, E33_SEC_BIN;70;470;E01_SEC, E33_SEC_BIN;79;31; D04_SEC_BIN ;N/A;0;609;609;0;0;0;609;0;0;0;0;0;0;0;0;0;0;0;0;D_Nudo/D_Zona;WSCR_Nudo/WSCR_Zona/D_Nudo/D_Zona;D_Nudo/D_Zona;WSCR_Nudo/WSCR_Zona/D_Nudo/D_Zona;2.000;;0;0;0;0;0;0;;0;0;0;0;0;0;0;0;0;0;0;0;0;0;;;;;;;;;;;;;;;;;
BARRANCO TIRAJANA 66;50076;Canarias;1;;;;0; W01_SEC_BIN ;  ;0;212;E02_SEC, E34_SEC_BIN;212;234;E02_SEC, E34_SEC_BIN;234;32; D03_SEC_BIN ;N/A;0;38;38;0;0;0;38;0;0;0;0;0;0;0;0;0;0;0;0;D_Zona;WSCR_Nudo/WSCR_Zona/D_Zona;D_Zona;WSCR_Nudo/WSCR_Zona/D_Zona;#¡VALOR!;;0;0;0;0;0;0;;0;0;0;0;0;0;0;0;0;0;0;0;0;0;;;;;;;;;;;;;;;;;
BARRANCO TIRAJANA (BARRANCO TIRAJANA B) 220;50076;Canarias;3;;;;0; W02_SEC_BIN ;  ;0;733;E02_SEC, E03_SEC, E33_SEC_BIN;389;888;E02_SEC, E03_SEC, E33_SEC_BIN;389;0; D04_SEC_BIN ;N/A;0;0;0;0;0;0;0;0;0;0;0;0;0;0;0;0;0;0;0;D_Nudo/D_Zona;WSCR_Nudo/WSCR_Zona/D_Nudo/D_Zona;D_Nudo/D_Zona;WSCR_Nudo/WSCR_Zona/D_Nudo/D_Zona;1.200;;0;0;0;0;0;0;;0;0;0;0;0;0;0;0;0;0;0;0;0;0;;;;;;;;;;;;;;;;;
BARRANCO TIRAJANA (BARRANCO TIRAJANA B) 66;50076;Canarias;1;;;;0; W01_SEC_BIN ;  ;0;205;E01_SEC, E03_SEC, E34_SEC_BIN;145;247;E01_SEC, E03_SEC, E34_SEC_BIN;159;0; D03_SEC_BIN ;N/A;0;38;38;0;0;0;38;0;0;0;0;0;0;0;0;0;0;0;0;D_Nudo/D_Zona;WSCR_Nudo/WSCR_Zona/D_Nudo/D_Zona;D_Nudo/D_Zona;WSCR_Nudo/WSCR_Zona/D_Nudo/D_Zona;#¡VALOR!;;0;0;0;0;0;0;;0;0;0;0;0;0;0;0;0;0;0;0;0;0;;;;;;;;;;;;;;;;;
BARRUNDIA 220;51418;País Vasco;;1;;2;183; N/A ;  ;110;250;E256_SEPE;34;366;E256_SEPE;34;1.049; D72_SEPE ;N/A;710;73;0;73;0;73;50;23;84;0;84;0;84;50;34;34;34;34;34;Est_Gen_Zona;Est_Gen_Zona;Est_Alm_Zona;Est_Alm_Zona;400;;34;34;0;0;0;0;;34;34;34;34;34;34;34;34;0;0;0;0;0;0;;;;;;;;;;;;;;;;;
BASAURI 220;50077;País Vasco;;;3;;631; N/A ;  ;631;794;N/A;340;864;N/A;340;976; N/A ;N/A;453;523;10;0;514;514;123;401;135;0;0;135;135;135;0;340;340;340;340;Est_Gen_Nudo;Est_Gen_Nudo;Est_Alm_Nudo;Est_Alm_Nudo;0;;0;0;340;340;340;340;Concurso por resolución SEE. ;0;0;0;0;0;0;0;0;34;34;0;0;34;34;Concurso;;;;;;;;;;;;;;;;
BAZA 400;52064;Andalucía;;1;;1;840; N/A ;  ;247;5.438;N/A;4.829;5.438;N/A;4.829;1.216; N/A ;608;607;609;3;593;13;606;609;0;0;0;0;0;0;0;0;607;247;607;247;D_Nudo;WSCR_Nudo;D_Nudo;WSCR_Nudo;600;;7;7;607;247;607;247;Concurso por resolución SEE. ;0;0;0;0;0;0;0;0;62;25;0;0;62;25;Concurso;;;;;;;;;;;;;;;;
BEARIZ 400;50708;Galicia;;1;;;1.162; N/A ;  ;858;2.605;N/A;2.351;2.938;N/A;2.634;509; N/A ;509;205;304;0;304;0;304;254;50;1.038;0;1.038;0;1.038;448;589;205;205;205;205;D_Nudo;D_Nudo;D_Nudo;D_Nudo;600;;205;205;205;205;205;205;Posible concurso. ;0;0;0;0;0;0;0;0;0;0;0;0;0;0;Posible concurso;;;;;;;;;;;;;;;;
BECHI 220;50078;Comunidad Valenciana;;1;3;2;405; N/A ;  ;126;589;E183_SEPE;74;661;E183_SEPE;74;1.093; N/A ;N/A;813;279;0;279;0;279;179;100;151;0;80;71;151;40;111;74;74;74;74;Est_Gen_Zona;Est_Gen_Zona;Est_Alm_Zona;Est_Alm_Zona;400;;74;74;74;74;74;74;Concurso por resolución SEE. Margen zonal reservado concurso por resolución SEE/posible concurso/NTJ. ;0;0;0;0;0;0;0;0;7;7;0;0;7;7;Concurso;;;;;;;;;;;;;;;;
BEGOÑA 220;52082;Comunidad de Madrid;;;;1;164; N/A ;  ;164;543;E276_SEPE;543;547;E276_SEPE;547;760; D42_SEPE ;N/A;317;0;0;0;0;0;0;0;0;0;0;0;0;0;0;317;164;317;164;D_Zona;WSCR_Nudo;D_Zona;WSCR_Nudo;0;;0;0;317;164;317;164;Concurso por resolución SEE. Margen zonal reservado concurso por resolución SEE/posible concurso/NTJ. ;0;0;0;0;0;0;0;0;32;16;0;0;32;16;Concurso;;;;;;;;;;;;;;;;
BEGUES 400;50079;Cataluña;;1;;;1.337; N/A ;  ;763;1.013;E84_SEPE, E85_SEPE;613;1.222;E84_SEPE, E85_SEPE;613;677; N/A ;N/A;103;574;0;574;0;574;0;574;0;0;0;0;0;0;0;103;103;103;103;D_Nudo;D_Nudo;D_Nudo;D_Nudo;600;;7;7;97;97;97;97;Margen zonal reservado concurso por resolución SEE/posible concurso/NTJ. ;7;7;0;0;7;7;0;0;0;0;0;0;0;0;;;;;;;;;;;;;;;;;
BEGUES 220;50079;Cataluña;;;2;;701; W03_SEPE_BIN ;  ;666;529;E150_SEPE_Bin, E84_SEPE;529;642;E150_SEPE_Bin, E84_SEPE;607;805; D86_SEPE_Bin ;N/A;756;35;0;35;0;35;0;35;6;0;0;6;6;6;0;529;529;607;607;Est_Gen_Nudo;Est_Gen_Nudo;Est_Alm_Nudo;Est_Alm_Nudo;0;;0;0;529;529;607;607;Concurso por resolución SEE. ;0;0;0;0;0;0;0;0;53;53;0;0;53;53;Concurso;;;;;;;;;;;;;;;;
BEGUES (BEGUES B) 220;50079;Cataluña;;;;;733; W03_SEPE_BIN ;  ;733;1.574;E150_SEPE_Bin, E85_SEPE;1.574;1.655;E150_SEPE_Bin, E85_SEPE;1.655;805; D86_SEPE_Bin ;N/A;756;0;0;0;0;0;0;0;0;0;0;0;0;0;0;756;733;756;733;D_Zona;WSCR_Nudo;D_Zona;WSCR_Nudo;0;;0;0;756;733;756;733;Sin posibilidad de conexión. Margen zonal reservado concurso por resolución SEE/posible concurso/NTJ. ;0;0;0;0;0;0;0;0;0;0;0;0;0;0;;;;;;;;;;;;;;;;;
BELESAR 220;50080;Galicia;3;1;1;;620; N/A ;  ;228;695;N/A;0;808;N/A;0;1.224; N/A ;N/A;417;808;331;392;85;477;695;113;0;0;0;0;0;0;0;0;0;0;0;Est_Gen_Nudo;Est_Gen_Nudo;Est_Alm_Nudo;Est_Alm_Nudo;1.600;;0;0;0;0;0;0;;0;0;0;0;0;0;0;0;0;0;0;0;0;0;;;;;;;;;;;;;;;;;
BELGIDA 220;52086;Comunidad Valenciana;;;;1;299; N/A ;  ;299;240;N/A;240;298;N/A;298;1.054; N/A ;N/A;1.054;0;0;0;0;0;0;0;50;0;0;50;50;0;50;240;240;298;298;Est_Gen_Nudo;Est_Gen_Nudo;Est_Alm_Nudo;Est_Alm_Nudo;0;;0;0;240;240;298;298;Concurso por resolución SEE. ;0;0;0;0;0;0;0;0;24;24;0;0;24;24;Concurso;;;;;;;;;;;;;;;;
BELINCHON 400;50081;Castilla-La Mancha;;1;;;1.811; N/A ;  ;947;2.649;E322_SEPE;1.785;3.978;E322_SEPE;3.114;0; N/A ;0;0;864;0;864;0;864;864;0;124;0;124;0;124;124;0;0;0;0;0;D_Nudo;D_Nudo;D_Nudo;D_Nudo;600;SI;0;0;0;0;0;0;;0;0;0;0;0;0;0;0;0;0;0;0;0;0;;;;;;;;;;;;;;;;;
BELLICENS 220;50082;Cataluña;2;;3;;504; N/A ;  ;388;556;N/A;40;629;N/A;40;828; N/A ;N/A;239;588;445;116;28;143;508;81;107;0;107;0;107;0;107;40;40;40;40;Est_Gen_Nudo;Est_Gen_Nudo;Est_Alm_Nudo;Est_Alm_Nudo;800;;40;40;0;0;0;0;;40;40;40;40;40;40;40;40;0;0;0;0;0;0;;;;;;;;;;;;;;;;;
BENADRESA 220;50083;Comunidad Valenciana;;1;4;;260; N/A ;  ;260;440;E101_SEPE, E34_SEPE;0;464;E101_SEPE, E34_SEPE;0;1.053; N/A ;N/A;1.050;3;0;0;3;3;3;0;0;0;0;0;0;0;0;0;0;0;0;Est_Gen_Zona;Est_Gen_Zona;Est_Alm_Zona;Est_Alm_Zona;400;;0;0;0;0;0;0;;0;0;0;0;0;0;0;0;0;0;0;0;0;0;Concurso;;;;;;;;;;;;;;;;
BENAHADUX 220;50084;Andalucía;;;1;1;268; N/A ;  ;227;1.706;N/A;1.604;2.387;N/A;2.286;1.049; N/A ;N/A;948;101;0;41;61;101;101;0;0;0;0;0;0;0;0;948;227;948;227;D_Nudo;WSCR_Nudo;D_Nudo;WSCR_Nudo;0;;0;0;0;0;0;0;;0;0;948;227;0;0;948;227;0;0;0;0;0;0;;;;;;;;;;;;;;;;;
BENAHAVIS 220;50709;Andalucía;;1;1;;301; N/A ;  ;301;537;E193_SEPE;537;564;E193_SEPE;564;1.269; N/A ;N/A;1.269;0;0;0;0;0;0;0;0;0;0;0;0;0;0;537;301;564;301;Est_Gen_Nudo;WSCR_Nudo;Est_Alm_Nudo;WSCR_Nudo;400;;400;301;537;301;564;301;Concurso por resolución SEE. Margen zonal reservado concurso por resolución SEE/posible concurso/NTJ. ;0;0;0;0;0;0;0;0;54;30;0;0;54;30;Concurso;;;;;;;;;;;;;;;;
BENEJAMA 400;50085;Comunidad Valenciana;;;1;1;688; N/A ;  ;470;3.618;E98_SEPE;2.725;3.955;E98_SEPE;3.063;94; N/A ;47;0;838;78;218;541;760;838;0;0;0;0;0;0;0;0;0;0;0;0;D_Nudo;D_Nudo;D_Nudo;D_Nudo;0;;0;0;0;0;0;0;;0;0;0;0;0;0;0;0;0;0;0;0;0;0;;;;;;;;;;;;;;;;;
BENEJAMA 220;50085;Comunidad Valenciana;;1;;;647; N/A ;  ;593;2.191;E98_SEPE;2.136;2.460;E98_SEPE;2.406;228; N/A ;N/A;173;54;0;54;0;54;54;0;0;0;0;0;0;0;0;173;173;173;173;D_Nudo;D_Nudo;D_Nudo;D_Nudo;400;;173;173;173;173;173;173;Concurso por resolución SEE. ;0;0;0;0;0;0;0;0;17;17;0;0;17;17;Concurso;;;;;;;;;;;;;;;;
BENICULL 220;50086;Comunidad Valenciana;;;3;;101; N/A ;  ;101;958;E240_SEPE, E36_SEPE;958;978;E240_SEPE, E36_SEPE;978;322; D39_SEPE ;N/A;226;0;0;0;0;0;0;0;0;0;0;0;0;0;0;226;101;226;101;D_Zona;WSCR_Nudo;D_Zona;WSCR_Nudo;0;;0;0;226;101;226;101;Concurso por resolución SEE. Margen zonal reservado concurso por resolución SEE/posible concurso/NTJ. ;0;0;0;0;0;0;0;0;23;10;0;0;23;10;Concurso;;;;;;;;;;;;;;;;
BENIFERRI 220;50087;Comunidad Valenciana;;;3;;316; N/A ;  ;316;910;E340_SEPE;903;1.005;E340_SEPE;968;816; N/A ;N/A;779;38;8;0;30;30;8;30;0;0;0;0;0;0;0;779;316;779;316;D_Nudo;WSCR_Nudo;D_Nudo;WSCR_Nudo;0;;0;0;459;0;367;0;Margen zonal reservado concurso por resolución SEE/posible concurso/NTJ. ;0;0;320;316;0;0;412;316;0;0;0;0;0;0;;;;;;;;;;;;;;;;;
BERJA 220;50089;Andalucía;;1;2;;328; N/A ;  ;4;633;E218_SEPE;56;686;E218_SEPE;56;1.234; N/A ;N/A;604;630;3;324;302;626;251;379;75;50;0;25;25;0;75;56;4;56;4;Est_Gen_Nudo;WSCR_Nudo;Est_Alm_Nudo;WSCR_Nudo;400;SI;0;0;0;0;0;4;Limitación de capacidad por posición;0;0;56;4;0;0;56;0;0;0;0;0;0;0;;;;;;;;;;;;;;;;;
BERNAT 220;50090;Comunidad Valenciana;;1;;;118; N/A ;  ;118;1.112;E240_SEPE, E36_SEPE;1.020;1.367;E240_SEPE, E36_SEPE;1.278;322; D39_SEPE ;N/A;226;0;0;0;0;0;0;0;0;0;0;0;0;0;0;226;118;226;118;D_Zona;WSCR_Nudo;D_Zona;WSCR_Nudo;400;;226;118;226;118;226;118;Concurso por resolución SEE. Margen zonal reservado concurso por resolución SEE/posible concurso/NTJ. ;0;0;0;0;0;0;0;0;23;12;0;0;23;12;Concurso;;;;;;;;;;;;;;;;
BESCANO 400;50091;Cataluña;;;1;;643; N/A ; Riesgo interacciones ;643;2.239;E94_SEPE;2.233;2.636;E94_SEPE;2.624;817; N/A ;817;806;11;0;0;11;11;6;5;36;0;0;36;36;1;35;806;643;806;643;D_Nudo;WSCR_Nudo;D_Nudo;WSCR_Nudo;0;;0;0;806;643;806;643;Concurso por resolución SEE. ;0;0;0;0;0;0;0;0;81;64;0;0;81;64;Concurso;;;;;;;;;;;;;;;;
BESCANO 220;50091;Cataluña;;;;;390; N/A ; Riesgo interacciones ;390;1.212;E94_SEPE;1.212;1.279;E94_SEPE;1.279;866; N/A ;N/A;866;0;0;0;0;0;0;0;0;0;0;0;0;0;0;866;390;866;390;D_Nudo;WSCR_Nudo;D_Nudo;WSCR_Nudo;0;;0;0;866;390;866;390;Sin posibilidad de conexión. Margen zonal reservado concurso por resolución SEE/posible concurso/NTJ. ;0;0;0;0;0;0;0;0;0;0;0;0;0;0;;;;;;;;;;;;;;;;;
BESOS NUEVO 220;50092;Cataluña;5;;4;;71; N/A ;  ;71;1.410;N/A;0;1.449;N/A;0;829; N/A ;N/A;0;1.684;1.684;0;0;0;1.684;0;0;0;0;0;0;0;0;0;0;0;0;Est_Gen_Nudo/D_Nudo;Est_Gen_Nudo/D_Nudo;Est_Alm_Nudo/D_Nudo;Est_Alm_Nudo/D_Nudo;2.000;;0;0;0;0;0;0;;0;0;0;0;0;0;0;0;0;0;0;0;0;0;;;;;;;;;;;;;;;;;
BIENVENIDA 400;50093;Extremadura;1;;;;780; N/A ;  ;239;3.171;N/A;2.630;3.321;N/A;2.780;748; N/A ;748;207;541;0;541;0;541;541;0;0;0;0;0;0;0;0;207;207;207;207;D_Nudo;D_Nudo;D_Nudo;D_Nudo;600;;59;59;207;207;207;207;Concurso por resolución SEE. ;0;0;0;0;0;0;0;0;21;21;0;0;21;21;Concurso;;;;;;;;;;;;;;;;
BIESCAS 220;50094;Aragón;2;;;;299; N/A ;  ;299;113;E21_SEPE;0;184;E21_SEPE;122;1.297; N/A ;N/A;1.235;62;62;0;0;0;62;0;0;0;0;0;0;0;0;0;0;122;122;Est_Gen_Zona;Est_Gen_Zona;Est_Alm_Nudo;Est_Alm_Nudo;800;;0;0;0;0;122;122;;0;0;0;0;0;0;0;0;0;0;0;0;0;0;;;;;;;;;;;;;;;;;
BIT 66;50095;Islas Baleares;;;2;;26; N/A ; Riesgo interacciones ;12;199;N/A;159;264;N/A;224;221; N/A ;N/A;181;43;3;13;27;40;43;0;0;0;0;0;0;0;0;159;12;181;12;Est_Gen_Nudo;WSCR_Nudo;D_Nudo;WSCR_Nudo;#¡VALOR!;;159;12;0;0;0;0;;0;0;159;12;0;0;181;12;0;0;0;0;0;0;;;;;;;;;;;;;;;;;
BOADILLA 220;50096;Comunidad de Madrid;;1;2;1;795; N/A ;  ;794;404;N/A;403;454;N/A;453;799; N/A ;N/A;798;1;0;1;0;1;1;0;50;0;35;15;50;0;50;403;403;453;453;Est_Gen_Nudo;Est_Gen_Nudo;Est_Alm_Nudo;Est_Alm_Nudo;400;;400;400;403;403;453;453;Concurso por resolución SEE. ;0;0;0;0;0;0;0;0;22;22;0;0;22;22;Concurso;;;;;;;;;;;;;;;;
BOIMENTE 400;50097;Galicia;;;2;1;831; N/A ;  ;107;2.394;E227_SEPE;1.459;2.530;E227_SEPE;1.595;2.561; N/A ;861;1.626;935;23;724;188;912;935;0;0;0;0;0;0;0;0;1.459;107;1.595;107;Est_Gen_Nudo;WSCR_Nudo;Est_Alm_Nudo;WSCR_Nudo;0;;0;0;1.459;107;1.595;107;Concurso por resolución SEE. Margen zonal reservado concurso por resolución SEE/posible concurso/NTJ. ;0;0;0;0;0;0;0;0;146;11;0;0;146;11;Concurso;;;;;;;;;;;;;;;;
BOLARQUE 220;50098;Castilla-La Mancha;5;;1;;216; N/A ;  ;0;490;E44_SEPE;0;517;E44_SEPE;0;374; D54_SEPE ;N/A;0;645;399;216;31;246;437;208;0;0;0;0;0;0;0;0;0;0;0;Est_Gen_Nudo/D_Nudo/D_Zona;WSCR_Nudo/Est_Gen_Nudo/D_Nudo/D_Zona;Est_Alm_Nudo/D_Nudo/D_Zona;WSCR_Nudo/Est_Alm_Nudo/D_Nudo/D_Zona;2.000;;0;0;0;0;0;0;;0;0;0;0;0;0;0;0;0;0;0;0;0;0;;;;;;;;;;;;;;;;;
BOSSA 132;50099;Islas Baleares;;;;2;3; N/A ; Riesgo interacciones ;3;234;E28_SEB;226;252;E28_SEB;237;219; N/A ;N/A;219;0;0;0;0;0;0;0;0;0;0;0;0;0;0;219;3;219;3;D_Nudo;WSCR_Nudo;D_Nudo;WSCR_Nudo;#¡VALOR!;;219;3;0;0;0;0;;0;0;219;3;0;0;219;3;0;0;0;0;0;0;;;;;;;;;;;;;;;;;
BRAZATORTAS 400;50100;Castilla-La Mancha;;1;;;1.009; N/A ;  ;699;2.666;E81_SEPE;2.356;2.747;E81_SEPE;2.437;998; N/A ;998;689;310;0;310;0;310;310;0;55;0;55;0;55;55;0;689;689;689;689;D_Nudo;D_Nudo;D_Nudo;D_Nudo;600;;290;290;689;689;689;689;Concurso por resolución SEE. Margen zonal reservado concurso por resolución SEE/posible concurso/NTJ. ;0;0;0;0;0;0;0;0;61;61;0;0;61;61;Concurso;;;;;;;;;;;;;;;;
BRAZATORTAS 220;50100;Castilla-La Mancha;;1;;;627; N/A ;  ;465;862;E323_SEPE, E81_SEPE;49;1.191;E323_SEPE, E81_SEPE;378;1.180; N/A ;N/A;1.018;162;0;162;0;162;162;0;0;0;0;0;0;0;0;49;49;378;378;Est_Gen_Zona;Est_Gen_Zona;Est_Alm_Zona;Est_Alm_Zona;400;;49;49;49;49;378;378;Concurso por resolución SEE. Margen zonal reservado concurso por resolución SEE/posible concurso/NTJ. ;0;0;0;0;0;0;0;0;5;5;0;0;5;5;Concurso;;;;;;;;;;;;;;;;
BROVALES 400;50101;Extremadura;;1;;;932; N/A ;  ;226;4.844;E111_SEPE, E327_SEPE;3.600;4.958;E111_SEPE, E327_SEPE;4.252;397; N/A ;397;0;706;0;706;0;706;706;0;0;0;0;0;0;0;0;0;0;0;0;D_Nudo;D_Nudo;D_Nudo;D_Nudo;600;SI;0;0;0;0;0;0;;0;0;0;0;0;0;0;0;0;0;0;0;0;0;;;;;;;;;;;;;;;;;
BROVALES 220;50101;Extremadura;;;;;146; N/A ;  ;146;723;E111_SEPE;723;843;E111_SEPE;843;1.167; N/A ;N/A;1.167;0;0;0;0;0;0;0;0;0;0;0;0;0;0;723;146;843;146;Est_Gen_Nudo;WSCR_Nudo;Est_Alm_Nudo;WSCR_Nudo;0;;0;0;723;146;843;146;Sin posibilidad de conexión. ;0;0;0;0;0;0;0;0;0;0;0;0;0;0;;;;;;;;;;;;;;;;;
BUDIA (YELAMOS) 400;51449;Castilla-La Mancha;;1;;;929; N/A ;  ;929;1.998;E353_SEPE;1.155;2.426;E353_SEPE;1.819;834; N/A ;834;834;0;0;0;0;0;0;0;133;0;133;0;133;133;0;834;834;834;834;D_Nudo;D_Nudo;D_Nudo;D_Nudo;600;;600;600;834;834;834;834;Concurso por resolución SEE. Margen zonal reservado concurso por resolución SEE/posible concurso/NTJ. ;0;0;0;0;0;0;0;0;83;83;0;0;83;83;Concurso;;;;;;;;;;;;;;;;
BUENAVISTA 220;50102;Comunidad de Madrid;;1;2;;747; N/A ;  ;649;271;N/A;172;319;N/A;219;812; N/A ;N/A;713;99;1;98;0;98;99;0;22;17;0;5;5;17;5;172;172;219;219;Est_Gen_Nudo;Est_Gen_Nudo;Est_Alm_Nudo;Est_Alm_Nudo;400;;172;172;172;172;219;219;Concurso por resolución SEE. ;0;0;0;0;0;0;0;0;17;17;0;0;17;17;Concurso;;;;;;;;;;;;;;;;
BUENAVISTA GC 66;50103;Canarias;;;2;;107; N/A ;  ;60;100;N/A;45;102;N/A;45;58; N/A ;N/A;0;57;0;47;10;57;5;52;0;0;0;0;0;0;0;0;0;0;0;D_Nudo;D_Nudo;D_Nudo;D_Nudo;#¡VALOR!;;0;0;0;0;0;0;;0;0;0;0;0;0;0;0;0;0;0;0;0;0;;;;;;;;;;;;;;;;;
BUENOS AIRES 220;50104;Canarias;;;;;115; N/A ;  ;115;530;N/A;530;561;N/A;561;31; N/A ;N/A;31;0;0;0;0;0;0;0;0;0;0;0;0;0;0;31;31;31;31;D_Nudo;D_Nudo;D_Nudo;D_Nudo;0;;0;0;31;31;31;31;Sin posibilidad de conexión. ;0;0;0;0;0;0;0;0;0;0;0;0;0;0;;;;;;;;;;;;;;;;;
BUENOS AIRES 66;50104;Canarias;;;4;;86; N/A ;  ;66;187;N/A;168;191;N/A;168;61; N/A ;N/A;38;61;38;20;3;23;41;20;0;0;0;0;0;0;0;38;38;38;38;D_Nudo;D_Nudo;D_Nudo;D_Nudo;#¡VALOR!;;38;38;0;0;0;0;;0;0;38;38;0;0;38;38;0;0;0;0;0;0;;;;;;;;;;;;;;;;;
BUNIEL 400;50710;Castilla y León;;1;;;843; N/A ;  ;528;1.407;N/A;1.092;1.756;N/A;1.441;950; N/A ;950;635;315;0;315;0;315;315;0;0;0;0;0;0;0;0;635;528;635;528;D_Nudo;WSCR_Nudo;D_Nudo;WSCR_Nudo;600;;286;286;635;528;635;528;Concurso por resolución SEE. ;0;0;0;0;0;0;0;0;64;53;0;0;64;53;Concurso;;;;;;;;;;;;;;;;
BUNYOLA 66;50105;Islas Baleares;;;5;;89; N/A ; Riesgo interacciones ;75;120;E14_SEB;95;127;E14_SEB;97;221; D2_SEB ;N/A;191;30;0;14;16;30;25;5;0;0;0;0;0;0;0;95;75;97;75;Est_Gen_Nudo/Est_Gen_Zona;WSCR_Nudo;Est_Alm_Nudo/Est_Alm_Zona;WSCR_Nudo;#¡VALOR!;;95;75;0;0;0;0;;0;0;95;75;0;0;97;75;0;0;0;0;0;0;;;;;;;;;;;;;;;;;
CABRA 400;50106;Andalucía;;1;;;1.317; N/A ;  ;878;3.379;E315_SEPE;2.713;3.834;E315_SEPE;3.186;751; N/A ;751;312;439;0;439;0;439;439;0;336;0;336;0;336;336;0;312;312;312;312;D_Nudo;D_Nudo;D_Nudo;D_Nudo;600;;161;161;312;312;312;312;Concurso por resolución SEE. Margen zonal reservado concurso por resolución SEE/posible concurso/NTJ. ;0;0;0;0;0;0;0;0;31;31;0;0;31;31;Concurso;;;;;;;;;;;;;;;;
CACERES 220;50107;Extremadura;;;4;;239; N/A ;  ;143;585;E326_SEPE;117;747;E326_SEPE;289;1.179; N/A ;N/A;922;256;16;96;144;240;256;0;49;0;0;49;49;49;0;117;117;289;143;Est_Gen_Zona;Est_Gen_Zona;Est_Alm_Zona;WSCR_Nudo;0;;0;0;117;117;289;143;Concurso por resolución SEE. Margen zonal reservado concurso por resolución SEE/posible concurso/NTJ. ;0;0;0;0;0;0;0;0;12;12;0;0;12;12;Concurso;;;;;;;;;;;;;;;;
CACICEDO 220;50108;Cantabria;;;2;1;159; N/A ;  ;64;898;E228_SEPE;638;925;E228_SEPE;638;2.434; N/A ;1.217;2.338;96;1;95;0;95;1;95;0;0;0;0;0;0;0;638;64;638;64;Est_Gen_Zona;WSCR_Nudo;Est_Alm_Zona;WSCR_Nudo;0;;0;0;638;64;638;64;Concurso por resolución SEE. ;0;0;0;0;0;0;0;0;55;6;0;0;55;6;Concurso;;;;;;;;;;;;;;;;
CALA BLAVA 66;50711;Islas Baleares;1;;2;;131; N/A ;  ;0;290;N/A;108;292;N/A;108;227; N/A ;N/A;43;184;0;131;53;184;178;6;0;0;0;0;0;0;0;43;0;43;0;D_Nudo;WSCR_Nudo;D_Nudo;WSCR_Nudo;#¡VALOR!;;43;0;0;0;0;0;;43;0;43;0;43;0;43;0;0;0;0;0;0;0;;;;;;;;;;;;;;;;;
CALA MESQUIDA 132;50110;Islas Baleares;;;;;18; N/A ;  ;18;107;N/A;107;118;N/A;118;232; D4_SEB ;N/A;20;0;0;0;0;0;0;0;0;0;0;0;0;0;0;20;18;20;18;D_Zona;WSCR_Nudo;D_Zona;WSCR_Nudo;#¡VALOR!;;20;18;20;18;20;18;Sin posibilidad de conexión. ;0;0;0;0;0;0;0;0;0;0;0;0;0;0;;;;;;;;;;;;;;;;;
CALA MILLOR 66;50111;Islas Baleares;;;3;;17; N/A ;  ;2;128;N/A;70;160;N/A;101;224; D3_SEB ;N/A;49;60;0;15;45;60;58;2;0;0;0;0;0;0;0;49;2;49;2;D_Zona;WSCR_Nudo;D_Zona;WSCR_Nudo;#¡VALOR!;;49;2;0;0;0;0;;0;0;49;2;0;0;49;2;0;0;0;0;0;0;;;;;;;;;;;;;;;;;
CALAMOCHA 220;50112;Aragón;;;1;1;287; N/A ;  ;226;654;E23_SEPE;83;712;E23_SEPE;91;1.120; D13_SEPE ;N/A;499;238;12;61;164;225;238;0;0;0;0;0;0;0;0;83;83;91;91;Est_Gen_Zona;Est_Gen_Zona;Est_Alm_Zona;Est_Alm_Zona;0;;0;0;0;0;0;0;;0;0;83;83;0;0;91;91;0;0;0;0;0;0;;;;;;;;;;;;;;;;;
CALATORAO 220;51427;Aragón;;;;;225; N/A ;  ;225;1.174;N/A;1.174;1.258;N/A;1.258;1.108; N/A ;N/A;1.108;0;0;0;0;0;0;0;0;0;0;0;0;0;0;1.108;225;1.108;225;D_Nudo;WSCR_Nudo;D_Nudo;WSCR_Nudo;0;;0;0;1.108;225;1.108;225;Sin posibilidad de conexión. ;0;0;0;0;0;0;0;0;0;0;0;0;0;0;;;;;;;;;;;;;;;;;
CALDERS 400;50113;Cataluña;;;2;;193; N/A ;  ;120;1.002;N/A;741;1.044;N/A;774;748; D23_SEPE ;748;4;270;9;73;188;261;260;10;50;0;50;0;50;50;0;4;4;4;4;D_Zona;D_Zona;D_Zona;D_Zona;0;;0;0;4;4;4;4;Margen zonal reservado concurso por resolución SEE/posible concurso/NTJ. ;0;0;0;0;0;0;0;0;0;0;0;0;0;0;;;;;;;;;;;;;;;;;
CALERA Y CHOZAS 220;52089;Castilla-La Mancha;;;;;251; N/A ;  ;251;998;N/A;998;1.386;N/A;1.386;1.203; N/A ;N/A;1.203;0;0;0;0;0;0;0;0;0;0;0;0;0;0;998;251;1.203;251;Est_Gen_Nudo;WSCR_Nudo;D_Nudo;WSCR_Nudo;0;;0;0;998;251;1.203;251;Sin posibilidad de conexión. ;0;0;0;0;0;0;0;0;0;0;0;0;0;0;;;;;;;;;;;;;;;;;
CALETILLAS 220;50712;Canarias;;;;;41; N/A ;  ;41;752;N/A;752;811;N/A;811;0; N/A ;N/A;0;0;0;0;0;0;0;0;0;0;0;0;0;0;0;0;0;0;0;D_Nudo;D_Nudo;D_Nudo;D_Nudo;0;;0;0;0;0;0;0;;0;0;0;0;0;0;0;0;0;0;0;0;0;0;;;;;;;;;;;;;;;;;
CALLEJONES 66;50713;Canarias;1;1;;;32; N/A ;  ;4;87;E29_SEC;56;89;E29_SEC;58;35; D05_SEC ;N/A;4;28;0;28;0;28;28;0;0;0;0;0;0;0;0;4;4;4;4;D_Zona;WSCR_Nudo;D_Zona;WSCR_Nudo;#¡VALOR!;;4;4;0;0;0;0;;4;4;0;0;4;4;0;0;0;0;0;0;0;0;;;;;;;;;;;;;;;;;
CALVIA 66;50114;Islas Baleares;;;3;;13; N/A ; Riesgo interacciones ;0;151;N/A;142;172;N/A;150;222; N/A ;N/A;201;22;0;13;9;22;9;13;0;0;0;0;0;0;0;142;0;150;0;Est_Gen_Nudo;WSCR_Nudo;Est_Alm_Nudo;WSCR_Nudo;#¡VALOR!;;142;0;0;0;0;0;;0;0;142;0;0;0;150;0;0;0;0;0;0;0;;;;;;;;;;;;;;;;;
CAMARENA 400;51439;Castilla-La Mancha;;;;;847; N/A ;  ;847;1.685;E355_SEPE;1.685;1.746;E355_SEPE;1.746;2.367; N/A ;667;2.367;0;0;0;0;0;0;0;0;0;0;0;0;0;0;1.685;847;1.746;847;Est_Gen_Nudo/Est_Gen_Zona;WSCR_Nudo;Est_Alm_Nudo/Est_Alm_Zona;WSCR_Nudo;0;;0;0;1.685;847;1.746;847;Sin posibilidad de conexión. ;0;0;0;0;0;0;0;0;0;0;0;0;0;0;;;;;;;;;;;;;;;;;
CAMARENA 220;51439;Castilla-La Mancha;;;;;746; N/A ;  ;746;1.122;E355_SEPE;1.122;1.248;E355_SEPE;1.248;740; N/A ;N/A;740;0;0;0;0;0;0;0;0;0;0;0;0;0;0;740;740;740;740;D_Nudo;D_Nudo;D_Nudo;D_Nudo;0;;0;0;740;740;740;740;Sin posibilidad de conexión. ;0;0;0;0;0;0;0;0;0;0;0;0;0;0;;;;;;;;;;;;;;;;;
CAMINO FREGACEDOS 220;50115;Comunidad de Madrid;;1;3;;761; N/A ;  ;761;452;N/A;452;495;N/A;495;780; N/A ;N/A;780;0;0;0;0;0;0;0;20;0;0;20;20;0;20;452;452;495;495;Est_Gen_Nudo;Est_Gen_Nudo;Est_Alm_Nudo;Est_Alm_Nudo;400;;400;400;452;452;495;495;Concurso por resolución SEE. ;0;0;0;0;0;0;0;0;45;45;0;0;45;45;Concurso;;;;;;;;;;;;;;;;
CAMPANARIO 400;50116;Castilla-La Mancha;1;;;;859; N/A ;  ;150;2.975;N/A;2.266;3.525;N/A;2.816;70; N/A ;70;0;709;0;709;0;709;709;0;0;0;0;0;0;0;0;0;0;0;0;D_Nudo;D_Nudo;D_Nudo;D_Nudo;600;SI;0;0;0;0;0;0;;0;0;0;0;0;0;0;0;0;0;0;0;0;0;;;;;;;;;;;;;;;;;
CAMPO NACIONES 220;50779;Comunidad de Madrid;;;3;;885; N/A ;  ;885;753;N/A;753;805;N/A;805;691; N/A ;N/A;691;0;0;0;0;0;0;0;0;0;0;0;0;0;0;691;691;691;691;D_Nudo;D_Nudo;D_Nudo;D_Nudo;0;;0;0;0;0;0;0;;0;0;691;691;0;0;691;691;0;0;0;0;0;0;;;;;;;;;;;;;;;;;
CAMPOAMOR 220;50117;Comunidad Valenciana;;;3;;215; N/A ;  ;173;959;E188_SEPE;834;1.006;E188_SEPE;943;801; N/A ;N/A;738;63;0;42;21;63;63;0;7;0;0;7;7;7;0;738;173;738;173;D_Nudo;WSCR_Nudo;D_Nudo;WSCR_Nudo;0;;0;0;738;173;738;173;Margen zonal reservado concurso por resolución SEE/posible concurso/NTJ. ;0;0;0;0;0;0;0;0;0;0;0;0;0;0;;;;;;;;;;;;;;;;;
CAMPOS 400;51339;Región de Murcia;;1;;;740; N/A ;  ;431;2.549;N/A;2.239;2.704;N/A;2.395;240; N/A ;240;0;310;0;310;0;310;310;0;105;0;105;0;105;105;0;0;0;0;0;D_Nudo;D_Nudo;D_Nudo;D_Nudo;600;;0;0;0;0;0;0;;0;0;0;0;0;0;0;0;0;0;0;0;0;0;Concurso;;;;;;;;;;;;;;;;
CAN BARBA 400;50118;Cataluña;;;2;;164; N/A ;  ;164;2.200;N/A;2.172;2.254;N/A;2.226;748; D23_SEPE ;748;4;28;15;0;13;13;28;0;0;0;0;0;0;0;0;4;4;4;4;D_Zona;D_Zona;D_Zona;D_Zona;0;;0;0;4;4;4;4;Margen zonal reservado concurso por resolución SEE/posible concurso/NTJ. ;0;0;0;0;0;0;0;0;0;0;0;0;0;0;;;;;;;;;;;;;;;;;
CAN JARDI 400;50119;Cataluña;;;;;449; N/A ;  ;449;1.235;E86_SEPE;1.235;1.355;E86_SEPE;1.355;759; N/A ;N/A;759;0;0;0;0;0;0;0;0;0;0;0;0;0;0;759;449;759;449;D_Nudo;WSCR_Nudo;D_Nudo;WSCR_Nudo;0;;0;0;759;449;759;449;Sin posibilidad de conexión. Margen zonal reservado concurso por resolución SEE/posible concurso/NTJ. ;0;0;0;0;0;0;0;0;0;0;0;0;0;0;;;;;;;;;;;;;;;;;
CAN JARDI 220;50119;Cataluña;;1;3;;745; W04_SEPE_BIN ;  ;660;694;E152_SEPE_Bin, E86_SEPE;670;1.023;E152_SEPE_Bin, E86_SEPE;912;806; D87_SEPE_Bin ;N/A;682;110;25;85;0;85;25;85;200;0;200;0;200;0;200;670;660;682;660;Est_Gen_Nudo/Est_Gen_Zona;WSCR_Nudo;D_Zona;WSCR_Nudo;400;;355;355;670;660;682;660;Concurso por resolución SEE. ;0;0;0;0;0;0;0;0;63;61;0;0;63;61;Concurso;;;;;;;;;;;;;;;;
CAN JARDI (CAN JARDI B) 220;50119;Cataluña;;;;;725; W04_SEPE_BIN ;  ;725;501;E152_SEPE_Bin;501;612;E152_SEPE_Bin;612;803; D87_SEPE_Bin ;N/A;682;0;0;0;0;0;0;0;0;0;0;0;0;0;0;501;501;612;612;Est_Gen_Nudo;Est_Gen_Nudo;Est_Alm_Nudo;Est_Alm_Nudo;0;;0;0;501;501;612;612;Sin posibilidad de conexión. Margen zonal reservado concurso por resolución SEE/posible concurso/NTJ. ;0;0;0;0;0;0;0;0;0;0;0;0;0;0;;;;;;;;;;;;;;;;;
CAN PICAFORT 66;50120;Islas Baleares;;;2;;53; N/A ;  ;35;122;N/A;70;133;N/A;81;233; N/A ;N/A;181;52;0;19;33;52;52;0;0;0;0;0;0;0;0;70;35;81;35;Est_Gen_Nudo;WSCR_Nudo;Est_Alm_Nudo;WSCR_Nudo;#¡VALOR!;;70;35;0;0;0;0;;0;0;70;35;0;0;81;35;0;0;0;0;0;0;;;;;;;;;;;;;;;;;
CANDELARIA 220;50122;Canarias;;;;;41; N/A ;  ;41;691;E16_SEC;691;705;E16_SEC;705;0; N/A ;N/A;0;0;0;0;0;0;0;0;0;0;0;0;0;0;0;0;0;0;0;D_Nudo;D_Nudo;D_Nudo;D_Nudo;0;;0;0;0;0;0;0;;0;0;0;0;0;0;0;0;0;0;0;0;0;0;;;;;;;;;;;;;;;;;
CANDELARIA 66;50122;Canarias;8;;1;1;100; W04_SEC_BIN ;  ;50;170;E16_SEC, E35_SEC_BIN;141;191;E16_SEC, E35_SEC_BIN;141;57; D08_SEC_BIN ;N/A;7;258;208;50;0;50;208;50;0;0;0;0;0;0;0;7;7;7;7;D_Zona;D_Zona;D_Zona;D_Zona;#¡VALOR!;;7;7;0;0;0;0;;7;7;7;7;7;7;7;7;0;0;0;0;0;0;;;;;;;;;;;;;;;;;
CANDELARIA (CANDELARIA B) 66;50122;Canarias;;;;;12; W04_SEC_BIN ;  ;12;195;E16_SEC, E35_SEC_BIN;195;216;E16_SEC, E35_SEC_BIN;216;57; D08_SEC_BIN ;N/A;7;0;0;0;0;0;0;0;0;0;0;0;0;0;0;7;7;7;7;D_Zona;D_Zona;D_Zona;D_Zona;#¡VALOR!;;7;7;7;7;7;7;Sin posibilidad de conexión. ;0;0;0;0;0;0;0;0;0;0;0;0;0;0;;;;;;;;;;;;;;;;;
CANILLEJAS 220;50123;Comunidad de Madrid;;;3;;835; N/A ;  ;835;685;N/A;683;751;N/A;714;698; N/A ;N/A;661;37;2;0;35;35;2;35;0;0;0;0;0;0;0;661;661;661;661;D_Nudo;D_Nudo;D_Nudo;D_Nudo;0;;0;0;0;0;0;0;;0;0;661;661;0;0;661;661;0;0;0;0;0;0;;;;;;;;;;;;;;;;;
CANYET 220;50124;Cataluña;;;;;698; N/A ;  ;698;1.529;N/A;1.529;2.199;N/A;2.199;814; N/A ;N/A;814;0;0;0;0;0;0;0;0;0;0;0;0;0;0;814;698;814;698;D_Nudo;WSCR_Nudo;D_Nudo;WSCR_Nudo;0;;0;0;814;698;814;698;Sin posibilidad de conexión. ;0;0;0;0;0;0;0;0;0;0;0;0;0;0;;;;;;;;;;;;;;;;;
CAÑADA DE LA BARCA 132;50714;Canarias;;1;;;23; N/A ;  ;2;187;N/A;167;188;N/A;167;21; N/A ;N/A;0;21;0;21;0;21;0;21;0;0;0;0;0;0;0;0;0;0;0;D_Nudo;D_Nudo;D_Nudo;D_Nudo;#¡VALOR!;;0;0;0;0;0;0;;0;0;0;0;0;0;0;0;0;0;0;0;0;0;;;;;;;;;;;;;;;;;
CAÑAVERAL 400;50715;Extremadura;1;;;;823; N/A ;  ;485;2.140;N/A;1.802;2.353;N/A;2.014;767; N/A ;767;428;339;0;339;0;339;339;0;0;0;0;0;0;0;0;428;428;428;428;D_Nudo;D_Nudo;D_Nudo;D_Nudo;600;;261;261;428;428;428;428;Concurso por resolución SEE. ;0;0;0;0;0;0;0;0;43;43;0;0;43;43;Concurso;;;;;;;;;;;;;;;;
CAÑUELO 220;50125;Andalucía;;1;2;;99; N/A ;  ;0;1.354;E146_SEPE_Bin, E40_SEPE, E47_SEPE;1.063;1.424;E146_SEPE_Bin, E40_SEPE, E47_SEPE;1.063;1.196; N/A ;N/A;1.097;99;0;99;0;99;59;40;81;0;81;0;81;81;0;1.063;0;1.063;0;Est_Gen_Zona;WSCR_Nudo;Est_Alm_Zona;WSCR_Nudo;400;;0;0;1.063;0;1.063;0;Margen zonal reservado concurso por resolución SEE/posible concurso/NTJ. ;0;0;0;0;0;0;0;0;0;0;0;0;0;0;;;;;;;;;;;;;;;;;
CAPARACENA 400;50126;Andalucía;;1;;;1.077; N/A ;  ;530;2.396;E308_SEPE, E50_SEPE;1.355;2.575;E308_SEPE, E50_SEPE;1.534;574; N/A ;574;27;548;0;548;0;548;548;0;0;0;0;0;0;0;0;27;27;27;27;D_Nudo;D_Nudo;D_Nudo;D_Nudo;600;;27;27;27;27;27;27;Concurso por resolución SEE. Margen zonal reservado concurso por resolución SEE/posible concurso/NTJ. ;0;0;0;0;0;0;0;0;3;3;0;0;3;3;Concurso;;;;;;;;;;;;;;;;
CAPARACENA 220;50126;Andalucía;;1;1;;427; N/A ;  ;66;1.721;E274_SEPE, E50_SEPE;1.153;2.043;E274_SEPE, E50_SEPE;1.475;1.478; N/A ;739;984;494;25;361;108;468;494;0;0;0;0;0;0;0;0;984;66;984;66;D_Nudo;WSCR_Nudo;D_Nudo;WSCR_Nudo;400;;82;66;984;66;984;66;Concurso por resolución SEE. Margen zonal reservado concurso por resolución SEE/posible concurso/NTJ. ;0;0;0;0;0;0;0;0;98;7;0;0;98;7;Concurso;;;;;;;;;;;;;;;;
CAPDEPERA 66;50127;Islas Baleares;;;2;;10; N/A ;  ;7;100;E15_SEB;53;104;E15_SEB;61;220; D3_SEB ;N/A;49;23;0;3;21;23;21;2;0;0;0;0;0;0;0;49;7;49;7;D_Zona;WSCR_Nudo;D_Zona;WSCR_Nudo;#¡VALOR!;;49;7;0;0;0;0;;0;0;49;7;0;0;49;7;0;0;0;0;0;0;;;;;;;;;;;;;;;;;
CARDOSO 400;50733;Principado de Asturias;;;;;625; N/A ;  ;625;1.720;E68_SEPE;1.720;1.926;E68_SEPE;1.926;2.924; N/A ;1.224;2.924;0;0;0;0;0;0;0;0;0;0;0;0;0;0;1.720;625;1.926;625;Est_Gen_Nudo;WSCR_Nudo;Est_Alm_Nudo;WSCR_Nudo;0;;0;0;1.720;625;1.926;625;Sin posibilidad de conexión. ;0;0;0;0;0;0;0;0;0;0;0;0;0;0;;;;;;;;;;;;;;;;;
CARDOSO 220;50733;Principado de Asturias;;;;;415; N/A ;  ;415;1.587;E321_SEPE, E68_SEPE;1.492;1.882;E321_SEPE, E68_SEPE;1.492;1.257; N/A ;N/A;1.257;0;0;0;0;0;0;0;0;0;0;0;0;0;0;1.257;415;1.257;415;D_Nudo;WSCR_Nudo;D_Nudo;WSCR_Nudo;0;;0;0;1.257;415;1.257;415;Sin posibilidad de conexión. Margen zonal reservado concurso por resolución SEE/posible concurso/NTJ. ;0;0;0;0;0;0;0;0;0;0;0;0;0;0;;;;;;;;;;;;;;;;;
CARIÑENA 400;51267;Aragón;;1;;;955; N/A ;  ;482;856;N/A;383;1.102;N/A;630;726; N/A ;726;254;472;0;472;0;472;472;0;0;0;0;0;0;0;0;254;254;254;254;D_Nudo;D_Nudo;D_Nudo;D_Nudo;600;;128;128;254;254;254;254;Concurso por resolución SEE. ;0;0;0;0;0;0;0;0;25;25;0;0;25;25;Concurso;;;;;;;;;;;;;;;;
CARMONA 400;50128;Andalucía;;1;;;1.332; N/A ;  ;809;2.312;E57_SEPE;1.498;2.520;E57_SEPE;1.574;819; N/A ;819;296;523;0;523;0;523;523;0;0;0;0;0;0;0;0;296;296;296;296;D_Nudo;D_Nudo;D_Nudo;D_Nudo;600;;77;77;296;296;296;296;Concurso por resolución SEE. Margen zonal reservado concurso por resolución SEE/posible concurso/NTJ. ;0;0;0;0;0;0;0;0;30;30;0;0;30;30;Concurso;;;;;;;;;;;;;;;;
CARMONA 220;50128;Andalucía;;1;;;991; N/A ;  ;566;1.732;E57_SEPE;1.307;2.066;E57_SEPE;1.574;876; N/A ;N/A;451;425;0;425;0;425;425;0;40;0;40;0;40;40;0;451;451;451;451;D_Nudo;D_Nudo;D_Nudo;D_Nudo;400;SI;0;0;451;451;451;451;Concurso por resolución SEE. Margen zonal reservado concurso por resolución SEE/posible concurso/NTJ. Limitación de capacidad por posición;0;0;0;0;0;0;0;0;45;45;0;0;45;45;Concurso;;;;;;;;;;;;;;;;
CARMONITA 400;50716;Extremadura;;1;;;1.305; N/A ;  ;337;1.756;N/A;788;2.352;N/A;1.384;968; N/A ;968;0;968;0;968;0;968;968;0;0;0;0;0;0;0;0;0;0;0;0;D_Nudo;D_Nudo;D_Nudo;D_Nudo;600;SI;0;0;0;0;0;0;;0;0;0;0;0;0;0;0;0;0;0;0;0;0;;;;;;;;;;;;;;;;;
CARRIL 400;50129;Región de Murcia;1;;1;;727; N/A ;  ;458;3.526;N/A;3.071;4.022;N/A;3.567;671; N/A ;336;216;455;3;269;183;452;455;0;461;0;50;411;461;461;0;216;216;216;216;D_Nudo;D_Nudo;D_Nudo;D_Nudo;600;;216;216;216;216;216;216;Concurso por resolución SEE. ;0;0;0;0;0;0;0;0;22;22;0;0;22;22;Concurso;;;;;;;;;;;;;;;;
CARRIO 220;50130;Principado de Asturias;1;;2;;427; N/A ;  ;422;1.770;E7_SEPE;1.058;1.834;E7_SEPE;1.058;1.260; D34_SEPE ;N/A;483;776;696;5;76;81;696;81;85;0;0;85;85;0;85;1.077;422;1.077;422;D_Nudo;WSCR_Nudo;D_Nudo;WSCR_Nudo;400;SI;0;0;1.077;422;1.077;422;Nudo de Transición Justa. Limitación de capacidad por posición;0;0;0;0;0;0;0;0;0;0;0;0;0;0;NTJ;;;;;;;;;;;;;;;;
CARRIZAL 66;50131;Canarias;;;3;;20; N/A ;  ;20;152;E08_SEC;0;154;E08_SEC;0;4; D02_SEC ;N/A;0;43;0;0;43;43;43;0;0;0;0;0;0;0;0;0;0;0;0;Est_Gen_Zona/D_Nudo/D_Zona;Est_Gen_Zona/D_Nudo/D_Zona;Est_Alm_Zona/D_Nudo/D_Zona;Est_Alm_Zona/D_Nudo/D_Zona;#¡VALOR!;;0;0;0;0;0;0;;0;0;0;0;0;0;0;0;0;0;0;0;0;0;;;;;;;;;;;;;;;;;
CARROYUELAS 220;50132;Castilla-La Mancha;1;;;;224; N/A ;  ;70;608;E17_SEPE, E210_SEPE;93;1.007;E17_SEPE, E210_SEPE;279;1.188; D33_SEPE ;N/A;673;254;100;154;0;154;254;0;154;0;154;0;154;154;0;93;70;279;70;Est_Gen_Zona;WSCR_Nudo;Est_Alm_Zona;WSCR_Nudo;400;;93;70;93;70;279;70;Concurso por resolución SEE. ;0;0;0;0;0;0;0;0;9;7;0;0;9;7;Concurso;;;;;;;;;;;;;;;;
CARTAMA 400;50133;Andalucía;;1;;;844; N/A ;  ;689;1.835;E54_SEPE;1.680;2.080;E54_SEPE;1.925;926; N/A ;926;771;155;0;155;0;155;155;0;0;0;0;0;0;0;0;771;689;771;689;D_Nudo;WSCR_Nudo;D_Nudo;WSCR_Nudo;600;;445;445;771;689;771;689;Concurso por resolución SEE. Margen zonal reservado concurso por resolución SEE/posible concurso/NTJ. ;0;0;0;0;0;0;0;0;77;69;0;0;77;69;Concurso;;;;;;;;;;;;;;;;
CARTAMA 220;50133;Andalucía;;1;;;614; N/A ;  ;464;1.663;E54_SEPE;1.512;1.879;E54_SEPE;1.729;1.089; N/A ;N/A;939;151;0;151;0;151;151;0;0;0;0;0;0;0;0;939;464;939;464;D_Nudo;WSCR_Nudo;D_Nudo;WSCR_Nudo;400;;249;249;939;464;939;464;Concurso por resolución SEE. Margen zonal reservado concurso por resolución SEE/posible concurso/NTJ. ;0;0;0;0;0;0;0;0;94;46;0;0;94;46;Concurso;;;;;;;;;;;;;;;;
CARTELLE 400;50134;Galicia;;;;;1.157; N/A ;  ;1.157;3.145;E117_SEPE, E306_SEPE;2.966;4.546;E117_SEPE, E306_SEPE;4.368;1.914; N/A ;214;1.914;0;0;0;0;0;0;0;0;0;0;0;0;0;0;1.914;1.157;1.914;1.157;D_Nudo;WSCR_Nudo;D_Nudo;WSCR_Nudo;0;;0;0;1.914;1.157;1.914;1.157;Sin posibilidad de conexión. Margen zonal reservado concurso por resolución SEE/posible concurso/NTJ. ;0;0;0;0;0;0;0;0;0;0;0;0;0;0;;;;;;;;;;;;;;;;;
CARTELLE 220;50134;Galicia;;;;;733; N/A ;  ;733;1.410;E117_SEPE;1.410;1.783;E117_SEPE;1.783;368; N/A ;N/A;368;0;0;0;0;0;0;0;0;0;0;0;0;0;0;368;368;368;368;D_Nudo;D_Nudo;D_Nudo;D_Nudo;0;;0;0;368;368;368;368;Sin posibilidad de conexión. ;0;0;0;0;0;0;0;0;0;0;0;0;0;0;;;;;;;;;;;;;;;;;
CARTUJA 220;50135;Andalucía;2;;3;;414; N/A ;  ;0;1.505;N/A;485;1.566;N/A;547;1.217; N/A ;N/A;198;1.019;62;555;402;957;1.019;0;108;0;108;0;108;108;0;198;0;198;0;D_Nudo;WSCR_Nudo;D_Nudo;WSCR_Nudo;800;SI;0;0;0;0;0;0;;0;0;198;0;0;0;198;0;0;0;0;0;0;0;;;;;;;;;;;;;;;;;
CARTUJOS 220;50136;Aragón;;1;2;;663; N/A ;  ;268;476;N/A;14;538;N/A;76;727; N/A ;N/A;265;462;5;395;62;457;462;0;194;0;194;0;194;94;100;14;14;76;76;Est_Gen_Nudo;Est_Gen_Nudo;Est_Alm_Nudo;Est_Alm_Nudo;400;;14;14;0;0;62;62;;14;14;14;14;14;14;76;76;0;0;0;0;0;0;;;;;;;;;;;;;;;;;
CA'S TRESORER 220;50137;Islas Baleares;6;;;;231; N/A ; Riesgo interacciones ;231;752;E01_SEB;534;762;E01_SEB;544;219; N/A ;N/A;1;437;437;0;0;0;437;0;0;0;0;0;0;0;0;1;1;1;1;D_Nudo;D_Nudo;D_Nudo;D_Nudo;2.400;;1;1;0;0;0;0;;1;1;0;0;1;1;0;0;0;0;0;0;0;0;;;;;;;;;;;;;;;;;
CA'S TRESORER 66;50137;Islas Baleares;;;;;33; N/A ; Riesgo interacciones ;33;620;E01_SEB, E16_SEB;547;623;E01_SEB, E16_SEB;559;220; N/A ;N/A;220;0;0;0;0;0;0;0;0;0;0;0;0;0;0;220;33;220;33;D_Nudo;WSCR_Nudo;D_Nudo;WSCR_Nudo;#¡VALOR!;;220;33;220;33;220;33;Sin posibilidad de conexión. ;0;0;0;0;0;0;0;0;0;0;0;0;0;0;;;;;;;;;;;;;;;;;
CASA DE CAMPO 220;50138;Comunidad de Madrid;;;;;948; N/A ;  ;948;1.288;N/A;1.288;1.370;N/A;1.370;652; N/A ;N/A;652;0;0;0;0;0;0;0;0;0;0;0;0;0;0;652;652;652;652;D_Nudo;D_Nudo;D_Nudo;D_Nudo;0;;0;0;652;652;652;652;Sin posibilidad de conexión. ;0;0;0;0;0;0;0;0;0;0;0;0;0;0;;;;;;;;;;;;;;;;;
CASAQUEMADA 220;50139;Andalucía;2;;;;451; N/A ;  ;180;494;E314_SEPE;0;519;E314_SEPE;0;1.115; N/A ;N/A;744;371;100;271;0;271;371;0;0;0;0;0;0;0;0;0;0;0;0;Est_Gen_Zona;Est_Gen_Zona;Est_Alm_Zona;Est_Alm_Zona;800;;0;0;0;0;0;0;;0;0;0;0;0;0;0;0;0;0;0;0;0;0;Concurso;;;;;;;;;;;;;;;;
CASATEJADA 220;50140;Extremadura;;;2;;373; N/A ;  ;338;245;E16_SEPE;110;245;E16_SEPE;110;1.060; D30_SEPE ;N/A;0;135;52;35;48;83;135;0;0;0;0;0;0;0;0;0;0;0;0;D_Zona;D_Zona;D_Zona;D_Zona;0;;0;0;0;0;0;0;;0;0;0;0;0;0;0;0;0;0;0;0;0;0;;;;;;;;;;;;;;;;;
CASILLAS 220;50141;Andalucía;;;1;1;348; N/A ;  ;270;155;E285_SEPE;0;455;E285_SEPE;0;1.183; N/A ;N/A;851;331;3;78;250;329;331;0;0;0;0;0;0;0;0;0;0;0;0;Est_Gen_Nudo/Est_Gen_Zona;Est_Gen_Nudo/Est_Gen_Zona;Est_Alm_Zona;Est_Alm_Zona;0;;0;0;0;0;0;0;;0;0;0;0;0;0;0;0;0;0;0;0;0;0;;;;;;;;;;;;;;;;;
CASTALLA 220;50717;Comunidad Valenciana;;1;;1;443; N/A ;  ;353;695;N/A;602;741;N/A;648;838; N/A ;N/A;745;93;0;90;3;93;93;0;100;0;0;100;100;50;50;602;353;648;353;Est_Gen_Nudo;WSCR_Nudo;Est_Alm_Nudo;WSCR_Nudo;400;;310;310;602;353;648;353;Concurso por resolución SEE. ;0;0;0;0;0;0;0;0;60;35;0;0;60;35;Concurso;;;;;;;;;;;;;;;;
CASTEJON 400;50142;Comunidad Foral de Navarra;4;1;;;1.431; N/A ;  ;659;4.135;N/A;2.565;4.208;N/A;2.638;2.464; N/A ;764;894;1.570;797;772;0;772;1.570;0;0;0;0;0;0;0;0;894;659;894;659;D_Nudo;WSCR_Nudo;D_Nudo;WSCR_Nudo;3.000;;894;659;894;659;894;659;Concurso por resolución SEE. ;0;0;0;0;0;0;0;0;89;66;0;0;89;66;Concurso;;;;;;;;;;;;;;;;
CASTELLAR DE LA FRONTERA 400;51414;Andalucía;;1;;;991; N/A ;  ;675;2.289;N/A;1.973;2.453;N/A;2.137;944; N/A ;944;628;316;0;316;0;316;316;0;87;0;87;0;87;87;0;628;628;628;628;D_Nudo;D_Nudo;D_Nudo;D_Nudo;600;;284;284;628;628;628;628;Concurso por resolución SEE. ;0;0;0;0;0;0;0;0;63;63;0;0;63;63;Concurso;;;;;;;;;;;;;;;;
CASTELLBISBAL 220;50143;Cataluña;;;8;;622; N/A ;  ;582;747;N/A;743;828;N/A;780;817; N/A ;N/A;769;48;0;40;8;48;3;45;0;0;0;0;0;0;0;743;582;769;582;Est_Gen_Nudo;WSCR_Nudo;D_Nudo;WSCR_Nudo;0;;0;0;743;582;769;582;Concurso por resolución SEE. ;0;0;0;0;0;0;0;0;74;58;0;0;74;58;Concurso;;;;;;;;;;;;;;;;
CASTELLET 220;50144;Cataluña;;1;3;;483; N/A ;  ;459;877;N/A;800;964;N/A;878;821; N/A ;N/A;735;86;13;24;48;73;76;10;0;0;0;0;0;0;0;735;459;735;459;D_Nudo;WSCR_Nudo;D_Nudo;WSCR_Nudo;400;;400;400;735;459;735;459;Concurso por resolución SEE. ;0;0;0;0;0;0;0;0;74;46;0;0;74;46;Concurso;;;;;;;;;;;;;;;;
CASTELLON C.T. 400;50718;Comunidad Valenciana;;;;;0; N/A ;  ;0;2.501;E272_SEPE;2.501;2.988;E272_SEPE;2.988;116; N/A ;N/A;116;0;0;0;0;0;0;0;0;0;0;0;0;0;0;116;0;116;0;D_Nudo;WSCR_Nudo;D_Nudo;WSCR_Nudo;0;;0;0;116;0;116;0;Sin posibilidad de conexión. ;0;0;0;0;0;0;0;0;0;0;0;0;0;0;;;;;;;;;;;;;;;;;
CASTRELO 220;50145;Galicia;2;;2;;372; N/A ; Superación valor máx Icc ;276;1.051;E1_SEPE;634;1.288;E1_SEPE;813;853; D35_SEPE ;N/A;320;237;141;96;0;96;237;0;197;0;176;21;197;147;50;320;276;320;276;D_Zona;WSCR_Nudo;D_Zona;WSCR_Nudo;800;;320;276;320;276;320;276;Concurso por resolución SEE. ;0;0;0;0;0;0;0;0;33;28;0;0;33;28;Concurso;;;;;;;;;;;;;;;;
CATADAU 400;50146;Comunidad Valenciana;;1;2;;1.247; N/A ;  ;1.197;1.441;E103_SEPE;1.092;1.744;E103_SEPE;1.395;0; N/A ;0;0;349;0;50;298;349;349;0;0;0;0;0;0;0;0;0;0;0;0;D_Nudo;D_Nudo;D_Nudo;D_Nudo;600;;0;0;0;0;0;0;;0;0;0;0;0;0;0;0;0;0;0;0;0;0;;;;;;;;;;;;;;;;;
CATADAU 220;50146;Comunidad Valenciana;;;;;388; N/A ;  ;388;1.047;E103_SEPE, E240_SEPE;1.020;1.292;E103_SEPE, E240_SEPE;1.278;322; D39_SEPE ;N/A;226;0;0;0;0;0;0;0;0;0;0;0;0;0;0;226;226;226;226;D_Zona;D_Zona;D_Zona;D_Zona;0;;0;0;226;226;226;226;Sin posibilidad de conexión. Margen zonal reservado concurso por resolución SEE/posible concurso/NTJ. ;0;0;0;0;0;0;0;0;0;0;0;0;0;0;;;;;;;;;;;;;;;;;
CEDILLO 400;50147;Extremadura;4;;;;1.019; N/A ;  ;203;1.511;N/A;695;2.092;N/A;1.276;752; N/A ;N/A;0;816;0;816;0;816;816;0;0;0;0;0;0;0;0;0;0;0;0;D_Nudo;D_Nudo;D_Nudo;D_Nudo;2.400;;0;0;0;0;0;0;;0;0;0;0;0;0;0;0;0;0;0;0;0;0;;;;;;;;;;;;;;;;;
CENTELLES 220;50148;Cataluña;;;3;;217; N/A ;  ;217;274;E209_SEPE;0;323;E209_SEPE;0;1.199; N/A ;N/A;1.157;41;0;0;41;41;32;9;0;0;0;0;0;0;0;0;0;0;0;Est_Gen_Zona;Est_Gen_Zona;Est_Alm_Zona;Est_Alm_Zona;0;;0;0;0;0;0;0;;0;0;0;0;0;0;0;0;0;0;0;0;0;0;;;;;;;;;;;;;;;;;
CENTENARIO 220;50149;Andalucía;;;2;;690; N/A ;  ;495;400;E297_SEPE;0;425;E297_SEPE;0;1.911; N/A ;956;1.476;435;0;195;240;435;435;0;0;0;0;0;0;0;0;0;0;0;0;Est_Gen_Nudo;Est_Gen_Nudo;Est_Alm_Nudo;Est_Alm_Nudo;0;;0;0;0;0;0;0;;0;0;0;0;0;0;0;0;0;0;0;0;0;0;;;;;;;;;;;;;;;;;
CERCS 220;50151;Cataluña;1;;2;;206; N/A ;  ;186;426;E209_SEPE;0;511;E209_SEPE;0;1.221; N/A ;N/A;1.161;59;33;20;6;26;59;0;0;0;0;0;0;0;0;0;0;0;0;Est_Gen_Zona;Est_Gen_Zona;Est_Alm_Zona;Est_Alm_Zona;400;;0;0;0;0;0;0;;0;0;0;0;0;0;0;0;0;0;0;0;0;0;;;;;;;;;;;;;;;;;
CERDA 220;50719;Cataluña;;;;2;667; N/A ;  ;667;726;N/A;726;1.016;N/A;1.016;805; N/A ;N/A;805;0;0;0;0;0;0;0;0;0;0;0;0;0;0;726;667;805;667;Est_Gen_Nudo;WSCR_Nudo;D_Nudo;WSCR_Nudo;0;;0;0;0;0;0;0;;0;0;726;667;0;0;805;667;0;0;0;0;0;0;;;;;;;;;;;;;;;;;
CERRATO 400;50152;Castilla y León;;1;;;1.115; N/A ;  ;359;1.705;N/A;949;2.143;N/A;1.387;494; N/A ;494;0;756;0;756;0;756;756;0;0;0;0;0;0;0;0;0;0;0;0;D_Nudo;D_Nudo;D_Nudo;D_Nudo;600;SI;0;0;0;0;0;0;;0;0;0;0;0;0;0;0;0;0;0;0;0;0;;;;;;;;;;;;;;;;;
CERRO PLATA 220;50153;Comunidad de Madrid;;;5;;867; N/A ;  ;857;170;N/A;170;703;N/A;683;676; N/A ;N/A;656;20;0;10;10;20;0;20;10;0;0;10;10;0;10;170;170;656;656;Est_Gen_Nudo;Est_Gen_Nudo;D_Nudo;D_Nudo;0;;0;0;0;0;0;0;;0;0;170;170;0;0;656;656;0;0;0;0;0;0;;;;;;;;;;;;;;;;;
CERVELLO 220;50154;Cataluña;;;3;;602; N/A ;  ;582;596;N/A;593;670;N/A;646;817; N/A ;N/A;794;23;0;20;3;23;3;20;12;0;0;12;12;12;0;593;582;646;582;Est_Gen_Nudo;WSCR_Nudo;Est_Alm_Nudo;WSCR_Nudo;0;;0;0;593;582;646;582;Concurso por resolución SEE. ;0;0;0;0;0;0;0;0;59;58;0;0;59;58;Concurso;;;;;;;;;;;;;;;;
CHANTADA 220;50155;Galicia;1;;1;;278; N/A ;  ;196;514;E173_SEPE;0;540;E173_SEPE;0;1.266; N/A ;N/A;630;637;291;82;264;346;637;0;0;0;0;0;0;0;0;0;0;0;0;Est_Gen_Nudo;Est_Gen_Nudo;Est_Alm_Nudo;Est_Alm_Nudo;400;;0;0;0;0;0;0;;0;0;0;0;0;0;0;0;0;0;0;0;0;0;;;;;;;;;;;;;;;;;
CHAYOFA 66;50156;Canarias;;;3;;97; N/A ;  ;93;170;N/A;157;180;N/A;167;58; N/A ;N/A;45;15;2;4;9;13;15;0;0;0;0;0;0;0;0;45;45;45;45;D_Nudo;D_Nudo;D_Nudo;D_Nudo;#¡VALOR!;;45;45;0;0;0;0;;0;0;45;45;0;0;45;45;0;0;0;0;0;0;;;;;;;;;;;;;;;;;
CHIO 66;50720;Canarias;;;;;18; N/A ;  ;18;220;E18_SEC, E21_SEC;168;223;E18_SEC, E21_SEC;168;59; N/A ;N/A;59;0;0;0;0;0;0;0;0;0;0;0;0;0;0;59;18;59;18;D_Nudo;WSCR_Nudo;D_Nudo;WSCR_Nudo;#¡VALOR!;;59;18;59;18;59;18;Sin posibilidad de conexión. ;0;0;0;0;0;0;0;0;0;0;0;0;0;0;;;;;;;;;;;;;;;;;
CHUCENA 220;50721;Andalucía;;1;;2;321; N/A ;  ;29;932;E189_SEPE;392;991;E189_SEPE;554;1.090; N/A ;N/A;788;302;0;293;9;302;302;0;182;0;182;0;182;182;0;392;29;554;29;Est_Gen_Zona;WSCR_Nudo;Est_Alm_Zona;WSCR_Nudo;400;;224;29;392;29;554;29;Concurso por resolución SEE. Margen zonal reservado concurso por resolución SEE/posible concurso/NTJ. ;0;0;0;0;0;0;0;0;44;7;0;0;44;7;Concurso;;;;;;;;;;;;;;;;
CICERO 220;50157;Cantabria;;;1;;142; N/A ;  ;65;615;E8_SEPE;419;617;E8_SEPE;419;969; D22_SEPE ;N/A;772;135;0;77;59;135;135;0;0;0;0;0;0;0;0;419;65;419;65;Est_Gen_Zona;WSCR_Nudo;Est_Alm_Zona;WSCR_Nudo;0;;0;0;419;65;419;65;Margen zonal reservado concurso por resolución SEE/posible concurso/NTJ. ;0;0;0;0;0;0;0;0;0;0;0;0;0;0;;;;;;;;;;;;;;;;;
CILLAMAYOR 220;50158;Castilla y León;1;;;;266; N/A ;  ;53;403;E180_SEPE;104;444;E180_SEPE;145;1.257; N/A ;N/A;958;299;0;213;86;299;299;0;221;0;50;171;221;86;135;104;53;145;53;Est_Gen_Nudo;WSCR_Nudo;Est_Alm_Nudo;WSCR_Nudo;400;;101;53;104;53;145;53;Concurso por resolución SEE. ;0;0;0;0;0;0;0;0;10;5;0;0;10;5;Concurso;;;;;;;;;;;;;;;;
CINCA 220;50159;Aragón;;;1;2;269; N/A ;  ;269;332;N/A;208;415;N/A;292;1.270; N/A ;N/A;1.147;123;65;0;58;58;123;0;0;0;0;0;0;0;0;208;208;292;269;Est_Gen_Nudo;Est_Gen_Nudo;Est_Alm_Nudo;WSCR_Nudo;0;;0;0;208;208;292;269;Concurso por resolución SEE. ;0;0;0;0;0;0;0;0;21;21;0;0;21;21;Concurso;;;;;;;;;;;;;;;;
CINSA 66;50160;Canarias;;2 *;2;;50; N/A ;  ;42;102;E08_SEC, E09_SEC;0;111;E08_SEC, E09_SEC;0;34; N/A ;N/A;19;15;0;8;7;15;15;0;0;0;0;0;0;0;0;0;0;0;0;Est_Gen_Zona;Est_Gen_Zona;Est_Alm_Zona;Est_Alm_Zona;#¡VALOR!;;0;0;0;0;0;0;;0;0;0;0;0;0;0;0;0;0;0;0;0;0;;;;;;;;;;;;;;;;;
CISNEROS 220;50722;Comunidad de Madrid;;1;;2;440; N/A ;  ;395;616;E292_SEPE;0;752;E292_SEPE;210;988; N/A ;N/A;943;45;0;45;0;45;45;0;0;0;0;0;0;0;0;0;0;210;210;Est_Gen_Zona;Est_Gen_Zona;Est_Alm_Zona;Est_Alm_Zona;400;;0;0;0;0;210;210;Concurso por resolución SEE. ;0;0;0;0;0;0;0;0;0;0;0;0;0;0;Concurso;;;;;;;;;;;;;;;;
CIUDAD DEPORTIVA 220;50161;Comunidad de Madrid;;;2;1;150; N/A ;  ;150;998;E45_SEPE;998;1.023;E45_SEPE;1.023;760; D42_SEPE ;N/A;317;0;0;0;0;0;0;0;0;0;0;0;0;0;0;317;150;317;150;D_Zona;WSCR_Nudo;D_Zona;WSCR_Nudo;0;;0;0;317;150;317;150;Concurso por resolución SEE. Margen zonal reservado concurso por resolución SEE/posible concurso/NTJ. ;0;0;0;0;0;0;0;0;32;15;0;0;32;15;Concurso;;;;;;;;;;;;;;;;
CIUDAD RODRIGO 400;50796;Castilla y León;;1;;;765; N/A ;  ;479;1.278;E284_SEPE;992;2.108;E284_SEPE;1.822;850; N/A ;850;564;286;0;286;0;286;286;0;0;0;0;0;0;0;0;564;479;564;479;D_Nudo;WSCR_Nudo;D_Nudo;WSCR_Nudo;600;;314;314;564;479;564;479;Concurso por resolución SEE. ;0;0;0;0;0;0;0;0;56;48;0;0;56;48;Concurso;;;;;;;;;;;;;;;;
CIUDADELA 132;50162;Islas Baleares;;1;3;;54; N/A ;  ;6;118;E30_SEB;0;118;E30_SEB;0;239; D4_SEB ;N/A;20;57;0;48;9;57;57;0;0;0;0;0;0;0;0;0;0;0;0;Est_Gen_Zona;Est_Gen_Zona;Est_Alm_Zona;Est_Alm_Zona;#¡VALOR!;;0;0;0;0;0;0;;0;0;0;0;0;0;0;0;0;0;0;0;0;0;;;;;;;;;;;;;;;;;
CODONYERS 220;50163;Cataluña;;;4;;670; N/A ;  ;532;394;N/A;299;447;N/A;299;820; N/A ;N/A;673;148;10;138;0;138;10;138;0;0;0;0;0;0;0;299;299;299;299;Est_Gen_Nudo;Est_Gen_Nudo;Est_Alm_Nudo;Est_Alm_Nudo;0;SI;0;0;0;0;0;299;Limitación de capacidad por posición;0;0;299;299;0;0;299;0;0;0;0;0;0;0;;;;;;;;;;;;;;;;;
COFRENTES 400;50164;Comunidad Valenciana;;1;;;1.466; N/A ;  ;1.167;3.921;E339_SEPE;1.208;4.472;E339_SEPE;1.208;33; N/A ;17;0;1.448;1.150;298;0;298;1.448;0;0;0;0;0;0;0;0;0;0;0;0;D_Nudo;D_Nudo;D_Nudo;D_Nudo;600;SI;0;0;0;0;0;0;;0;0;0;0;0;0;0;0;0;0;0;0;0;0;;;;;;;;;;;;;;;;;
COLISEO 66;50165;Islas Baleares;;;3;;180; N/A ; Riesgo interacciones ;153;220;N/A;211;238;N/A;211;219; N/A ;N/A;192;27;0;27;0;27;0;27;0;0;0;0;0;0;0;192;153;192;153;D_Nudo;WSCR_Nudo;D_Nudo;WSCR_Nudo;#¡VALOR!;;192;153;0;0;0;0;;0;0;192;153;0;0;192;153;0;0;0;0;0;0;;;;;;;;;;;;;;;;;
COLLBLANC 220;50166;Cataluña;;;4;;371; N/A ; Superación valor máx Icc ;371;912;N/A;912;1.103;N/A;1.103;803; N/A ;N/A;803;0;0;0;0;0;0;0;0;0;0;0;0;0;0;803;371;803;371;D_Nudo;WSCR_Nudo;D_Nudo;WSCR_Nudo;0;;0;0;0;0;0;0;;0;0;803;371;0;0;803;371;0;0;0;0;0;0;;;;;;;;;;;;;;;;;
COMPLUTUM 220;50703;Comunidad de Madrid;;1;;1;229; N/A ;  ;3;638;E275_SEPE;295;643;E275_SEPE;301;731; D61_SEPE ;N/A;0;227;0;227;0;227;227;0;0;0;0;0;0;0;0;0;0;0;0;D_Zona;D_Zona;D_Zona;D_Zona;400;;0;0;0;0;0;0;;0;0;0;0;0;0;0;0;0;0;0;0;0;0;Concurso;;;;;;;;;;;;;;;;
COMPOSTILLA 400;50168;Castilla y León;2;1;;;1.198; N/A ;  ;1.198;1.380;N/A;1.357;1.630;N/A;1.607;0; N/A ;0;0;23;14;0;9;9;23;0;0;0;0;0;0;0;0;0;0;0;0;D_Nudo;D_Nudo;D_Nudo;D_Nudo;1.800;;0;0;0;0;0;0;;0;0;0;0;0;0;0;0;0;0;0;0;0;0;NTJ;;;;;;;;;;;;;;;;
COMPOSTILLA 220;50168;Castilla y León;2;1;1;;828; N/A ;  ;828;775;N/A;655;808;N/A;688;744; N/A ;N/A;624;120;110;0;10;10;120;0;0;0;0;0;0;0;0;624;624;624;624;D_Nudo;D_Nudo;D_Nudo;D_Nudo;1.200;;624;624;624;624;624;624;Nudo de Transición Justa. ;0;0;0;0;0;0;0;0;0;0;0;0;0;0;NTJ;;;;;;;;;;;;;;;;
CONSO 220;50170;Galicia;3;1;;;392; N/A ;  ;293;575;N/A;52;586;N/A;52;1.294; N/A ;N/A;760;533;434;99;0;99;224;310;255;0;255;0;255;110;145;52;52;52;52;Est_Gen_Nudo;Est_Gen_Nudo;Est_Alm_Nudo;Est_Alm_Nudo;1.600;;52;52;0;0;0;0;;52;52;0;0;52;52;0;0;0;0;0;0;0;0;;;;;;;;;;;;;;;;;
CONSTANTI 220;50171;Cataluña;1;1;2;;514; N/A ;  ;489;1.471;N/A;1.397;1.765;N/A;1.671;805; N/A ;N/A;712;94;27;25;42;67;74;20;53;0;53;0;53;53;0;712;489;712;489;D_Nudo;WSCR_Nudo;D_Nudo;WSCR_Nudo;800;;712;489;712;489;712;489;Concurso por resolución SEE. ;0;0;0;0;0;0;0;0;72;49;0;0;72;49;Concurso;;;;;;;;;;;;;;;;
CORDOVILLA 220;50172;Comunidad Foral de Navarra;;1;2;;240; N/A ;  ;169;778;E251_SEPE;0;856;E251_SEPE;22;1.232; N/A ;N/A;1.031;201;87;71;43;114;151;50;50;0;50;0;50;0;50;0;0;22;22;Est_Gen_Zona;Est_Gen_Zona;Est_Alm_Zona;Est_Alm_Zona;400;;0;0;0;0;0;0;;0;0;0;0;0;0;22;22;0;0;0;0;0;0;;;;;;;;;;;;;;;;;
CORNATEL 220;50173;Galicia;2;;;;178; N/A ;  ;61;207;E5_SEPE;0;237;E5_SEPE;0;1.300; D6_SEPE ;N/A;977;237;120;117;0;117;120;117;0;0;0;0;0;0;0;0;0;0;0;Est_Gen_Nudo;Est_Gen_Nudo;Est_Alm_Nudo;Est_Alm_Nudo;800;;0;0;0;0;0;0;;0;0;0;0;0;0;0;0;0;0;0;0;0;0;;;;;;;;;;;;;;;;;
CORRALEJO 66;50174;Canarias;;;2;;11; N/A ;  ;3;97;E26_SEC;82;108;E26_SEC;83;25; N/A ;N/A;0;25;0;8;17;25;15;10;0;0;0;0;0;0;0;0;0;0;0;D_Nudo;D_Nudo;D_Nudo;D_Nudo;#¡VALOR!;;0;0;0;0;0;0;;0;0;0;0;0;0;0;0;0;0;0;0;0;0;;;;;;;;;;;;;;;;;
COSCURITA 220;51450;Castilla y León;;;;;322; N/A ;  ;322;616;E260_SEPE;616;776;E260_SEPE;776;1.269; N/A ;N/A;1.269;0;0;0;0;0;0;0;0;0;0;0;0;0;0;616;322;776;322;Est_Gen_Nudo;WSCR_Nudo;Est_Alm_Nudo;WSCR_Nudo;0;;0;0;616;322;776;322;Sin posibilidad de conexión. Margen zonal reservado concurso por resolución SEE/posible concurso/NTJ. ;0;0;0;0;0;0;0;0;0;0;0;0;0;0;;;;;;;;;;;;;;;;;
COSLADA 220;50175;Comunidad de Madrid;;;;;837; W05_SEPE_BIN ;  ;837;631;E169_SEPE_Bin;564;805;E169_SEPE_Bin;798;698; D82_SEPE_Bin ;N/A;224;7;2;0;5;5;7;0;0;0;0;0;0;0;0;224;224;224;224;D_Zona;D_Zona;D_Zona;D_Zona;0;;0;0;224;224;224;224;Sin posibilidad de conexión. Margen zonal reservado concurso por resolución SEE/posible concurso/NTJ. ;0;0;0;0;0;0;0;0;0;0;0;0;0;0;;;;;;;;;;;;;;;;;
COSLADA (COSLADA B) 220;50175;Comunidad de Madrid;;;2;;574; W05_SEPE_BIN ;  ;574;174;E169_SEPE_Bin;115;239;E169_SEPE_Bin;169;868; D82_SEPE_Bin ;N/A;224;69;0;0;69;69;59;10;0;0;0;0;0;0;0;115;115;169;169;Est_Gen_Nudo;Est_Gen_Nudo;Est_Alm_Nudo;Est_Alm_Nudo;0;;0;0;115;115;169;169;Concurso por resolución SEE. ;0;0;0;0;0;0;0;0;11;11;0;0;11;11;Concurso;;;;;;;;;;;;;;;;
COSTA DE LA LUZ 220;50176;Andalucía;;;2;;285; N/A ;  ;211;776;E314_SEPE;0;816;E314_SEPE;0;1.061; N/A ;N/A;866;195;0;74;121;195;195;0;19;0;0;19;19;19;0;0;0;0;0;Est_Gen_Zona;Est_Gen_Zona;Est_Alm_Zona;Est_Alm_Zona;0;;0;0;0;0;0;0;;0;0;0;0;0;0;0;0;0;0;0;0;0;0;;;;;;;;;;;;;;;;;
COSTASOL 220;50177;Andalucía;;;3;;271; N/A ;  ;225;728;E193_SEPE;668;747;E193_SEPE;668;2.550; N/A ;1.275;2.471;79;0;46;34;79;46;34;0;0;0;0;0;0;0;668;225;668;225;Est_Gen_Nudo;WSCR_Nudo;Est_Alm_Nudo;WSCR_Nudo;0;;0;0;668;225;668;225;Concurso por resolución SEE. Margen zonal reservado concurso por resolución SEE/posible concurso/NTJ. ;0;0;0;0;0;0;0;0;64;23;0;0;64;23;Concurso;;;;;;;;;;;;;;;;
COTORROS 400;51447;Castilla y León;;1;;;576; N/A ;  ;468;1.216;E283_SEPE;1.108;1.430;E283_SEPE;1.322;1.150; N/A ;1.150;1.042;108;0;108;0;108;108;0;0;0;0;0;0;0;0;1.042;468;1.042;468;D_Nudo;WSCR_Nudo;D_Nudo;WSCR_Nudo;600;;492;468;1.042;468;1.042;468;Concurso por resolución SEE. Margen zonal reservado concurso por resolución SEE/posible concurso/NTJ. ;0;0;0;0;0;0;0;0;104;47;0;0;104;47;Concurso;;;;;;;;;;;;;;;;
CRISTOBAL COLON 220;50178;Andalucía;1;1;3;;469; N/A ;  ;181;870;N/A;179;1.230;N/A;539;1.011; N/A ;N/A;320;691;404;287;0;287;691;0;0;0;0;0;0;0;0;179;179;320;181;Est_Gen_Nudo;Est_Gen_Nudo;D_Nudo;WSCR_Nudo;800;;134;134;179;179;320;181;Concurso por resolución SEE. ;0;0;0;0;0;0;0;0;12;12;0;0;12;12;Concurso;;;;;;;;;;;;;;;;
CUESTA DE LA VILLA 66;50179;Canarias;;;3;;98; N/A ;  ;40;254;N/A;206;264;N/A;206;58; N/A ;N/A;0;58;0;58;0;58;0;58;0;0;0;0;0;0;0;0;0;0;0;D_Nudo;D_Nudo;D_Nudo;D_Nudo;#¡VALOR!;;0;0;0;0;0;0;;0;0;0;0;0;0;0;0;0;0;0;0;0;0;;;;;;;;;;;;;;;;;
DAGANZO 220;50180;Comunidad de Madrid;;1;2;;384; N/A ;  ;207;502;E292_SEPE;0;529;E292_SEPE;210;917; N/A ;N/A;730;186;0;176;10;186;186;0;0;0;0;0;0;0;0;0;0;210;207;Est_Gen_Zona;Est_Gen_Zona;Est_Alm_Zona;WSCR_Nudo;400;;0;0;0;0;210;207;Margen zonal reservado concurso por resolución SEE/posible concurso/NTJ. ;0;0;0;0;0;0;0;0;0;0;0;0;0;0;;;;;;;;;;;;;;;;;
DIQUE DEL ESTE 66;50181;Canarias;;1 *;2;;48; N/A ;  ;35;104;N/A;93;106;N/A;93;57; N/A ;N/A;44;13;0;13;0;13;0;13;32;0;32;0;32;0;32;44;35;44;35;D_Nudo;WSCR_Nudo;D_Nudo;WSCR_Nudo;#¡VALOR!;;44;35;0;0;0;0;;44;35;44;35;44;35;44;35;0;0;0;0;0;0;;;;;;;;;;;;;;;;;
DON ALVARO 400;51301;Extremadura;;1;;;443; N/A ;  ;443;2.178;N/A;2.178;2.417;N/A;2.417;1.095; N/A ;1.095;1.095;0;0;0;0;0;0;0;109;0;109;0;109;109;0;1.095;443;1.095;443;D_Nudo;WSCR_Nudo;D_Nudo;WSCR_Nudo;600;;600;443;1.095;443;1.095;443;Concurso por resolución SEE. ;0;0;0;0;0;0;0;0;109;44;0;0;109;44;Concurso;;;;;;;;;;;;;;;;
DON RODRIGO 400;50182;Andalucía;;1;;;1.640; N/A ;  ;942;2.656;E263_SEPE, E294_SEPE_Bin, E58_SEPE;1.264;2.788;E263_SEPE, E294_SEPE_Bin, E58_SEPE;1.396;195; N/A ;195;0;698;0;698;0;698;698;0;0;0;0;0;0;0;0;0;0;0;0;D_Nudo;D_Nudo;D_Nudo;D_Nudo;600;SI;0;0;0;0;0;0;;0;0;0;0;0;0;0;0;0;0;0;0;0;0;;;;;;;;;;;;;;;;;
DON RODRIGO 220;50182;Andalucía;1;;2;;773; W06_SEPE_BIN ; Superación valor máx Icc ;257;1.752;E293_SEPE_Bin, E294_SEPE_Bin, E58_SEPE;1.059;1.817;E293_SEPE_Bin, E294_SEPE_Bin, E58_SEPE;1.123;2.603; D85_SEPE_Bin ;903;952;693;113;515;65;580;693;0;50;0;0;50;50;50;0;952;257;952;257;D_Zona;WSCR_Nudo;D_Zona;WSCR_Nudo;400;SI;0;0;952;257;952;257;Concurso por resolución SEE. Limitación de capacidad por posición;0;0;0;0;0;0;0;0;96;26;0;0;96;26;Concurso;;;;;;;;;;;;;;;;
DON RODRIGO (DON RODRIGO B) 220;50182;Andalucía;;;;;599; W06_SEPE_BIN ; Superación valor máx Icc ;310;1.245;E263_SEPE, E293_SEPE_Bin, E294_SEPE_Bin;1.214;1.327;E263_SEPE, E293_SEPE_Bin, E294_SEPE_Bin;1.296;1.961; D85_SEPE_Bin ;980;952;31;0;31;0;31;31;0;0;0;0;0;0;0;0;952;310;952;310;D_Zona;WSCR_Zona;D_Zona;WSCR_Zona;0;SI;0;0;952;310;952;310;Sin posibilidad de conexión. Margen zonal reservado concurso por resolución SEE/posible concurso/NTJ. Limitación de capacidad por posición;0;0;0;0;0;0;0;0;0;0;0;0;0;0;;;;;;;;;;;;;;;;;
DOS HERMANAS 220;50183;Andalucía;;1;3;;605; N/A ;  ;199;1.177;N/A;611;1.244;N/A;678;923; N/A ;N/A;357;566;10;406;150;556;566;0;167;0;62;105;167;167;0;357;199;357;199;D_Nudo;WSCR_Nudo;D_Nudo;WSCR_Nudo;400;;74;74;357;199;357;199;Concurso por resolución SEE. ;0;0;0;0;0;0;0;0;36;20;0;0;36;20;Concurso;;;;;;;;;;;;;;;;
DRAGO 66;50774;Canarias;;;;;30; N/A ;  ;30;253;E20_SEC;239;254;E20_SEC;239;58; N/A ;N/A;58;0;0;0;0;0;0;0;0;0;0;0;0;0;0;58;30;58;30;D_Nudo;WSCR_Nudo;D_Nudo;WSCR_Nudo;#¡VALOR!;;58;30;58;30;58;30;Sin posibilidad de conexión. ;0;0;0;0;0;0;0;0;0;0;0;0;0;0;;;;;;;;;;;;;;;;;
DRAGONERA 132;50184;Islas Baleares;;1;4;;36; N/A ;  ;0;118;E30_SEB;0;127;E30_SEB;0;226; D4_SEB ;N/A;20;53;0;43;10;53;53;0;0;0;0;0;0;0;0;0;0;0;0;Est_Gen_Zona;WSCR_Nudo/Est_Gen_Zona;Est_Alm_Zona;WSCR_Nudo/Est_Alm_Zona;#¡VALOR!;;0;0;0;0;0;0;;0;0;0;0;0;0;0;0;0;0;0;0;0;0;;;;;;;;;;;;;;;;;
EBORA 220;50185;Castilla-La Mancha;;1;1;;339; N/A ;  ;214;599;E212_SEPE;274;638;E212_SEPE;384;1.206; N/A ;N/A;1.079;127;2;125;0;125;127;0;36;0;0;36;36;36;0;274;214;384;214;Est_Gen_Zona;WSCR_Nudo;Est_Alm_Zona;WSCR_Nudo;400;;274;214;274;214;384;214;Concurso por resolución SEE. Margen zonal reservado concurso por resolución SEE/posible concurso/NTJ. ;0;0;0;0;0;0;0;0;27;21;0;0;27;21;Concurso;;;;;;;;;;;;;;;;
EIRIS 220;50189;Galicia;;;2;;385; N/A ;  ;385;446;E244_SEPE, E279_SEPE;36;469;E244_SEPE, E279_SEPE;36;811; D10_SEPE ;N/A;0;10;0;0;10;10;0;10;0;0;0;0;0;0;0;0;0;0;0;D_Zona;D_Zona;D_Zona;D_Zona;0;;0;0;0;0;0;0;;0;0;0;0;0;0;0;0;0;0;0;0;0;0;;;;;;;;;;;;;;;;;
EIXAMPLE 220;50190;Cataluña;;;3;;65; N/A ;  ;65;595;N/A;595;600;N/A;600;820; N/A ;N/A;820;0;0;0;0;0;0;0;0;0;0;0;0;0;0;595;65;600;65;Est_Gen_Nudo;WSCR_Nudo;Est_Alm_Nudo;WSCR_Nudo;0;;0;0;0;0;0;0;;0;0;595;65;0;0;600;65;0;0;0;0;0;0;;;;;;;;;;;;;;;;;
EL CANTALAR 220;50191;Comunidad Valenciana;;1;2;;271; N/A ;  ;117;838;E37_SEPE;660;851;E37_SEPE;673;455; D50_SEPE ;N/A;0;178;7;154;16;170;178;0;0;0;0;0;0;0;0;0;0;0;0;D_Zona;D_Zona;D_Zona;D_Zona;400;;0;0;0;0;0;0;;0;0;0;0;0;0;0;0;0;0;0;0;0;0;;;;;;;;;;;;;;;;;
EL CERRO 220;50192;Castilla y León;1;;;;30; N/A ;  ;0;249;E12_SEPE;219;262;E12_SEPE;232;1.227; D60_SEPE ;N/A;757;30;0;30;0;30;30;0;443;0;0;443;443;398;46;219;0;232;0;Est_Gen_Nudo;WSCR_Nudo;Est_Alm_Nudo;WSCR_Nudo;400;;219;0;0;0;13;0;;219;0;0;0;219;0;0;0;0;0;0;0;0;0;;;;;;;;;;;;;;;;;
EL CONDADO 220;51403;Andalucía;;;;;271; N/A ;  ;271;216;N/A;216;296;N/A;296;1.112; N/A ;N/A;1.112;0;0;0;0;0;0;0;0;0;0;0;0;0;0;216;216;296;271;Est_Gen_Nudo;Est_Gen_Nudo;Est_Alm_Nudo;WSCR_Nudo;0;;0;0;216;216;296;271;Sin posibilidad de conexión. ;0;0;0;0;0;0;0;0;0;0;0;0;0;0;;;;;;;;;;;;;;;;;
EL COTO 220;UFD-50222;Comunidad de Madrid;;;3;;900; N/A ;  ;900;880;N/A;880;964;N/A;964;678; N/A ;N/A;678;0;0;0;0;0;0;0;0;0;0;0;0;0;0;678;678;678;678;D_Nudo;D_Nudo;D_Nudo;D_Nudo;0;;0;0;0;0;0;0;;0;0;678;678;0;0;678;678;0;0;0;0;0;0;;;;;;;;;;;;;;;;;
EL EMPERADOR 220;50193;Castilla-La Mancha;;;;;166; N/A ;  ;166;401;E211_SEPE;401;556;E211_SEPE;556;1.295; N/A ;N/A;1.295;0;0;0;0;0;0;0;0;0;0;0;0;0;0;401;166;556;166;Est_Gen_Nudo/Est_Gen_Zona;WSCR_Nudo;Est_Alm_Nudo/Est_Alm_Zona;WSCR_Nudo;0;;0;0;401;166;556;166;Sin posibilidad de conexión. ;0;0;0;0;0;0;0;0;0;0;0;0;0;0;;;;;;;;;;;;;;;;;
EL MORELL 220;50194;Cataluña;;;;;271; N/A ;  ;271;109;E347_SEPE;109;214;E347_SEPE;214;806; D57_SEPE ;N/A;806;0;0;0;0;0;0;0;0;0;0;0;0;0;0;109;109;214;214;Est_Gen_Nudo/Est_Gen_Zona;Est_Gen_Nudo/Est_Gen_Zona;Est_Alm_Nudo;Est_Alm_Nudo;0;;0;0;109;109;214;214;Sin posibilidad de conexión. ;0;0;0;0;0;0;0;0;0;0;0;0;0;0;;;;;;;;;;;;;;;;;
EL PALMAR 400;50195;Región de Murcia;1;;;;790; N/A ;  ;183;5.343;E136_SEPE;4.234;5.642;E136_SEPE;4.533;12; N/A ;12;0;607;0;607;0;607;607;0;0;0;0;0;0;0;0;0;0;0;0;D_Nudo;D_Nudo;D_Nudo;D_Nudo;600;SI;0;0;0;0;0;0;;0;0;0;0;0;0;0;0;0;0;0;0;0;0;;;;;;;;;;;;;;;;;
EL PALMAR 220;50195;Región de Murcia;;;6;;157; N/A ;  ;54;2.076;E136_SEPE, E39_SEPE;1.574;2.145;E136_SEPE, E39_SEPE;1.642;451; D67_SEPE ;N/A;0;503;6;103;393;497;503;0;0;0;0;0;0;0;0;0;0;0;0;D_Nudo/D_Zona;D_Nudo/D_Zona;D_Nudo/D_Zona;D_Nudo/D_Zona;0;;0;0;0;0;0;0;;0;0;0;0;0;0;0;0;0;0;0;0;0;0;;;;;;;;;;;;;;;;;
EL PALMAR DE LA GOMERA 66;50725;Canarias;;;;2;9; N/A ;  ;9;100;E21_SEC;79;102;E21_SEC;80;58; N/A ;N/A;37;21;0;0;21;21;21;0;0;0;0;0;0;0;0;37;9;37;9;D_Nudo;WSCR_Nudo;D_Nudo;WSCR_Nudo;#¡VALOR!;;37;9;0;0;0;0;;0;0;37;9;0;0;37;9;0;0;0;0;0;0;;;;;;;;;;;;;;;;;
EL PALMERAL 220;50196;Comunidad Valenciana;;1;3;1;469; N/A ;  ;299;889;E259_SEPE;717;957;E259_SEPE;786;839; N/A ;N/A;667;172;0;170;2;172;172;0;0;0;0;0;0;0;0;667;299;667;299;D_Nudo;WSCR_Nudo;D_Nudo;WSCR_Nudo;400;;230;230;667;299;667;299;Concurso por resolución SEE. Margen zonal reservado concurso por resolución SEE/posible concurso/NTJ. ;0;0;0;0;0;0;0;0;67;30;0;0;67;30;Concurso;;;;;;;;;;;;;;;;
EL PALO 400;50197;Principado de Asturias;;1;1;;857; N/A ;  ;542;2.939;N/A;2.624;3.241;N/A;2.926;1.028; N/A ;N/A;713;315;0;315;0;315;315;0;90;0;90;0;90;90;0;713;542;713;542;D_Nudo;WSCR_Nudo;D_Nudo;WSCR_Nudo;600;;600;542;713;542;713;542;Concurso por resolución SEE. ;0;0;0;0;0;0;0;0;71;54;0;0;71;54;Concurso;;;;;;;;;;;;;;;;
EL PETREL 220;50198;Comunidad Valenciana;;;3;;268; N/A ;  ;192;600;E186_SEPE;346;638;E186_SEPE;383;877; N/A ;N/A;622;255;9;76;169;246;255;0;0;0;0;0;0;0;0;346;192;383;192;Est_Gen_Nudo;WSCR_Nudo;Est_Alm_Nudo;WSCR_Nudo;0;;0;0;0;0;0;0;;0;0;346;192;0;0;383;192;0;0;0;0;0;0;;;;;;;;;;;;;;;;;
EL ROSARIO 220;50726;Canarias;;;;;39; N/A ;  ;39;510;E13_SEC;510;514;E13_SEC;514;57; N/A ;N/A;57;0;0;0;0;0;0;0;0;0;0;0;0;0;0;57;39;57;39;D_Nudo;WSCR_Nudo;D_Nudo;WSCR_Nudo;0;;0;0;57;39;57;39;Sin posibilidad de conexión. ;0;0;0;0;0;0;0;0;0;0;0;0;0;0;;;;;;;;;;;;;;;;;
EL ROSARIO 66;50726;Canarias;;;;;92; N/A ;  ;92;344;E13_SEC;344;350;E13_SEC;350;57; N/A ;N/A;57;0;0;0;0;0;0;0;0;0;0;0;0;0;0;57;57;57;57;D_Nudo;D_Nudo;D_Nudo;D_Nudo;#¡VALOR!;;57;57;57;57;57;57;Sin posibilidad de conexión. ;0;0;0;0;0;0;0;0;0;0;0;0;0;0;;;;;;;;;;;;;;;;;
EL SEQUERO 220;50199;La Rioja;1;1;2;;366; N/A ;  ;97;897;E307_SEPE;394;1.076;E307_SEPE;573;1.211; N/A ;N/A;856;356;6;269;80;350;356;0;406;0;155;251;406;406;0;394;97;573;97;Est_Gen_Zona;WSCR_Nudo;Est_Alm_Zona;WSCR_Nudo;800;;394;97;394;97;573;97;Concurso por resolución SEE. Margen zonal reservado concurso por resolución SEE/posible concurso/NTJ. ;0;0;0;0;0;0;0;0;39;10;0;0;39;10;Concurso;;;;;;;;;;;;;;;;
EL SERRALLO 220;50727;Comunidad Valenciana;;;;2;406; N/A ;  ;406;592;E101_SEPE, E34_SEPE;0;664;E101_SEPE, E34_SEPE;0;1.012; N/A ;N/A;1.012;0;0;0;0;0;0;0;0;0;0;0;0;0;0;0;0;0;0;Est_Gen_Zona;Est_Gen_Zona;Est_Alm_Zona;Est_Alm_Zona;0;;0;0;0;0;0;0;;0;0;0;0;0;0;0;0;0;0;0;0;0;0;;;;;;;;;;;;;;;;;
EL TABLERO 66;50200;Canarias;;;2;;88; N/A ;  ;66;125;N/A;99;133;N/A;107;36; N/A ;N/A;10;26;0;22;4;26;26;0;0;0;0;0;0;0;0;10;10;10;10;D_Nudo;D_Nudo;D_Nudo;D_Nudo;#¡VALOR!;;10;10;0;0;0;0;;0;0;10;10;0;0;10;10;0;0;0;0;0;0;;;;;;;;;;;;;;;;;
EL ZUMAJO 220;50798;Andalucía;;1;;1;412; N/A ;  ;126;592;N/A;198;604;N/A;198;1.271; N/A ;N/A;865;406;0;286;120;406;386;20;75;0;0;75;75;64;10;198;126;198;126;Est_Gen_Nudo;WSCR_Nudo;Est_Alm_Nudo;WSCR_Nudo;400;;114;114;198;126;198;126;Concurso por resolución SEE. ;0;0;0;0;0;0;0;0;17;13;0;0;17;13;Concurso;;;;;;;;;;;;;;;;
ELCHE 220;50201;Comunidad Valenciana;;1;2;;441; N/A ;  ;388;451;E187_SEPE;384;634;E187_SEPE;568;723; N/A ;N/A;656;67;0;53;13;67;67;0;9;0;9;0;9;9;0;384;384;568;388;Est_Gen_Nudo;Est_Gen_Nudo;Est_Alm_Nudo;WSCR_Nudo;400;;384;384;384;384;568;388;Concurso por resolución SEE. Margen zonal reservado concurso por resolución SEE/posible concurso/NTJ. ;0;0;0;0;0;0;0;0;40;40;0;0;40;40;Concurso;;;;;;;;;;;;;;;;
ELCOGAS 220;50202;Castilla-La Mancha;1;;;;398; N/A ;  ;103;640;E20_SEPE, E323_SEPE;49;680;E20_SEPE, E323_SEPE;237;1.182; D5_SEPE ;N/A;531;443;148;295;0;295;443;0;0;0;0;0;0;0;0;49;49;237;103;Est_Gen_Zona;Est_Gen_Zona;Est_Alm_Nudo;WSCR_Nudo;400;SI;0;0;49;49;237;103;Margen zonal reservado concurso por resolución SEE/posible concurso/NTJ. Limitación de capacidad por posición;0;0;0;0;0;0;0;0;0;0;0;0;0;0;;;;;;;;;;;;;;;;;
ELDA 220;50728;Comunidad Valenciana;;1;3;;398; N/A ;  ;398;742;E186_SEPE;742;787;E186_SEPE;787;835; N/A ;N/A;835;0;0;0;0;0;0;0;0;0;0;0;0;0;0;742;398;787;398;Est_Gen_Nudo;WSCR_Nudo;Est_Alm_Nudo;WSCR_Nudo;400;;400;398;742;398;787;398;Concurso por resolución SEE. ;0;0;0;0;0;0;0;0;74;40;0;0;74;40;Concurso;;;;;;;;;;;;;;;;
ELGEA 220;50203;País Vasco;1;;;;265; N/A ;  ;61;250;E256_SEPE;34;373;E256_SEPE;34;1.049; D72_SEPE ;N/A;710;266;0;204;62;266;158;108;181;0;176;5;181;113;68;34;34;34;34;Est_Gen_Zona;Est_Gen_Zona;Est_Alm_Zona;Est_Alm_Zona;400;;34;34;0;0;0;0;;34;34;0;0;34;34;0;0;0;0;0;0;0;0;;;;;;;;;;;;;;;;;
ELIANA 400;50204;Comunidad Valenciana;;1;2;;1.142; N/A ;  ;1.142;1.661;E104_SEPE, E105_SEPE;1.295;1.708;E104_SEPE, E105_SEPE;1.342;0; N/A ;0;0;366;53;0;313;313;366;0;95;0;0;95;95;0;95;0;0;0;0;D_Nudo;D_Nudo;D_Nudo;D_Nudo;600;;0;0;0;0;0;0;;0;0;0;0;0;0;0;0;0;0;0;0;0;0;Concurso;;;;;;;;;;;;;;;;
ELIANA 220;50204;Comunidad Valenciana;;;2;;600; W09_SEPE_BIN ;  ;600;960;E104_SEPE, E158_SEPE_Bin;960;1.123;E104_SEPE, E158_SEPE_Bin;1.123;869; D80_SEPE_Bin ;N/A;604;0;0;0;0;0;0;0;50;0;0;50;50;50;0;604;600;604;600;D_Zona;WSCR_Nudo;D_Zona;WSCR_Nudo;0;;0;0;604;600;604;600;Concurso por resolución SEE. Margen zonal reservado concurso por resolución SEE/posible concurso/NTJ. ;0;0;0;0;0;0;0;0;60;60;0;0;60;60;Concurso;;;;;;;;;;;;;;;;
ELIANA (ELIANA B) 220;50204;Comunidad Valenciana;;;;;561; W09_SEPE_BIN ;  ;561;866;E105_SEPE, E158_SEPE_Bin;866;890;E105_SEPE, E158_SEPE_Bin;890;869; D80_SEPE_Bin ;N/A;604;0;0;0;0;0;0;0;0;0;0;0;0;0;0;604;561;604;561;D_Zona;WSCR_Nudo;D_Zona;WSCR_Nudo;0;;0;0;604;561;604;561;Sin posibilidad de conexión. Margen zonal reservado concurso por resolución SEE/posible concurso/NTJ. ;0;0;0;0;0;0;0;0;0;0;0;0;0;0;;;;;;;;;;;;;;;;;
ELS AUBALS 400;50205;Cataluña;;;;;718; N/A ;  ;718;1.584;E266_SEPE;1.506;2.015;E266_SEPE;1.937;2.401; N/A ;701;2.401;0;0;0;0;0;0;0;0;0;0;0;0;0;0;1.506;718;1.937;718;Est_Gen_Zona;WSCR_Nudo;Est_Alm_Zona;WSCR_Nudo;0;;0;0;1.506;718;1.937;718;Sin posibilidad de conexión. Margen zonal reservado concurso por resolución SEE/posible concurso/NTJ. ;0;0;0;0;0;0;0;0;0;0;0;0;0;0;;;;;;;;;;;;;;;;;
ELS AUBALS 220;50205;Cataluña;1;;2;;252; N/A ;  ;177;1.134;E266_SEPE;1.057;1.284;E266_SEPE;1.206;813; N/A ;N/A;735;78;0;75;3;78;78;0;0;0;0;0;0;0;0;735;177;735;177;D_Nudo;WSCR_Nudo;D_Nudo;WSCR_Nudo;400;;370;177;735;177;735;177;Concurso por resolución SEE. ;0;0;0;0;0;0;0;0;74;18;0;0;74;18;Concurso;;;;;;;;;;;;;;;;
ENTRENUCLEOS 220;50729;Andalucía;;1;;1;876; N/A ;  ;483;502;E192_SEPE;0;602;E192_SEPE;209;1.012; N/A ;N/A;619;393;0;393;0;393;393;0;490;0;490;0;490;0;490;0;0;209;209;Est_Gen_Zona;Est_Gen_Zona;Est_Alm_Nudo;Est_Alm_Nudo;400;;0;0;0;0;0;0;;0;0;0;0;0;0;209;209;0;0;0;0;0;0;;;;;;;;;;;;;;;;;
ENTRERRIOS 220;50206;Aragón;;;2;;244; N/A ;  ;174;536;N/A;315;609;N/A;388;1.236; N/A ;N/A;1.015;221;1;69;151;220;221;0;0;0;0;0;0;0;0;315;174;388;174;Est_Gen_Nudo;WSCR_Nudo;Est_Alm_Nudo;WSCR_Nudo;0;SI;0;0;0;0;0;174;Limitación de capacidad por posición;0;0;315;174;0;0;388;0;0;0;0;0;0;0;;;;;;;;;;;;;;;;;
ERISTE 220;50207;Aragón;2;;1;;246; N/A ;  ;246;191;E271_SEPE;111;221;E271_SEPE;141;1.186; D31_SEPE ;N/A;910;80;80;0;0;0;80;0;41;0;41;0;41;0;41;111;111;141;141;Est_Gen_Nudo;Est_Gen_Nudo;Est_Alm_Nudo;Est_Alm_Nudo;800;;111;111;111;111;141;141;Concurso por resolución SEE. Margen zonal reservado concurso por resolución SEE/posible concurso/NTJ. ;0;0;0;0;0;0;0;0;11;11;0;0;11;11;Concurso;;;;;;;;;;;;;;;;
ES BESSONS 220;50208;Islas Baleares;;;;;51; N/A ; Riesgo interacciones ;51;405;E02_SEB, E05_SEB;390;424;E02_SEB, E05_SEB;424;232; N/A ;N/A;232;0;0;0;0;0;0;0;0;0;0;0;0;0;0;232;51;232;51;D_Nudo;WSCR_Nudo;D_Nudo;WSCR_Nudo;0;;0;0;232;51;232;51;Sin posibilidad de conexión. ;0;0;0;0;0;0;0;0;0;0;0;0;0;0;;;;;;;;;;;;;;;;;
ES BESSONS 132;50208;Islas Baleares;;;;;25; N/A ; Riesgo interacciones ;25;297;E02_SEB;297;307;E02_SEB;307;232; D4_SEB ;N/A;20;0;0;0;0;0;0;0;0;0;0;0;0;0;0;20;20;20;20;D_Zona;D_Zona;D_Zona;D_Zona;#¡VALOR!;;20;20;20;20;20;20;Sin posibilidad de conexión. ;0;0;0;0;0;0;0;0;0;0;0;0;0;0;;;;;;;;;;;;;;;;;
ES BESSONS 66;50208;Islas Baleares;;;;;15; W01_SEB_BIN ; Riesgo interacciones ;15;318;E05_SEB, E18_SEB_BIN;318;336;E05_SEB, E18_SEB_BIN;336;235; D3_SEB, D5_SEB_BIN ;N/A;49;0;0;0;0;0;0;0;0;0;0;0;0;0;0;49;15;49;15;D_Zona;WSCR_Nudo;D_Zona;WSCR_Nudo;#¡VALOR!;;49;15;49;15;49;15;Sin posibilidad de conexión. ;0;0;0;0;0;0;0;0;0;0;0;0;0;0;;;;;;;;;;;;;;;;;
ES BESSONS (ES BESSONS B) 66;50208;Islas Baleares;;;;;15; W01_SEB_BIN ; Riesgo interacciones ;15;177;E05_SEB, E18_SEB_BIN;177;203;E05_SEB, E18_SEB_BIN;203;219; D5_SEB_BIN ;N/A;219;0;0;0;0;0;0;0;0;0;0;0;0;0;0;177;15;203;15;Est_Gen_Nudo;WSCR_Nudo;Est_Alm_Nudo;WSCR_Nudo;#¡VALOR!;;177;15;177;15;203;15;Sin posibilidad de conexión. ;0;0;0;0;0;0;0;0;0;0;0;0;0;0;;;;;;;;;;;;;;;;;
ESCALONA 220;50209;Aragón;;;;;305; N/A ;  ;305;241;N/A;241;347;N/A;347;1.263; N/A ;N/A;1.263;0;0;0;0;0;0;0;0;0;0;0;0;0;0;241;241;347;305;Est_Gen_Nudo;Est_Gen_Nudo;Est_Alm_Nudo;WSCR_Nudo;0;;0;0;241;241;347;305;Sin posibilidad de conexión. ;0;0;0;0;0;0;0;0;0;0;0;0;0;0;;;;;;;;;;;;;;;;;
ESCATRON 400;50210;Aragón;1;1;;;1.344; N/A ;  ;725;2.227;E62_SEPE;31;3.081;E62_SEPE;885;441; N/A ;N/A;0;1.423;804;619;0;619;1.423;0;0;0;0;0;0;0;0;0;0;0;0;D_Nudo;D_Nudo;D_Nudo;D_Nudo;1.200;SI;0;0;0;0;0;0;;0;0;0;0;0;0;0;0;0;0;0;0;0;0;;;;;;;;;;;;;;;;;
ESCATRON 220;50210;Aragón;;1;3;;946; N/A ;  ;710;891;E318_SEPE, E62_SEPE;0;1.049;E318_SEPE, E62_SEPE;0;537; N/A ;N/A;0;773;221;236;316;551;773;0;74;0;74;0;74;74;0;0;0;0;0;Est_Gen_Zona/D_Nudo;Est_Gen_Zona/D_Nudo;Est_Alm_Zona/D_Nudo;Est_Alm_Zona/D_Nudo;400;;0;0;0;0;0;0;;0;0;0;0;0;0;0;0;0;0;0;0;0;0;;;;;;;;;;;;;;;;;
ESCOBAR 66;50730;Canarias;;;;;65; N/A ;  ;0;163;E08_SEC;0;232;E08_SEC;0;4; D02_SEC ;N/A;0;65;0;65;0;65;65;0;0;0;0;0;0;0;0;0;0;0;0;Est_Gen_Zona/D_Nudo/D_Zona;WSCR_Nudo/Est_Gen_Zona/D_Nudo/D_Zona;Est_Alm_Zona/D_Nudo/D_Zona;WSCR_Nudo/Est_Alm_Zona/D_Nudo/D_Zona;#¡VALOR!;;0;0;0;0;0;0;;0;0;0;0;0;0;0;0;0;0;0;0;0;0;;;;;;;;;;;;;;;;;
ESCUCHA 220;50212;Aragón;2;;1;;381; N/A ;  ;339;316;E202_SEPE;0;412;E202_SEPE;285;1.213; N/A ;N/A;1.086;127;25;43;59;102;127;0;442;0;442;0;442;0;442;0;0;285;285;Est_Gen_Zona;Est_Gen_Zona;Est_Alm_Nudo;Est_Alm_Nudo;800;;0;0;0;0;0;0;;0;0;0;0;0;0;285;285;0;0;0;0;0;0;;;;;;;;;;;;;;;;;
ESPARTAL 220;50213;Aragón;2;;1;;249; N/A ;  ;193;943;E318_SEPE;0;1.044;E318_SEPE;0;1.198; N/A ;N/A;833;365;197;56;112;168;365;0;0;0;0;0;0;0;0;0;0;0;0;Est_Gen_Zona;Est_Gen_Zona;Est_Alm_Zona;Est_Alm_Zona;800;;0;0;0;0;0;0;;0;0;0;0;0;0;0;0;0;0;0;0;0;0;;;;;;;;;;;;;;;;;
ESPINARDO 220;51402;Región de Murcia;;;;1;89; N/A ;  ;89;866;E39_SEPE;866;871;E39_SEPE;871;451; D67_SEPE ;N/A;0;0;0;0;0;0;0;0;0;0;0;0;0;0;0;0;0;0;0;D_Zona;D_Zona;D_Zona;D_Zona;0;;0;0;0;0;0;0;;0;0;0;0;0;0;0;0;0;0;0;0;0;0;Concurso;;;;;;;;;;;;;;;;
ESQUEDAS 220;50214;Aragón;;1;1;1;151; N/A ;  ;50;476;E333_SEPE;0;511;E333_SEPE;0;1.299; N/A ;N/A;1.048;251;21;101;129;230;251;0;0;0;0;0;0;0;0;0;0;0;0;Est_Gen_Zona;Est_Gen_Zona;Est_Alm_Zona;Est_Alm_Zona;400;;0;0;0;0;0;0;;0;0;0;0;0;0;0;0;0;0;0;0;0;0;Concurso;;;;;;;;;;;;;;;;
FACINAS 220;50219;Andalucía;3;;;;161; N/A ;  ;0;490;E49_SEPE;94;510;E49_SEPE;114;960; D19_SEPE ;N/A;210;396;0;396;0;396;396;0;50;0;0;50;50;0;50;94;0;114;0;Est_Gen_Nudo;WSCR_Nudo;Est_Alm_Nudo;WSCR_Nudo;1.200;;94;0;0;0;20;0;;94;0;0;0;94;0;0;0;0;0;0;0;0;0;;;;;;;;;;;;;;;;;
FACULTATS 220;50220;Cataluña;;;2;;361; N/A ;  ;361;601;N/A;601;669;N/A;669;803; N/A ;N/A;803;0;0;0;0;0;0;0;0;0;0;0;0;0;0;601;361;669;361;Est_Gen_Nudo;WSCR_Nudo;Est_Alm_Nudo;WSCR_Nudo;0;;0;0;0;0;0;0;;0;0;601;361;0;0;669;361;0;0;0;0;0;0;;;;;;;;;;;;;;;;;
FADRELL 400;51408;Comunidad Valenciana;;;;;294; N/A ;  ;294;2.369;E272_SEPE;2.369;2.954;E272_SEPE;2.954;1.780; N/A ;80;1.780;0;0;0;0;0;0;0;0;0;0;0;0;0;0;1.780;294;1.780;294;D_Nudo;WSCR_Nudo;D_Nudo;WSCR_Nudo;0;;0;0;1.780;294;1.780;294;Sin posibilidad de conexión. ;0;0;0;0;0;0;0;0;0;0;0;0;0;0;;;;;;;;;;;;;;;;;
FALCA 66;50221;Islas Baleares;;;2;;172; N/A ; Riesgo interacciones ;162;193;N/A;193;203;N/A;193;219; N/A ;N/A;209;10;0;10;0;10;0;10;0;0;0;0;0;0;0;193;162;193;162;Est_Gen_Nudo;WSCR_Nudo;Est_Alm_Nudo;WSCR_Nudo;#¡VALOR!;;193;162;0;0;0;0;;0;0;193;162;0;0;193;162;0;0;0;0;0;0;;;;;;;;;;;;;;;;;
FARGUE 220;50222;Andalucía;;1;2;;207; N/A ;  ;184;1.340;E274_SEPE;1.153;1.381;E274_SEPE;1.307;1.066; N/A ;N/A;992;74;2;23;49;72;74;0;95;0;23;73;95;95;0;992;184;992;184;D_Nudo;WSCR_Nudo;D_Nudo;WSCR_Nudo;400;;400;184;992;184;992;184;Concurso por resolución SEE. Margen zonal reservado concurso por resolución SEE/posible concurso/NTJ. ;0;0;0;0;0;0;0;0;99;18;0;0;99;18;Concurso;;;;;;;;;;;;;;;;
FARNERS 400;51453;Cataluña;;;;;649; N/A ; Riesgo interacciones ;649;2.456;E356_SEPE;2.456;3.093;E356_SEPE;3.093;2.517; N/A ;817;2.517;0;0;0;0;0;0;0;0;0;0;0;0;0;0;2.456;649;2.517;649;Est_Gen_Nudo;WSCR_Nudo;D_Nudo;WSCR_Nudo;0;;0;0;2.456;649;2.517;649;Sin posibilidad de conexión. ;0;0;0;0;0;0;0;0;0;0;0;0;0;0;;;;;;;;;;;;;;;;;
FARNERS 220;51453;Cataluña;;;;;407; N/A ; Riesgo interacciones ;407;2.513;E356_SEPE, E357_SEPE;2.513;2.640;E356_SEPE, E357_SEPE;2.597;867; D92_SEPE ;N/A;764;0;0;0;0;0;0;0;0;0;0;0;0;0;0;764;407;764;407;D_Zona;WSCR_Nudo;D_Zona;WSCR_Nudo;0;;0;0;764;407;764;407;Sin posibilidad de conexión. Margen zonal reservado concurso por resolución SEE/posible concurso/NTJ. ;0;0;0;0;0;0;0;0;0;0;0;0;0;0;;;;;;;;;;;;;;;;;
FAUSITA 400;50223;Región de Murcia;3;1;;;489; N/A ;  ;269;1.656;E135_SEPE, E331_SEPE;290;2.029;E135_SEPE, E331_SEPE;830;1.669; N/A ;417;633;1.035;816;220;0;220;1.035;0;0;0;0;0;0;0;0;290;269;633;269;Est_Gen_Zona;WSCR_Nudo;D_Nudo;WSCR_Nudo;2.400;;290;269;290;269;633;269;Concurso por resolución SEE. Margen zonal reservado concurso por resolución SEE/posible concurso/NTJ. ;0;0;0;0;0;0;0;0;31;27;0;0;31;27;Concurso;;;;;;;;;;;;;;;;
FAUSITA 220;50223;Región de Murcia;;1;1;;558; N/A ;  ;273;1.816;E135_SEPE;290;2.080;E135_SEPE;830;468; N/A ;N/A;0;490;130;285;76;361;490;0;63;0;0;63;63;63;0;0;0;0;0;D_Nudo;D_Nudo;D_Nudo;D_Nudo;400;;0;0;0;0;0;0;;0;0;0;0;0;0;0;0;0;0;0;0;0;0;Concurso;;;;;;;;;;;;;;;;
FERIA DE MUESTRAS 220;50224;Comunidad Valenciana;;;3;;290; N/A ;  ;290;541;N/A;518;548;N/A;518;865; N/A ;N/A;835;30;0;0;30;30;0;30;0;0;0;0;0;0;0;518;290;518;290;Est_Gen_Nudo;WSCR_Nudo;Est_Alm_Nudo;WSCR_Nudo;0;;0;0;0;0;0;0;;0;0;518;290;0;0;518;290;0;0;0;0;0;0;;;;;;;;;;;;;;;;;
FOIX 220;50225;Cataluña;;;2;;475; N/A ;  ;475;794;N/A;794;867;N/A;867;822; N/A ;N/A;822;0;0;0;0;0;0;0;15;0;15;0;15;0;15;794;475;822;475;Est_Gen_Nudo;WSCR_Nudo;D_Nudo;WSCR_Nudo;0;;0;0;794;475;822;475;Concurso por resolución SEE. ;0;0;0;0;0;0;0;0;79;48;0;0;79;48;Concurso;;;;;;;;;;;;;;;;
FONTEFRIA 400;50731;Galicia;;;;;752; N/A ;  ;752;2.319;E119_SEPE;2.319;2.739;E119_SEPE;2.739;2.294; N/A ;594;2.294;0;0;0;0;0;0;0;0;0;0;0;0;0;0;2.294;752;2.294;752;D_Nudo;WSCR_Nudo;D_Nudo;WSCR_Nudo;0;;0;0;2.294;752;2.294;752;Sin posibilidad de conexión. Margen zonal reservado concurso por resolución SEE/posible concurso/NTJ. ;0;0;0;0;0;0;0;0;0;0;0;0;0;0;;;;;;;;;;;;;;;;;
FONTEFRIA 220;50731;Galicia;;1;;;705; N/A ;  ;667;1.037;E119_SEPE, E328_SEPE;618;1.342;E119_SEPE, E328_SEPE;788;772; N/A ;N/A;734;38;0;38;0;38;38;0;2;0;2;0;2;2;0;618;618;734;667;Est_Gen_Zona;Est_Gen_Zona;D_Nudo;WSCR_Nudo;400;;362;362;618;618;734;667;Concurso por resolución SEE. Margen zonal reservado concurso por resolución SEE/posible concurso/NTJ. ;0;0;0;0;0;0;0;0;62;62;0;0;62;62;Concurso;;;;;;;;;;;;;;;;
FORADADA 220;52068;Aragón;;;;;383; N/A ;  ;383;1.286;E271_SEPE;1.046;1.315;E271_SEPE;1.046;1.186; D31_SEPE ;N/A;910;0;0;0;0;0;0;0;0;0;0;0;0;0;0;910;383;910;383;D_Zona;WSCR_Nudo;D_Zona;WSCR_Nudo;0;;0;0;910;383;910;383;Sin posibilidad de conexión. Margen zonal reservado concurso por resolución SEE/posible concurso/NTJ. ;0;0;0;0;0;0;0;0;0;0;0;0;0;0;;;;;;;;;;;;;;;;;
FORMENTERA 132;50226;Islas Baleares;;;;;3; N/A ; Riesgo interacciones ;3;106;E23_SEB, E28_SEB;106;106;E23_SEB, E28_SEB;106;221; N/A ;N/A;221;0;0;0;0;0;0;0;0;0;0;0;0;0;0;106;3;106;3;Est_Gen_Zona;WSCR_Nudo;Est_Alm_Nudo;WSCR_Nudo;#¡VALOR!;;106;3;106;3;106;3;Sin posibilidad de conexión. ;0;0;0;0;0;0;0;0;0;0;0;0;0;0;;;;;;;;;;;;;;;;;
FORMENTERA 30;50226;Islas Baleares;;;2;;2; N/A ;  ;2;71;E23_SEB, E28_SEB;71;72;E23_SEB, E28_SEB;72;222; N/A ;N/A;222;0;0;0;0;0;0;0;0;0;0;0;0;0;0;71;2;72;2;Est_Gen_Nudo;WSCR_Nudo;Est_Alm_Nudo;WSCR_Nudo;#¡VALOR!;;71;2;0;0;0;0;;0;0;71;2;0;0;72;2;0;0;0;0;0;0;;;;;;;;;;;;;;;;;
FORTUNA 220;50227;Comunidad de Madrid;;1;3;;821; N/A ;  ;421;481;N/A;81;531;N/A;131;812; N/A ;N/A;412;400;0;400;0;400;400;0;386;0;325;61;386;325;61;81;81;131;131;Est_Gen_Nudo;Est_Gen_Nudo;Est_Alm_Nudo;Est_Alm_Nudo;400;;0;0;81;81;131;131;Concurso por resolución SEE. ;0;0;0;0;0;0;0;0;8;8;0;0;8;8;Concurso;;;;;;;;;;;;;;;;
FRANCOLI 220;52041;Cataluña;;;;;203; N/A ;  ;203;109;E347_SEPE;109;999;E347_SEPE;999;806; D57_SEPE ;N/A;806;0;0;0;0;0;0;0;0;0;0;0;0;0;0;109;109;806;203;Est_Gen_Nudo/Est_Gen_Zona;Est_Gen_Nudo/Est_Gen_Zona;D_Nudo/D_Zona;WSCR_Nudo;0;;0;0;109;109;806;203;Sin posibilidad de conexión. ;0;0;0;0;0;0;0;0;0;0;0;0;0;0;;;;;;;;;;;;;;;;;
FRANQUESES 220;50228;Cataluña;;;5;;473; N/A ;  ;382;548;E206_SEPE;497;613;E206_SEPE;497;847; N/A ;N/A;731;117;14;91;12;103;41;76;0;0;0;0;0;0;0;497;382;497;382;Est_Gen_Nudo;WSCR_Nudo;Est_Alm_Nudo;WSCR_Nudo;0;;0;0;77;0;0;0;Margen zonal reservado concurso por resolución SEE/posible concurso/NTJ. ;0;0;420;382;0;0;497;382;0;0;0;0;0;0;;;;;;;;;;;;;;;;;
FRIEIRA 220;50229;Galicia;1;;1;;397; N/A ;  ;397;628;E280_SEPE;43;685;E280_SEPE;45;1.091; N/A ;N/A;647;444;282;0;161;161;434;10;0;0;0;0;0;0;0;43;43;45;45;Est_Gen_Zona;Est_Gen_Zona;Est_Alm_Zona;Est_Alm_Zona;400;;43;43;43;43;45;45;Concurso por resolución SEE. ;0;0;0;0;0;0;0;0;3;3;0;0;3;3;Concurso;;;;;;;;;;;;;;;;
FUENCALIENTE 66;51451;Canarias;;1;;;16; N/A ;  ;16;32;N/A;32;32;N/A;32;8; N/A ;N/A;8;0;0;0;0;0;0;0;0;0;0;0;0;0;0;8;8;8;8;D_Nudo;D_Nudo;D_Nudo;D_Nudo;#¡VALOR!;;8;8;0;0;0;0;;8;8;0;0;8;8;0;0;0;0;0;0;0;0;;;;;;;;;;;;;;;;;
FUENCARRAL 400;50230;Comunidad de Madrid;;1;1;;1.459; N/A ;  ;1.159;1.548;E122_SEPE;1.248;1.794;E122_SEPE;1.494;178; N/A ;89;0;300;0;300;0;300;300;0;300;0;300;0;300;300;0;0;0;0;0;D_Nudo;D_Nudo;D_Nudo;D_Nudo;600;;0;0;0;0;0;0;;0;0;0;0;0;0;0;0;0;0;0;0;0;0;;;;;;;;;;;;;;;;;
FUENCARRAL 220;50230;Comunidad de Madrid;;1;6;;427; N/A ; Superación valor máx Icc ;0;1.665;E122_SEPE, E276_SEPE, E45_SEPE;1.221;1.813;E122_SEPE, E276_SEPE, E45_SEPE;1.370;760; D42_SEPE ;N/A;317;443;15;427;1;428;443;0;85;0;0;85;85;0;85;317;0;317;0;D_Nudo/D_Zona;WSCR_Nudo;D_Nudo/D_Zona;WSCR_Nudo;400;SI;0;0;317;0;317;0;Margen zonal reservado concurso por resolución SEE/posible concurso/NTJ. Limitación de capacidad por posición;0;0;0;0;0;0;0;0;0;0;0;0;0;0;;;;;;;;;;;;;;;;;
FUENDETODOS 400;50231;Aragón;;1;;;1.332; N/A ;  ;652;3.133;E64_SEPE;2.453;3.701;E64_SEPE;3.020;465; N/A ;465;0;680;0;680;0;680;680;0;0;0;0;0;0;0;0;0;0;0;0;D_Nudo;D_Nudo;D_Nudo;D_Nudo;600;SI;0;0;0;0;0;0;;0;0;0;0;0;0;0;0;0;0;0;0;0;0;Concurso;;;;;;;;;;;;;;;;
FUENDETODOS 220;50231;Aragón;4;;1;;714; N/A ; Superación valor máx Icc ;88;1.210;E64_SEPE;576;1.772;E64_SEPE;1.139;1.039; N/A ;N/A;406;634;0;626;8;634;634;0;114;0;114;0;114;114;0;406;88;406;88;D_Nudo;WSCR_Nudo;D_Nudo;WSCR_Nudo;1.600;;406;88;406;88;406;88;Concurso por resolución SEE. Margen zonal reservado concurso por resolución SEE/posible concurso/NTJ. ;0;0;0;0;0;0;0;0;41;9;0;0;41;9;Concurso;;;;;;;;;;;;;;;;
FUENLABRADA 220;50232;Comunidad de Madrid;2;1;2;;717; N/A ;  ;692;372;N/A;326;498;N/A;427;799; N/A ;N/A;728;71;46;25;0;25;46;25;125;1;75;49;124;76;49;326;326;427;427;Est_Gen_Nudo;Est_Gen_Nudo;Est_Alm_Nudo;Est_Alm_Nudo;1.200;;326;326;326;326;427;427;Concurso por resolución SEE. ;0;0;0;0;0;0;0;0;33;33;0;0;33;33;Concurso;;;;;;;;;;;;;;;;
FUENTE DE CANTOS 400;52076;Extremadura;;1;;;763; N/A ;  ;763;3.485;N/A;3.485;3.485;N/A;3.485;793; N/A ;793;793;0;0;0;0;0;0;0;0;0;0;0;0;0;0;793;763;793;763;D_Nudo;WSCR_Nudo;D_Nudo;WSCR_Nudo;600;;600;600;793;763;793;763;Concurso por resolución SEE. ;0;0;0;0;0;0;0;0;79;76;0;0;79;76;Concurso;;;;;;;;;;;;;;;;
FUENTE DEL MAESTRE 400;52075;Extremadura;;1;;;816; N/A ;  ;816;3.023;E327_SEPE;3.023;3.163;E327_SEPE;3.163;581; N/A ;581;581;0;0;0;0;0;0;0;52;0;52;0;52;52;0;581;581;581;581;D_Nudo;D_Nudo;D_Nudo;D_Nudo;600;;581;581;581;581;581;581;Concurso por resolución SEE. ;0;0;0;0;0;0;0;0;58;58;0;0;58;58;Concurso;;;;;;;;;;;;;;;;
FUENTE HITO 220;51255;Comunidad de Madrid;;;;2;384; N/A ; Superación valor máx Icc ;384;756;N/A;756;781;N/A;781;763; N/A ;N/A;763;0;0;0;0;0;0;0;0;0;0;0;0;0;0;756;384;763;384;Est_Gen_Nudo;WSCR_Nudo;D_Nudo;WSCR_Nudo;0;;0;0;0;0;0;0;;0;0;756;384;0;0;763;384;0;0;0;0;0;0;;;;;;;;;;;;;;;;;
FUENTE SAN LUIS 220;50233;Comunidad Valenciana;;;4;;251; N/A ;  ;246;1.109;E340_SEPE;871;1.193;E340_SEPE;871;808; N/A ;N/A;486;322;9;5;308;313;67;255;45;0;0;45;45;0;45;486;246;486;246;D_Nudo;WSCR_Nudo;D_Nudo;WSCR_Nudo;0;;0;0;486;246;486;246;Concurso por resolución SEE. Margen zonal reservado concurso por resolución SEE/posible concurso/NTJ. ;0;0;0;0;0;0;0;0;49;25;0;0;49;25;Concurso;;;;;;;;;;;;;;;;
FUENTEBUREBA 400;51372;Castilla y León;;1;;;523; N/A ;  ;422;1.349;E283_SEPE;1.192;1.402;E283_SEPE;1.301;1.156; N/A ;1.156;1.055;101;0;101;0;101;101;0;41;0;41;0;41;41;0;1.055;422;1.055;422;D_Nudo;WSCR_Nudo;D_Nudo;WSCR_Nudo;600;;499;422;1.055;422;1.055;422;Concurso por resolución SEE. Margen zonal reservado concurso por resolución SEE/posible concurso/NTJ. ;0;0;0;0;0;0;0;0;106;42;0;0;106;42;Concurso;;;;;;;;;;;;;;;;
FUENTES DE LA ALCARRIA 400;50234;Castilla-La Mancha;1;1;1;;731; N/A ;  ;6;2.367;E353_SEPE;1.155;2.450;E353_SEPE;1.606;1.782; N/A ;834;938;844;20;725;99;824;844;0;90;0;90;0;90;90;0;938;6;938;6;D_Nudo;WSCR_Nudo;D_Nudo;WSCR_Nudo;1.200;;475;6;938;6;938;6;Concurso por resolución SEE. Margen zonal reservado concurso por resolución SEE/posible concurso/NTJ. ;0;0;0;0;0;0;0;0;94;1;0;0;94;1;Concurso;;;;;;;;;;;;;;;;
GABIAS 220;50235;Andalucía;;1;2;;422; N/A ;  ;228;548;N/A;259;603;N/A;314;2.870; N/A ;1.170;2.581;289;0;194;95;289;289;0;81;0;36;45;81;81;0;259;228;314;228;Est_Gen_Nudo;WSCR_Nudo;Est_Alm_Nudo;WSCR_Nudo;400;;259;228;259;228;314;228;Concurso por resolución SEE. ;0;0;0;0;0;0;0;0;26;23;0;0;26;23;Concurso;;;;;;;;;;;;;;;;
GALAPAGAR 400;50236;Comunidad de Madrid;;;;;1.236; N/A ;  ;1.236;1.106;E123_SEPE;1.056;1.282;E123_SEPE;1.232;1.793; N/A ;93;1.793;0;0;0;0;0;0;0;0;0;0;0;0;0;0;1.056;1.056;1.232;1.232;Est_Gen_Zona;Est_Gen_Zona;Est_Alm_Zona;Est_Alm_Zona;0;;0;0;1.056;1.056;1.232;1.232;Sin posibilidad de conexión. Margen zonal reservado concurso por resolución SEE/posible concurso/NTJ. ;0;0;0;0;0;0;0;0;0;0;0;0;0;0;;;;;;;;;;;;;;;;;
GALAPAGAR 220;50236;Comunidad de Madrid;;1;;2;512; N/A ;  ;462;640;E123_SEPE;590;728;E123_SEPE;678;912; N/A ;N/A;862;50;0;50;0;50;50;0;0;0;0;0;0;0;0;590;462;678;462;Est_Gen_Nudo;WSCR_Nudo;Est_Alm_Nudo;WSCR_Nudo;400;;350;350;590;462;678;462;Concurso por resolución SEE. ;0;0;0;0;0;0;0;0;59;46;0;0;59;46;Concurso;;;;;;;;;;;;;;;;
GAMARRA 220;50237;País Vasco;;;3;;258; N/A ;  ;255;627;E335_SEPE;566;632;E335_SEPE;570;946; D69_SEPE ;N/A;785;62;59;3;0;3;62;0;5;0;0;5;5;5;0;566;255;570;255;Est_Gen_Nudo;WSCR_Nudo;Est_Alm_Nudo;WSCR_Nudo;0;SI;0;0;566;255;570;255;Concurso por resolución SEE. Margen zonal reservado concurso por resolución SEE/posible concurso/NTJ. Limitación de capacidad por posición;0;0;0;0;0;0;0;0;57;26;0;0;57;26;Concurso;;;;;;;;;;;;;;;;
GANDIA 220;50238;Comunidad Valenciana;;;5;;180; N/A ;  ;178;662;N/A;658;729;N/A;724;322; D39_SEPE ;N/A;226;5;2;3;0;3;5;0;10;0;0;10;10;0;10;226;178;226;178;D_Zona;WSCR_Nudo;D_Zona;WSCR_Nudo;0;;0;0;226;178;226;178;Concurso por resolución SEE. Margen zonal reservado concurso por resolución SEE/posible concurso/NTJ. ;0;0;0;0;0;0;0;0;23;18;0;0;23;18;Concurso;;;;;;;;;;;;;;;;
GAROÑA 220;50239;Castilla y León;;1;;;1.021; N/A ;  ;1.021;1.044;E74_SEPE;992;1.143;E74_SEPE;992;966; N/A ;N/A;815;151;151;0;0;0;0;151;0;0;0;0;0;0;0;815;815;815;815;D_Nudo;D_Nudo;D_Nudo;D_Nudo;400;;249;249;815;815;815;815;Nudo de Transición Justa. Margen zonal reservado concurso por resolución SEE/posible concurso/NTJ. ;0;0;0;0;0;0;0;0;0;0;0;0;0;0;NTJ;Orden TED/345/2024;;;;;;;;;;;;;;;
GARRAF 400;50240;Cataluña;;1;1;1;737; N/A ;  ;712;1.443;N/A;1.368;1.746;N/A;1.640;1.600; N/A ;800;1.495;105;8;26;71;97;75;30;0;0;0;0;0;0;0;1.368;712;1.495;712;Est_Gen_Nudo;WSCR_Nudo;D_Nudo;WSCR_Nudo;600;;574;574;1.368;712;1.495;712;Concurso por resolución SEE. ;0;0;0;0;0;0;0;0;138;71;0;0;138;71;Concurso;;;;;;;;;;;;;;;;
GATICA 400;50241;País Vasco;;1;1;;910; N/A ; Riesgo interacciones ;910;1.671;E143_SEPE;1.609;1.973;E143_SEPE;1.895;1.734; N/A ;867;1.721;13;13;0;0;0;13;0;0;0;0;0;0;0;0;1.609;910;1.721;910;Est_Gen_Zona;WSCR_Nudo;D_Nudo;WSCR_Nudo;600;;600;600;1.609;910;1.721;910;Concurso por resolución SEE. Margen zonal reservado concurso por resolución SEE/posible concurso/NTJ. ;0;0;0;0;0;0;0;0;161;91;0;0;161;91;Concurso;;;;;;;;;;;;;;;;
GATICA 220;50241;País Vasco;;1;1;;508; N/A ;  ;498;1.035;E143_SEPE;969;1.120;E143_SEPE;1.054;1.009; N/A ;N/A;943;66;53;10;3;13;66;0;0;0;0;0;0;0;0;943;498;943;498;D_Nudo;WSCR_Nudo;D_Nudo;WSCR_Nudo;400;;400;400;943;498;943;498;Concurso por resolución SEE. Margen zonal reservado concurso por resolución SEE/posible concurso/NTJ. ;0;0;0;0;0;0;0;0;94;50;0;0;94;50;Concurso;;;;;;;;;;;;;;;;
GAUSSA 400;50242;Comunidad Valenciana;;1;;;452; N/A ;  ;452;1.806;N/A;1.806;2.514;N/A;2.514;509; N/A ;N/A;509;0;0;0;0;0;0;0;0;0;0;0;0;0;0;509;452;509;452;D_Nudo;WSCR_Nudo;D_Nudo;WSCR_Nudo;600;;509;452;509;452;509;452;Concurso por resolución SEE. ;0;0;0;0;0;0;0;0;51;45;0;0;51;45;Concurso;;;;;;;;;;;;;;;;
GAVARROT 220;50243;Cataluña;;;;;732; N/A ;  ;732;684;N/A;684;879;N/A;879;805; N/A ;N/A;805;0;0;0;0;0;0;0;0;0;0;0;0;0;0;684;684;805;732;Est_Gen_Nudo;Est_Gen_Nudo;D_Nudo;WSCR_Nudo;0;;0;0;684;684;805;732;Sin posibilidad de conexión. ;0;0;0;0;0;0;0;0;0;0;0;0;0;0;;;;;;;;;;;;;;;;;
GAZULES 220;50244;Andalucía;2;1;;;379; N/A ;  ;30;944;E298_SEPE;0;1.050;E298_SEPE;0;1.265; N/A ;N/A;917;349;0;349;0;349;349;0;0;0;0;0;0;0;0;0;0;0;0;Est_Gen_Zona;Est_Gen_Zona;Est_Alm_Zona;Est_Alm_Zona;1.200;;0;0;0;0;0;0;;0;0;0;0;0;0;0;0;0;0;0;0;0;0;;;;;;;;;;;;;;;;;
GENETO 66;50245;Canarias;;;2;;96; N/A ;  ;82;187;N/A;179;194;N/A;179;57; N/A ;N/A;43;15;0;15;0;15;0;15;0;0;0;0;0;0;0;43;43;43;43;D_Nudo;D_Nudo;D_Nudo;D_Nudo;#¡VALOR!;;43;43;0;0;0;0;;0;0;43;43;0;0;43;43;0;0;0;0;0;0;;;;;;;;;;;;;;;;;
GETAFE 220;50246;Comunidad de Madrid;;;2;;637; N/A ;  ;637;174;N/A;65;216;N/A;74;845; N/A ;N/A;704;142;59;0;83;83;110;32;0;0;0;0;0;0;0;65;65;74;74;Est_Gen_Nudo;Est_Gen_Nudo;Est_Alm_Nudo;Est_Alm_Nudo;0;;0;0;0;0;0;0;;0;0;65;65;0;0;74;74;0;0;0;0;0;0;;;;;;;;;;;;;;;;;
GODELLETA 400;50732;Comunidad Valenciana;;1;;;1.254; N/A ;  ;1.166;1.518;E106_SEPE;1.430;1.796;E106_SEPE;1.709;0; N/A ;0;0;88;0;88;0;88;88;0;0;0;0;0;0;0;0;0;0;0;0;D_Nudo;D_Nudo;D_Nudo;D_Nudo;600;;0;0;0;0;0;0;;0;0;0;0;0;0;0;0;0;0;0;0;0;0;;;;;;;;;;;;;;;;;
GODELLETA 220;50732;Comunidad Valenciana;;1;;;627; N/A ;  ;627;816;E106_SEPE;816;967;E106_SEPE;967;803; N/A ;N/A;803;0;0;0;0;0;0;0;0;0;0;0;0;0;0;803;627;803;627;D_Nudo;WSCR_Nudo;D_Nudo;WSCR_Nudo;400;;400;400;803;627;803;627;Concurso por resolución SEE. ;0;0;0;0;0;0;0;0;80;63;0;0;80;63;Concurso;;;;;;;;;;;;;;;;
GRADO 220;50247;Aragón;2;;;;395; N/A ;  ;143;276;E200_SEPE;0;336;E200_SEPE;60;1.270; N/A ;N/A;995;276;24;252;0;252;276;0;0;0;0;0;0;0;0;0;0;60;60;Est_Gen_Nudo;Est_Gen_Nudo;Est_Alm_Nudo;Est_Alm_Nudo;800;;0;0;0;0;60;60;Margen zonal reservado concurso por resolución SEE/posible concurso/NTJ. ;0;0;0;0;0;0;0;0;0;0;0;0;0;0;;;;;;;;;;;;;;;;;
GRAMANET 220;50248;Cataluña;;;5;;273; W07_SEPE_BIN ;  ;273;811;E154_SEPE_Bin;786;927;E154_SEPE_Bin;897;815; D88_SEPE_Bin ;N/A;763;30;0;0;30;30;25;5;0;0;0;0;0;0;0;763;273;763;273;D_Zona;WSCR_Zona;D_Zona;WSCR_Zona;0;;0;0;763;273;763;273;Concurso por resolución SEE. ;0;0;0;0;0;0;0;0;74;27;0;0;74;27;Concurso;;;;;;;;;;;;;;;;
GRAMANET (GRAMANET B) 220;50248;Cataluña;;;;;122; W07_SEPE_BIN ;  ;122;537;E154_SEPE_Bin;537;590;E154_SEPE_Bin;590;803; D45_SEPE, D88_SEPE_Bin ;N/A;763;0;0;0;0;0;0;0;30;0;0;30;30;0;30;537;122;590;122;Est_Gen_Nudo;WSCR_Nudo;Est_Alm_Nudo;WSCR_Nudo;0;;0;0;537;122;590;122;Sin posibilidad de conexión. Margen zonal reservado concurso por resolución SEE/posible concurso/NTJ. ;0;0;0;0;0;0;0;0;0;0;0;0;0;0;;;;;;;;;;;;;;;;;
GRAN TARAJAL 132;50249;Canarias;;1;;;26; N/A ;  ;0;210;E22_SEC;157;212;E22_SEC;159;29; N/A ;N/A;2;28;0;28;0;28;28;0;0;0;0;0;0;0;0;2;0;2;0;D_Nudo;WSCR_Nudo;D_Nudo;WSCR_Nudo;#¡VALOR!;;2;0;0;0;0;0;;2;0;0;0;2;0;0;0;0;0;0;0;0;0;;;;;;;;;;;;;;;;;
GRAN TARAJAL 66;50249;Canarias;;;2;;12; N/A ;  ;7;98;E22_SEC;72;98;E22_SEC;72;26; N/A ;N/A;0;26;0;5;21;26;26;0;0;0;0;0;0;0;0;0;0;0;0;D_Nudo;D_Nudo;D_Nudo;D_Nudo;#¡VALOR!;;0;0;0;0;0;0;;0;0;0;0;0;0;0;0;0;0;0;0;0;0;;;;;;;;;;;;;;;;;
GRANADILLA 220;50250;Canarias;5;;;;0; W03_SEC_BIN ;  ;0;416;E14_SEC, E32_SEC_BIN;0;315;E14_SEC, E32_SEC_BIN;0;0; D06_SEC_BIN ;N/A;0;621;621;0;0;0;621;0;0;0;0;0;0;0;0;0;0;0;0;Est_Gen_Nudo/D_Nudo/D_Zona;WSCR_Nudo/WSCR_Zona/Est_Gen_Nudo/D_Nudo/D_Zona;Est_Alm_Nudo/D_Nudo/D_Zona;WSCR_Nudo/WSCR_Zona/Est_Alm_Nudo/D_Nudo/D_Zona;2.000;;0;0;0;0;0;0;;0;0;0;0;0;0;0;0;0;0;0;0;0;0;;;;;;;;;;;;;;;;;
GRANADILLA 66;50250;Canarias;4;1 *;;;44; N/A ;  ;33;244;E14_SEC, E19_SEC;6;249;E14_SEC, E19_SEC;76;74; D07_SEC ;N/A;0;139;128;11;0;11;139;0;0;0;0;0;0;0;0;0;0;0;0;D_Zona;D_Zona;D_Zona;D_Zona;#¡VALOR!;;0;0;0;0;0;0;;0;0;0;0;0;0;0;0;0;0;0;0;0;0;;;;;;;;;;;;;;;;;
GRANADILLA (GRANADILLA B) 220;52093;Canarias;3;1;;;0; W03_SEC_BIN ;  ;0;403;E32_SEC_BIN;375;404;E32_SEC_BIN;375;0; D06_SEC_BIN ;N/A;0;0;0;0;0;0;0;0;0;0;0;0;0;0;0;0;0;0;0;D_Nudo/D_Zona;WSCR_Nudo/WSCR_Zona/D_Nudo/D_Zona;D_Nudo/D_Zona;WSCR_Nudo/WSCR_Zona/D_Nudo/D_Zona;1.600;;0;0;0;0;0;0;;0;0;0;0;0;0;0;0;0;0;0;0;0;0;;;;;;;;;;;;;;;;;
GRIJOTA 400;50251;Castilla y León;1;1;;;1.324; N/A ;  ;200;3.805;N/A;2.681;4.401;N/A;3.277;0; N/A ;0;0;1.124;0;1.124;0;1.124;1.124;0;0;0;0;0;0;0;0;0;0;0;0;D_Nudo;D_Nudo;D_Nudo;D_Nudo;1.200;;0;0;0;0;0;0;;0;0;0;0;0;0;0;0;0;0;0;0;0;0;;;;;;;;;;;;;;;;;
GUADAIRA 220;51246;Andalucía;;;;2;458; N/A ;  ;458;535;N/A;535;614;N/A;614;1.040; N/A ;N/A;1.040;0;0;0;0;0;0;0;0;0;0;0;0;0;0;535;458;614;458;Est_Gen_Nudo;WSCR_Nudo;Est_Alm_Nudo;WSCR_Nudo;0;;0;0;535;458;614;458;Concurso por resolución SEE. ;0;0;0;0;0;0;0;0;53;46;0;0;53;46;Concurso;;;;;;;;;;;;;;;;
GUADAME 400;50252;Andalucía;;1;;;1.366; N/A ;  ;875;3.643;E315_SEPE, E53_SEPE;2.713;4.073;E315_SEPE, E53_SEPE;3.170;704; N/A ;704;213;491;0;491;0;491;491;0;0;0;0;0;0;0;0;213;213;213;213;D_Nudo;D_Nudo;D_Nudo;D_Nudo;600;;109;109;213;213;213;213;Concurso por resolución SEE. Margen zonal reservado concurso por resolución SEE/posible concurso/NTJ. ;0;0;0;0;0;0;0;0;21;21;0;0;21;21;Concurso;;;;;;;;;;;;;;;;
GUADAME 220;50252;Andalucía;;1;;;915; N/A ;  ;503;1.903;E53_SEPE;1.491;2.069;E53_SEPE;1.657;1.107; N/A ;1.107;695;412;0;412;0;412;412;0;0;0;0;0;0;0;0;695;503;695;503;D_Nudo;WSCR_Nudo;D_Nudo;WSCR_Nudo;400;SI;0;0;695;503;695;503;Concurso por resolución SEE. Margen zonal reservado concurso por resolución SEE/posible concurso/NTJ. Limitación de capacidad por posición;0;0;0;0;0;0;0;0;70;50;0;0;70;50;Concurso;;;;;;;;;;;;;;;;
GUADIANA 400;51291;Extremadura;;;;;11; N/A ;  ;11;3.043;E269_SEPE, E327_SEPE;2.399;3.067;E269_SEPE, E327_SEPE;2.549;2.438; N/A ;738;2.438;0;0;0;0;0;0;0;0;0;0;0;0;0;0;2.399;11;2.438;11;Est_Gen_Zona;WSCR_Nudo;D_Nudo;WSCR_Nudo;0;;0;0;2.399;11;2.438;11;Sin posibilidad de conexión. Margen zonal reservado concurso por resolución SEE/posible concurso/NTJ. ;0;0;0;0;0;0;0;0;0;0;0;0;0;0;;;;;;;;;;;;;;;;;
GUAJARA 66;50253;Canarias;;;4;;107; N/A ;  ;65;213;N/A;175;217;N/A;175;57; N/A ;N/A;15;42;0;42;0;42;0;42;0;0;0;0;0;0;0;15;15;15;15;D_Nudo;D_Nudo;D_Nudo;D_Nudo;#¡VALOR!;;15;15;0;0;0;0;;0;0;15;15;0;0;15;15;0;0;0;0;0;0;;;;;;;;;;;;;;;;;
GUARDO 220;50255;Castilla y León;1;;3;;484; N/A ;  ;416;760;N/A;557;782;N/A;579;1.238; N/A ;N/A;1.035;203;135;68;0;68;203;0;0;0;0;0;0;0;0;629;416;629;416;Est_Gen_Nudo;WSCR_Nudo;Est_Alm_Nudo;WSCR_Nudo;400;;315;315;629;416;629;416;Nudo de Transición Justa. ;0;0;0;0;0;0;0;0;0;0;0;0;0;0;NTJ;Orden TED/345/2024;;;;;;;;;;;;;;;
GUEÑES 400;50256;País Vasco;;;;;1.112; N/A ; Riesgo interacciones ;1.112;3.665;E144_SEPE;3.665;4.323;E144_SEPE;4.323;2.147; N/A ;447;2.147;0;0;0;0;0;0;0;0;0;0;0;0;0;0;2.147;1.112;2.147;1.112;D_Nudo;WSCR_Nudo;D_Nudo;WSCR_Nudo;0;;0;0;2.147;1.112;2.147;1.112;Sin posibilidad de conexión. Margen zonal reservado concurso por resolución SEE/posible concurso/NTJ. ;0;0;0;0;0;0;0;0;0;0;0;0;0;0;;;;;;;;;;;;;;;;;
GUEÑES 220;50256;País Vasco;;;;;712; N/A ;  ;712;2.823;E144_SEPE, E9_SEPE;2.797;2.861;E144_SEPE, E9_SEPE;2.861;947; D48_SEPE ;N/A;843;0;0;0;0;0;0;0;0;0;0;0;0;0;0;843;712;843;712;D_Zona;WSCR_Nudo;D_Zona;WSCR_Nudo;0;;0;0;843;712;843;712;Concurso por resolución SEE. Sin posibilidad de conexión. Margen zonal reservado concurso por resolución SEE/posible concurso/NTJ. ;0;0;0;0;0;0;0;0;83;71;0;0;83;71;Concurso;;;;;;;;;;;;;;;;
GUIA 66;50257;Canarias;;1;2;;39; N/A ;  ;20;58;N/A;29;60;N/A;29;42; N/A ;N/A;12;33;2;20;11;30;21;12;0;0;0;0;0;0;0;12;12;12;12;D_Nudo;D_Nudo;D_Nudo;D_Nudo;#¡VALOR!;;12;12;0;0;0;0;;12;12;12;12;12;12;12;12;0;0;0;0;0;0;;;;;;;;;;;;;;;;;
GUIA DE ISORA 66;50258;Canarias;1;;1;;54; N/A ;  ;0;152;E18_SEC;96;155;E18_SEC;96;59; N/A ;N/A;0;109;50;54;5;59;62;47;0;0;0;0;0;0;0;0;0;0;0;D_Nudo;WSCR_Nudo/D_Nudo;D_Nudo;WSCR_Nudo/D_Nudo;#¡VALOR!;;0;0;0;0;0;0;;0;0;0;0;0;0;0;0;0;0;0;0;0;0;;;;;;;;;;;;;;;;;
GUILLENA 400;50259;Andalucía;;1;;;1.552; N/A ;  ;1.033;1.121;E59_SEPE, E60_SEPE;601;1.524;E59_SEPE, E60_SEPE;891;323; N/A ;323;0;519;0;519;0;519;519;0;0;0;0;0;0;0;0;0;0;0;0;D_Nudo;D_Nudo;D_Nudo;D_Nudo;600;;0;0;0;0;0;0;;0;0;0;0;0;0;0;0;0;0;0;0;0;0;;;;;;;;;;;;;;;;;
GUILLENA 220;50259;Andalucía;3;;2;;484; W08_SEPE_BIN ;  ;246;1.558;E148_SEPE_Bin, E60_SEPE;891;1.668;E148_SEPE_Bin, E60_SEPE;891;995; D84_SEPE_Bin ;N/A;0;688;273;238;177;415;478;210;0;0;0;0;0;0;0;0;0;0;0;D_Zona;D_Zona;D_Zona;D_Zona;1.200;;0;0;0;0;0;0;;0;0;0;0;0;0;0;0;0;0;0;0;0;0;;;;;;;;;;;;;;;;;
GUILLENA (GUILLENA B) 220;50259;Andalucía;;;;;603; W08_SEPE_BIN ;  ;484;623;E148_SEPE_Bin, E297_SEPE, E59_SEPE;233;740;E148_SEPE_Bin, E297_SEPE, E59_SEPE;306;824; D84_SEPE_Bin ;N/A;0;0;0;0;0;0;0;0;0;0;0;0;0;0;0;0;0;0;0;D_Zona;D_Zona;D_Zona;D_Zona;0;;0;0;0;0;0;0;;0;0;0;0;0;0;0;0;0;0;0;0;0;0;;;;;;;;;;;;;;;;;
GUINCHOS 66;50260;Canarias;7;;2;1;5; N/A ;  ;0;32;N/A;0;32;N/A;0;0; N/A ;N/A;0;114;101;5;7;13;110;4;0;0;0;0;0;0;0;0;0;0;0;Est_Gen_Nudo/D_Nudo;WSCR_Nudo/Est_Gen_Nudo/D_Nudo;Est_Alm_Nudo/D_Nudo;WSCR_Nudo/Est_Alm_Nudo/D_Nudo;#¡VALOR!;;0;0;0;0;0;0;;0;0;0;0;0;0;0;0;0;0;0;0;0;0;;;;;;;;;;;;;;;;;
GUIXERES 220;50261;Cataluña;;;2;;690; N/A ;  ;615;525;N/A;470;545;N/A;470;815; N/A ;N/A;740;75;0;75;0;75;0;75;0;0;0;0;0;0;0;470;470;470;470;Est_Gen_Nudo;Est_Gen_Nudo;Est_Alm_Nudo;Est_Alm_Nudo;0;;0;0;0;0;0;0;;0;0;470;470;0;0;470;470;0;0;0;0;0;0;;;;;;;;;;;;;;;;;
GURREA 220;50262;Aragón;2;1;;;450; N/A ;  ;15;867;E333_SEPE;0;1.123;E333_SEPE;0;1.210; N/A ;1.210;774;435;0;435;0;435;435;0;0;0;0;0;0;0;0;0;0;0;0;Est_Gen_Zona;Est_Gen_Zona;Est_Alm_Zona;Est_Alm_Zona;1.200;;0;0;0;0;0;0;;0;0;0;0;0;0;0;0;0;0;0;0;0;0;;;;;;;;;;;;;;;;;
HARÍA 66;52091;Canarias;;;;;52; N/A ;  ;52;98;N/A;98;98;N/A;98;0; N/A ;0;0;0;0;0;0;0;0;0;0;0;0;0;0;0;0;0;0;0;0;D_Nudo;D_Nudo;D_Nudo;D_Nudo;#¡VALOR!;;0;0;0;0;0;0;;0;0;0;0;0;0;0;0;0;0;0;0;0;0;;;;;;;;;;;;;;;;;
HARO 220;50263;La Rioja;;1;1;1;410; N/A ;  ;129;359;E194_SEPE;78;574;E194_SEPE;293;1.244; N/A ;N/A;963;281;0;281;0;281;281;0;291;0;244;48;291;153;138;78;78;293;129;Est_Gen_Nudo;Est_Gen_Nudo;Est_Alm_Nudo;WSCR_Nudo;400;;0;0;78;78;293;129;Margen zonal reservado concurso por resolución SEE/posible concurso/NTJ. ;0;0;0;0;0;0;0;0;0;0;0;0;0;0;;;;;;;;;;;;;;;;;
HERNANI 400;50264;País Vasco;;;2;;866; N/A ;  ;866;1.216;E141_SEPE;982;1.620;E141_SEPE;1.386;896; N/A ;N/A;693;203;203;0;0;0;203;0;0;0;0;0;0;0;0;693;693;693;693;D_Nudo;D_Nudo;D_Nudo;D_Nudo;0;;0;0;693;693;693;693;Concurso por resolución SEE. Margen zonal reservado concurso por resolución SEE/posible concurso/NTJ. ;0;0;0;0;0;0;0;0;69;69;0;0;69;69;Concurso;;;;;;;;;;;;;;;;
HERNANI 220;50264;País Vasco;;;2;;504; N/A ;  ;504;1.203;E141_SEPE;982;1.603;E141_SEPE;1.386;1.081; N/A ;N/A;1.050;31;31;0;0;0;31;0;0;0;0;0;0;0;0;982;504;1.050;504;Est_Gen_Zona;WSCR_Nudo;D_Nudo;WSCR_Nudo;0;;0;0;982;504;1.050;504;Concurso por resolución SEE. Margen zonal reservado concurso por resolución SEE/posible concurso/NTJ. ;0;0;0;0;0;0;0;0;98;50;0;0;98;50;Concurso;;;;;;;;;;;;;;;;
HERRERA 400;50265;Castilla y León;1;1;;;998; N/A ;  ;0;3.688;E337_SEPE;2.163;4.603;E337_SEPE;2.934;0; N/A ;0;0;1.112;0;1.112;0;1.112;1.112;0;252;0;252;0;252;252;0;0;0;0;0;D_Nudo;WSCR_Nudo/D_Nudo;D_Nudo;WSCR_Nudo/D_Nudo;1.200;;0;0;0;0;0;0;;0;0;0;0;0;0;0;0;0;0;0;0;0;0;Concurso;;;;;;;;;;;;;;;;
HERRERA 220;50265;Castilla y León;;;;;195; N/A ;  ;195;356;N/A;356;401;N/A;401;1.246; N/A ;N/A;1.246;0;0;0;0;0;0;0;0;0;0;0;0;0;0;356;195;401;195;Est_Gen_Nudo;WSCR_Nudo;Est_Alm_Nudo;WSCR_Nudo;0;;0;0;356;195;401;195;Sin posibilidad de conexión. ;0;0;0;0;0;0;0;0;0;0;0;0;0;0;;;;;;;;;;;;;;;;;
HIJAR 220;50266;Aragón;;;1;1;430; N/A ;  ;348;148;E202_SEPE;0;314;E202_SEPE;50;1.195; N/A ;N/A;931;265;13;83;169;252;265;0;0;0;0;0;0;0;0;0;0;50;50;Est_Gen_Nudo/Est_Gen_Zona;Est_Gen_Nudo/Est_Gen_Zona;Est_Alm_Nudo;Est_Alm_Nudo;0;;0;0;0;0;0;0;;0;0;0;0;0;0;50;50;0;0;0;0;0;0;;;;;;;;;;;;;;;;;
HINOJOSA 400;50267;Castilla y León;1;;;;864; N/A ;  ;864;1.183;E284_SEPE;898;1.702;E284_SEPE;1.417;275; N/A ;N/A;0;285;285;0;0;0;285;0;0;0;0;0;0;0;0;0;0;0;0;D_Nudo;D_Nudo;D_Nudo;D_Nudo;600;;0;0;0;0;0;0;;0;0;0;0;0;0;0;0;0;0;0;0;0;0;;;;;;;;;;;;;;;;;
HORNILLO 220;50268;Comunidad de Madrid;;;;;749; N/A ;  ;749;381;E214_SEPE;381;548;E214_SEPE;548;773; N/A ;N/A;773;0;0;0;0;0;0;0;0;0;0;0;0;0;0;381;381;548;548;Est_Gen_Nudo;Est_Gen_Nudo;Est_Alm_Nudo;Est_Alm_Nudo;0;;0;0;381;381;548;548;Sin posibilidad de conexión. Margen zonal reservado concurso por resolución SEE/posible concurso/NTJ. ;0;0;0;0;0;0;0;0;0;0;0;0;0;0;;;;;;;;;;;;;;;;;
HORTALEZA 220;50269;Comunidad de Madrid;;;4;;933; N/A ;  ;933;1.166;N/A;1.166;1.166;N/A;1.166;676; N/A ;N/A;676;0;0;0;0;0;0;0;0;0;0;0;0;0;0;676;676;676;676;D_Nudo;D_Nudo;D_Nudo;D_Nudo;0;;0;0;676;676;676;676;Concurso por resolución SEE. ;0;0;0;0;0;0;0;0;68;68;0;0;68;68;Concurso;;;;;;;;;;;;;;;;
HOSPITALET 220;50270;Cataluña;;;6;;759; N/A ;  ;679;1.152;N/A;1.117;1.198;N/A;1.117;805; N/A ;N/A;724;81;0;80;1;81;1;80;0;0;0;0;0;0;0;724;679;724;679;D_Nudo;WSCR_Nudo;D_Nudo;WSCR_Nudo;0;;0;0;0;0;0;0;;0;0;724;679;0;0;724;679;0;0;0;0;0;0;;;;;;;;;;;;;;;;;
HOYA MORENA 220;50271;Región de Murcia;;;2;;253; N/A ;  ;169;863;E188_SEPE;747;908;E188_SEPE;792;723; N/A ;N/A;608;116;0;84;31;116;116;0;0;0;0;0;0;0;0;608;169;608;169;D_Nudo;WSCR_Nudo;D_Nudo;WSCR_Nudo;0;;0;0;608;169;608;169;Concurso por resolución SEE. Margen zonal reservado concurso por resolución SEE/posible concurso/NTJ. ;0;0;0;0;0;0;0;0;61;17;0;0;61;17;Concurso;;;;;;;;;;;;;;;;
HUELVES 220;50272;Castilla-La Mancha;;;1;1;192; N/A ;  ;130;205;E197_SEPE;50;301;E197_SEPE;146;1.291; N/A ;N/A;1.136;155;23;62;70;132;155;0;0;0;0;0;0;0;0;50;50;146;130;Est_Gen_Nudo;Est_Gen_Nudo;Est_Alm_Nudo;WSCR_Nudo;0;;0;0;0;0;0;0;;0;0;50;50;0;0;146;130;0;0;0;0;0;0;;;;;;;;;;;;;;;;;
HUENEJA 400;50273;Andalucía;1;;;;576; N/A ;  ;0;2.360;N/A;1.585;2.582;N/A;1.807;735; N/A ;735;0;775;150;626;0;626;775;0;0;0;0;0;0;0;0;0;0;0;0;D_Nudo;WSCR_Nudo/D_Nudo;D_Nudo;WSCR_Nudo/D_Nudo;600;SI;0;0;0;0;0;0;;0;0;0;0;0;0;0;0;0;0;0;0;0;0;;;;;;;;;;;;;;;;;
IBIZA 132;50274;Islas Baleares;6;;3;;0; N/A ; Riesgo interacciones ;0;234;E28_SEB;226;252;E28_SEB;237;220; N/A ;N/A;220;122;122;0;0;0;122;0;0;0;0;0;0;0;0;220;0;220;0;D_Nudo;WSCR_Nudo;D_Nudo;WSCR_Nudo;#¡VALOR!;;220;0;0;0;0;0;;220;0;220;0;220;0;220;0;0;0;0;0;0;0;;;;;;;;;;;;;;;;;
IBIZA 66;50274;Islas Baleares;12;;;;3; N/A ; Riesgo interacciones ;3;234;E28_SEB;226;242;E28_SEB;237;219; N/A ;N/A;219;168;168;0;0;0;168;0;0;0;0;0;0;0;0;219;3;219;3;D_Nudo;WSCR_Nudo;D_Nudo;WSCR_Nudo;#¡VALOR!;;219;3;0;0;0;0;;219;3;0;0;219;3;0;0;0;0;0;0;0;0;;;;;;;;;;;;;;;;;
IBIZA 23 66;50275;Islas Baleares;4;;;;3; N/A ; Riesgo interacciones ;3;187;E28_SEB;187;188;E28_SEB;188;220; N/A ;N/A;220;25;25;0;0;0;25;0;0;0;0;0;0;0;0;187;3;188;3;Est_Gen_Nudo;WSCR_Nudo;Est_Alm_Nudo;WSCR_Nudo;#¡VALOR!;;187;3;0;0;1;0;;187;3;0;0;187;3;0;0;0;0;0;0;0;0;;;;;;;;;;;;;;;;;
ICOD DE LOS VINOS 66;50276;Canarias;;;2;;37; N/A ;  ;23;130;E20_SEC;116;131;E20_SEC;116;57; N/A ;N/A;42;16;1;14;1;15;2;14;0;0;0;0;0;0;0;42;23;42;23;D_Nudo;WSCR_Nudo;D_Nudo;WSCR_Nudo;#¡VALOR!;;42;23;0;0;0;0;;0;0;42;23;0;0;42;23;0;0;0;0;0;0;;;;;;;;;;;;;;;;;
ILLORA 220;50277;Andalucía;;1;;1;576; N/A ;  ;289;906;N/A;617;1.021;N/A;732;968; N/A ;N/A;679;289;0;288;1;289;289;0;91;0;91;0;91;91;0;617;289;679;289;Est_Gen_Nudo;WSCR_Nudo;D_Nudo;WSCR_Nudo;400;;197;197;617;289;679;289;Concurso por resolución SEE. ;0;0;0;0;0;0;0;0;62;29;0;0;62;29;Concurso;;;;;;;;;;;;;;;;
INCA 66;50278;Islas Baleares;;1;2;;159; N/A ; Riesgo interacciones ;117;145;N/A;97;167;N/A;113;223; N/A ;N/A;169;54;0;42;12;54;48;6;18;0;18;0;18;0;18;97;97;113;113;Est_Gen_Nudo;Est_Gen_Nudo;Est_Alm_Nudo;Est_Alm_Nudo;#¡VALOR!;;97;97;97;97;113;113;Concurso por resolución SEE. ;0;0;0;0;0;0;0;0;7;7;0;0;7;7;Concurso;;;;;;;;;;;;;;;;
INGENIO 220;50279;Comunidad Valenciana;;;3;;324; N/A ;  ;293;535;E101_SEPE, E34_SEPE;0;568;E101_SEPE, E34_SEPE;0;1.055; N/A ;N/A;910;144;89;31;25;56;134;10;0;0;0;0;0;0;0;0;0;0;0;Est_Gen_Zona;Est_Gen_Zona;Est_Alm_Zona;Est_Alm_Zona;0;;0;0;0;0;0;0;;0;0;0;0;0;0;0;0;0;0;0;0;0;0;;;;;;;;;;;;;;;;;
IRUN 220;50280;País Vasco;;;2;;186; N/A ;  ;186;457;E10_SEPE;328;468;E10_SEPE;328;1.088; N/A ;N/A;948;140;0;0;140;140;60;80;0;0;0;0;0;0;0;328;186;328;186;Est_Gen_Nudo;WSCR_Nudo;Est_Alm_Nudo;WSCR_Nudo;0;;0;0;328;186;235;93;Margen zonal reservado concurso por resolución SEE/posible concurso/NTJ. ;0;0;0;0;0;0;93;93;0;0;0;0;0;0;;;;;;;;;;;;;;;;;
ISONA 400;50735;Cataluña;1;;;;82; N/A ;  ;82;1.186;E96_SEPE;1.186;1.203;E96_SEPE;1.203;748; D23_SEPE ;748;4;0;0;0;0;0;0;0;0;0;0;0;0;0;0;4;4;4;4;D_Zona;D_Zona;D_Zona;D_Zona;600;;0;0;4;4;4;4;Margen zonal reservado concurso por resolución SEE/posible concurso/NTJ. ;0;0;0;0;0;0;0;0;0;0;0;0;0;0;;;;;;;;;;;;;;;;;
ISONA 220;50735;Cataluña;1;1;;;43; N/A ;  ;43;600;E96_SEPE;600;600;E96_SEPE;600;748; D23_SEPE ;N/A;4;0;0;0;0;0;0;0;0;0;0;0;0;0;0;4;4;4;4;D_Zona;D_Zona;D_Zona;D_Zona;800;;4;4;4;4;4;4;Concurso por resolución SEE. Margen zonal reservado concurso por resolución SEE/posible concurso/NTJ. ;0;0;0;0;0;0;0;0;0;0;0;0;0;0;Concurso;;;;;;;;;;;;;;;;
ITXASO 400;50281;País Vasco;;;;;1.145; N/A ;  ;1.145;2.387;E142_SEPE;2.387;3.173;E142_SEPE;3.173;2.486; N/A ;786;2.486;0;0;0;0;0;0;0;0;0;0;0;0;0;0;2.387;1.145;2.486;1.145;Est_Gen_Nudo/Est_Gen_Zona;WSCR_Nudo;D_Nudo;WSCR_Nudo;0;;0;0;2.387;1.145;2.486;1.145;Sin posibilidad de conexión. ;0;0;0;0;0;0;0;0;0;0;0;0;0;0;;;;;;;;;;;;;;;;;
ITXASO 220;50281;País Vasco;;;;;698; N/A ;  ;698;1.475;E142_SEPE;1.475;1.969;E142_SEPE;1.969;969; D51_SEPE ;N/A;905;0;0;0;0;0;0;0;0;0;0;0;0;0;0;905;698;905;698;D_Zona;WSCR_Nudo;D_Zona;WSCR_Nudo;0;;0;0;905;698;905;698;Sin posibilidad de conexión. Margen zonal reservado concurso por resolución SEE/posible concurso/NTJ. ;0;0;0;0;0;0;0;0;0;0;0;0;0;0;;;;;;;;;;;;;;;;;
IZNALLOZ 400;52090;Andalucía;;;;;500; N/A ;  ;500;2.574;N/A;2.574;2.698;N/A;2.698;2.369; N/A ;669;2.369;0;0;0;0;0;0;0;0;0;0;0;0;0;0;2.369;500;2.369;500;D_Nudo;WSCR_Nudo;D_Nudo;WSCR_Nudo;0;;0;0;2.369;500;2.369;500;Sin posibilidad de conexión. ;0;0;0;0;0;0;0;0;0;0;0;0;0;0;;;;;;;;;;;;;;;;;
J.M.ORIOL 400;50282;Extremadura;4;;;;1.028; N/A ;  ;555;3.184;E113_SEPE;1.471;3.337;E113_SEPE;1.471;2.340; N/A ;640;474;1.866;1.393;473;0;473;1.426;440;0;0;0;0;0;0;0;474;474;474;474;D_Nudo;D_Nudo;D_Nudo;D_Nudo;2.400;;474;474;474;474;474;474;Concurso por resolución SEE. Margen zonal reservado concurso por resolución SEE/posible concurso/NTJ. ;0;0;0;0;0;0;0;0;47;47;0;0;47;47;Concurso;;;;;;;;;;;;;;;;
J.M.ORIOL 220;50282;Extremadura;;1;2;;528; N/A ;  ;276;1.073;E113_SEPE;814;1.220;E113_SEPE;961;2.891; N/A ;1.191;2.632;259;0;252;7;259;259;0;100;0;0;100;100;100;0;814;276;961;276;Est_Gen_Nudo;WSCR_Nudo;Est_Alm_Nudo;WSCR_Nudo;400;;174;174;814;276;961;276;Concurso por resolución SEE. Margen zonal reservado concurso por resolución SEE/posible concurso/NTJ. ;0;0;0;0;0;0;0;0;81;28;0;0;81;28;Concurso;;;;;;;;;;;;;;;;
JALON 220;50283;Aragón;3;;;;693; N/A ; Superación valor máx Icc ;18;1.578;N/A;903;1.766;N/A;1.091;1.102; N/A ;N/A;427;675;0;675;0;675;675;0;251;0;251;0;251;251;0;427;18;427;18;D_Nudo;WSCR_Nudo;D_Nudo;WSCR_Nudo;1.200;;427;18;427;18;427;18;Concurso por resolución SEE. ;0;0;0;0;0;0;0;0;43;2;0;0;43;2;Concurso;;;;;;;;;;;;;;;;
JARES 132;50736;Canarias;1;1;;;13; N/A ;  ;3;221;N/A;197;224;N/A;201;24; N/A ;N/A;0;24;0;10;14;24;24;0;0;0;0;0;0;0;0;0;0;0;0;D_Nudo;D_Nudo;D_Nudo;D_Nudo;#¡VALOR!;;0;0;0;0;0;0;;0;0;0;0;0;0;0;0;0;0;0;0;0;0;;;;;;;;;;;;;;;;;
JIJONA 220;50284;Comunidad Valenciana;;;2;;283; N/A ;  ;241;1.737;E37_SEPE;1.236;1.979;E37_SEPE;1.541;455; D50_SEPE ;N/A;0;367;25;42;299;341;367;0;0;0;0;0;0;0;0;0;0;0;0;D_Zona;D_Zona;D_Zona;D_Zona;0;;0;0;0;0;0;0;;0;0;0;0;0;0;0;0;0;0;0;0;0;0;;;;;;;;;;;;;;;;;
JINAMAR 220;50285;Canarias;;;;;62; N/A ;  ;62;422;N/A;422;435;N/A;435;30; N/A ;N/A;30;0;0;0;0;0;0;0;0;0;0;0;0;0;0;30;30;30;30;D_Nudo;D_Nudo;D_Nudo;D_Nudo;0;;0;0;30;30;30;30;Sin posibilidad de conexión. ;0;0;0;0;0;0;0;0;0;0;0;0;0;0;;;;;;;;;;;;;;;;;
JINAMAR 66;50285;Canarias;10;;;;48; N/A ;  ;48;72;N/A;72;90;N/A;90;34; N/A ;N/A;34;317;317;0;0;0;317;0;0;0;0;0;0;0;0;34;34;34;34;D_Nudo;D_Nudo;D_Nudo;D_Nudo;#¡VALOR!;;34;34;0;0;0;0;;34;34;0;0;34;34;0;0;0;0;0;0;0;0;;;;;;;;;;;;;;;;;
JORDANA 400;50286;Andalucía;;1;;;795; N/A ;  ;795;2.511;E55_SEPE;2.511;2.600;E55_SEPE;2.600;968; N/A ;968;968;0;0;0;0;0;0;0;0;0;0;0;0;0;0;968;795;968;795;D_Nudo;WSCR_Nudo;D_Nudo;WSCR_Nudo;600;;600;600;968;795;968;795;Concurso por resolución SEE. Margen zonal reservado concurso por resolución SEE/posible concurso/NTJ. ;0;0;0;0;0;0;0;0;97;80;0;0;97;80;Concurso;;;;;;;;;;;;;;;;
JORDANA 220;50286;Andalucía;;1;;;593; N/A ;  ;550;1.720;E55_SEPE;1.677;1.776;E55_SEPE;1.734;1.167; N/A ;N/A;1.125;42;0;42;0;42;42;0;0;0;0;0;0;0;0;1.125;550;1.125;550;D_Nudo;WSCR_Nudo;D_Nudo;WSCR_Nudo;400;;358;358;1.125;550;1.125;550;Concurso por resolución SEE. Margen zonal reservado concurso por resolución SEE/posible concurso/NTJ. ;0;0;0;0;0;0;0;0;112;55;0;0;112;55;Concurso;;;;;;;;;;;;;;;;
JOSE CABRERA 220;50287;Castilla-La Mancha;;1;;;484; N/A ;  ;283;619;E44_SEPE;419;637;E44_SEPE;436;374; D54_SEPE ;N/A;0;201;0;201;0;201;201;0;0;0;0;0;0;0;0;0;0;0;0;D_Zona;D_Zona;D_Zona;D_Zona;400;;0;0;0;0;0;0;;0;0;0;0;0;0;0;0;0;0;0;0;0;0;;;;;;;;;;;;;;;;;
JUIA 220;50288;Cataluña;;;4;;438; N/A ; Riesgo interacciones ;381;1.194;E277_SEPE;784;1.241;E277_SEPE;806;846; D18_SEPE ;N/A;0;435;242;57;136;193;410;25;332;0;180;152;332;260;72;0;0;0;0;D_Zona;D_Zona;D_Zona;D_Zona;0;;0;0;0;0;0;0;;0;0;0;0;0;0;0;0;0;0;0;0;0;0;Concurso;;;;;;;;;;;;;;;;
JUNDIZ 220;50289;País Vasco;;1;3;;326; N/A ;  ;271;460;E195_SEPE;355;520;E195_SEPE;415;975; N/A ;N/A;870;105;0;55;50;105;105;0;34;0;0;34;34;29;5;355;271;415;271;Est_Gen_Nudo;WSCR_Nudo;Est_Alm_Nudo;WSCR_Nudo;400;;355;271;355;271;415;271;Concurso por resolución SEE. Margen zonal reservado concurso por resolución SEE/posible concurso/NTJ. ;0;0;0;0;0;0;0;0;36;27;0;0;36;27;Concurso;;;;;;;;;;;;;;;;
JUNEDA 220;50290;Cataluña;1;;2;;280; N/A ;  ;211;400;N/A;236;931;N/A;767;858; N/A ;N/A;693;164;70;69;25;94;164;0;1;0;1;0;1;1;0;236;211;693;211;Est_Gen_Nudo;WSCR_Nudo;D_Nudo;WSCR_Nudo;400;;236;211;236;211;693;211;Concurso por resolución SEE. ;0;0;0;0;0;0;0;0;24;21;0;0;24;21;Concurso;;;;;;;;;;;;;;;;
LA CANONJA 220;50763;Cataluña;;;2;;271; N/A ;  ;256;618;E27_SEPE;618;633;E27_SEPE;618;807; D25_SEPE ;N/A;569;15;0;15;0;15;0;15;0;0;0;0;0;0;0;569;256;569;256;D_Zona;WSCR_Nudo;D_Zona;WSCR_Nudo;0;;0;0;569;256;569;256;Margen zonal reservado concurso por resolución SEE/posible concurso/NTJ. ;0;0;0;0;0;0;0;0;0;0;0;0;0;0;;;;;;;;;;;;;;;;;
LA CEREAL 400;50291;Comunidad de Madrid;;1;;;1.347; N/A ;  ;949;1.484;E124_SEPE;1.087;1.605;E124_SEPE;1.208;164; N/A ;164;0;398;0;398;0;398;398;0;378;0;378;0;378;378;0;0;0;0;0;D_Nudo;D_Nudo;D_Nudo;D_Nudo;600;;0;0;0;0;0;0;;0;0;0;0;0;0;0;0;0;0;0;0;0;0;;;;;;;;;;;;;;;;;
LA CEREAL 220;50291;Comunidad de Madrid;;;;;647; N/A ;  ;647;830;E124_SEPE;830;890;E124_SEPE;890;877; N/A ;N/A;877;0;0;0;0;0;0;0;0;0;0;0;0;0;0;830;647;877;647;Est_Gen_Nudo;WSCR_Nudo;D_Nudo;WSCR_Nudo;0;;0;0;830;647;877;647;Sin posibilidad de conexión. ;0;0;0;0;0;0;0;0;0;0;0;0;0;0;;;;;;;;;;;;;;;;;
LA ESPLUGA 400;50292;Cataluña;1;;;;633; N/A ;  ;239;1.670;E97_SEPE;1.276;1.957;E97_SEPE;1.563;782; N/A ;782;388;394;0;394;0;394;394;0;0;0;0;0;0;0;0;388;239;388;239;D_Nudo;WSCR_Nudo;D_Nudo;WSCR_Nudo;600;;206;206;388;239;388;239;Concurso por resolución SEE. Margen zonal reservado concurso por resolución SEE/posible concurso/NTJ. ;0;0;0;0;0;0;0;0;39;24;0;0;39;24;Concurso;;;;;;;;;;;;;;;;
LA ESPLUGA 220;50292;Cataluña;;1;;;171; N/A ;  ;85;1.266;E97_SEPE;1.067;1.322;E97_SEPE;1.123;810; N/A ;N/A;611;199;0;86;113;199;199;0;0;0;0;0;0;0;0;611;85;611;85;D_Nudo;WSCR_Nudo;D_Nudo;WSCR_Nudo;400;;201;85;611;85;611;85;Concurso por resolución SEE. Margen zonal reservado concurso por resolución SEE/posible concurso/NTJ. ;0;0;0;0;0;0;0;0;61;8;0;0;61;8;Concurso;;;;;;;;;;;;;;;;
LA ESTRELLA 220;50293;Comunidad de Madrid;;;4;;853; N/A ;  ;853;987;N/A;987;999;N/A;999;754; N/A ;N/A;754;0;0;0;0;0;0;0;0;0;0;0;0;0;0;754;754;754;754;D_Nudo;D_Nudo;D_Nudo;D_Nudo;0;;0;0;0;0;0;0;;0;0;754;754;0;0;754;754;0;0;0;0;0;0;;;;;;;;;;;;;;;;;
LA FARGA 400;50737;Cataluña;;;;;544; N/A ; Riesgo interacciones ;544;1.932;E95_SEPE;1.932;2.609;E95_SEPE;2.583;2.521; N/A ;821;2.521;0;0;0;0;0;0;0;0;0;0;0;0;0;0;1.932;544;2.521;544;Est_Gen_Nudo;WSCR_Nudo;D_Nudo;WSCR_Nudo;0;;0;0;1.932;544;2.521;544;Sin posibilidad de conexión. ;0;0;0;0;0;0;0;0;0;0;0;0;0;0;;;;;;;;;;;;;;;;;
LA FARGA 220;50737;Cataluña;;1;;;685; N/A ; Riesgo interacciones ;230;2.205;E277_SEPE, E95_SEPE;1.458;2.216;E277_SEPE, E95_SEPE;1.458;846; D18_SEPE ;N/A;0;456;0;456;0;456;28;428;0;0;0;0;0;0;0;0;0;0;0;D_Zona;D_Zona;D_Zona;D_Zona;400;SI;0;0;0;0;0;0;;0;0;0;0;0;0;0;0;0;0;0;0;0;0;;;;;;;;;;;;;;;;;
LA FORTUNADA 220;50294;Aragón;;;1;;253; N/A ;  ;253;229;N/A;34;246;N/A;51;1.271; N/A ;N/A;1.076;195;195;0;0;0;195;0;0;0;0;0;0;0;0;34;34;51;51;Est_Gen_Nudo;Est_Gen_Nudo;Est_Alm_Nudo;Est_Alm_Nudo;0;SI;0;0;0;0;0;51;Limitación de capacidad por posición;0;0;34;34;0;0;51;0;0;0;0;0;0;0;;;;;;;;;;;;;;;;;
LA GRELA 220;50295;Galicia;;;5;;342; N/A ;  ;342;466;E244_SEPE, E279_SEPE;36;635;E244_SEPE, E279_SEPE;36;811; D10_SEPE ;N/A;0;114;96;0;18;18;96;18;94;94;0;0;0;94;0;0;0;0;0;D_Zona;D_Zona;D_Zona;D_Zona;0;SI;0;0;0;0;0;0;;0;0;0;0;0;0;0;0;0;0;0;0;0;0;;;;;;;;;;;;;;;;;
LA JARA 220;50296;País Vasco;;;2;2;526; N/A ;  ;526;276;N/A;139;346;N/A;189;987; N/A ;N/A;830;157;17;0;139;139;137;20;0;0;0;0;0;0;0;139;139;189;189;Est_Gen_Nudo;Est_Gen_Nudo;Est_Alm_Nudo;Est_Alm_Nudo;0;;0;0;0;0;0;0;;0;0;139;139;0;0;189;189;0;0;0;0;0;0;;;;;;;;;;;;;;;;;
LA LORA 400;50297;Castilla y León;1;;;;938; N/A ;  ;109;1.129;N/A;300;1.622;N/A;793;904; N/A ;904;75;829;0;829;0;829;829;0;689;0;689;0;689;590;99;75;75;75;75;D_Nudo;D_Nudo;D_Nudo;D_Nudo;600;SI;0;0;75;75;75;75;Limitación de capacidad por posición;0;0;0;0;0;0;0;0;0;0;0;0;0;0;;;;;;;;;;;;;;;;;
LA NAVA 220;50298;Castilla-La Mancha;;;;;107; N/A ;  ;107;430;E19_SEPE;0;495;E19_SEPE;15;1.206; D43_SEPE ;N/A;726;0;0;0;0;0;0;0;0;0;0;0;0;0;0;0;0;15;15;Est_Gen_Zona;Est_Gen_Zona;Est_Alm_Zona;Est_Alm_Zona;0;;0;0;0;0;15;15;Sin posibilidad de conexión. ;0;0;0;0;0;0;0;0;0;0;0;0;0;0;;;;;;;;;;;;;;;;;
LA OLIVA 132;50738;Canarias;;1;;;54; N/A ;  ;34;66;E23_SEC;46;91;E23_SEC;70;20; N/A ;N/A;0;21;0;21;0;21;21;0;0;0;0;0;0;0;0;0;0;0;0;D_Nudo;D_Nudo;D_Nudo;D_Nudo;#¡VALOR!;;0;0;0;0;0;0;;0;0;0;0;0;0;0;0;0;0;0;0;0;0;;;;;;;;;;;;;;;;;
LA OLIVA 66;50738;Canarias;;;;;11; N/A ;  ;11;66;E23_SEC, E26_SEC;46;91;E23_SEC, E26_SEC;70;25; N/A ;N/A;25;0;0;0;0;0;0;0;0;0;0;0;0;0;0;25;11;25;11;D_Nudo;WSCR_Nudo;D_Nudo;WSCR_Nudo;#¡VALOR!;;25;11;25;11;25;11;Sin posibilidad de conexión. ;0;0;0;0;0;0;0;0;0;0;0;0;0;0;;;;;;;;;;;;;;;;;
LA PALOMA 220;50299;Castilla-La Mancha;;;2;;219; N/A ;  ;219;326;E18_SEPE;0;384;E18_SEPE;33;1.201; D55_SEPE ;N/A;465;351;99;0;252;252;351;0;331;20;0;311;311;271;60;0;0;33;33;Est_Gen_Nudo;Est_Gen_Nudo;Est_Alm_Nudo;Est_Alm_Nudo;0;;0;0;0;0;33;33;Margen zonal reservado concurso por resolución SEE/posible concurso/NTJ. ;0;0;0;0;0;0;0;0;0;0;0;0;0;0;;;;;;;;;;;;;;;;;
LA PATERNA 66;50300;Canarias;;;2;;64; N/A ;  ;22;122;N/A;84;127;N/A;84;58; N/A ;N/A;14;43;0;42;1;43;1;42;0;0;0;0;0;0;0;14;14;14;14;D_Nudo;D_Nudo;D_Nudo;D_Nudo;#¡VALOR!;;14;14;0;0;0;0;;0;0;14;14;0;0;14;14;0;0;0;0;0;0;;;;;;;;;;;;;;;;;
LA PEREDA 220;50301;Principado de Asturias;1;;;;420; N/A ;  ;396;189;E177_SEPE;139;215;E177_SEPE;141;1.266; N/A ;N/A;1.192;74;50;24;0;24;50;24;150;50;100;0;100;50;100;139;139;141;141;Est_Gen_Nudo;Est_Gen_Nudo;Est_Alm_Nudo;Est_Alm_Nudo;400;;139;139;0;0;2;2;;139;139;0;0;139;139;0;0;0;0;0;0;0;0;NTJ;Orden TED/1470/2024 y Orden TED/1039/2025;;;;;;;;;;;;;;;
LA PINILLA 400;50302;Castilla-La Mancha;2;;;;1.104; N/A ;  ;123;5.420;N/A;4.424;6.392;N/A;5.397;23; N/A ;23;0;995;0;981;14;995;995;0;42;0;42;0;42;42;0;0;0;0;0;D_Nudo;D_Nudo;D_Nudo;D_Nudo;1.200;;0;0;0;0;0;0;;0;0;0;0;0;0;0;0;0;0;0;0;0;0;Concurso;;;;;;;;;;;;;;;;
LA PLANA 400;50303;Comunidad Valenciana;3;1;1;;313; N/A ;  ;313;1.278;E101_SEPE;0;1.448;E101_SEPE;0;0; N/A ;0;0;1.805;1.622;0;183;183;1.805;0;212;0;0;212;212;162;50;0;0;0;0;Est_Gen_Nudo/Est_Gen_Zona/D_Nudo;Est_Gen_Nudo/Est_Gen_Zona/D_Nudo;Est_Alm_Nudo/Est_Alm_Zona/D_Nudo;Est_Alm_Nudo/Est_Alm_Zona/D_Nudo;2.400;;0;0;0;0;0;0;;0;0;0;0;0;0;0;0;0;0;0;0;0;0;Concurso;;;;;;;;;;;;;;;;
LA PLANA 220;50303;Comunidad Valenciana;;;3;;322; N/A ;  ;285;1.116;E101_SEPE, E34_SEPE;0;1.448;E101_SEPE, E34_SEPE;0;957; N/A ;N/A;398;558;267;36;255;291;554;4;0;0;0;0;0;0;0;0;0;0;0;Est_Gen_Zona;Est_Gen_Zona;Est_Alm_Zona;Est_Alm_Zona;0;;0;0;0;0;0;0;;0;0;0;0;0;0;0;0;0;0;0;0;0;0;;;;;;;;;;;;;;;;;
LA ROCA 220;50305;Cataluña;;;2;;375; N/A ;  ;375;582;E206_SEPE;558;632;E206_SEPE;607;872; N/A ;N/A;848;25;7;0;17;17;25;0;0;0;0;0;0;0;0;558;375;607;375;Est_Gen_Nudo;WSCR_Nudo;Est_Alm_Nudo;WSCR_Nudo;0;;0;0;558;375;607;375;Concurso por resolución SEE. ;0;0;0;0;0;0;0;0;58;37;0;0;58;37;Concurso;;;;;;;;;;;;;;;;
LA SAGRA 400;52094;Castilla-La Mancha;;;;;917; N/A ;  ;917;1.484;E264_SEPE;1.484;1.861;E264_SEPE;1.861;2.381; N/A ;681;2.381;0;0;0;0;0;0;0;0;0;0;0;0;0;0;1.484;917;1.861;917;Est_Gen_Nudo;WSCR_Nudo;Est_Alm_Nudo;WSCR_Nudo;0;;0;0;1.484;917;1.861;917;Sin posibilidad de conexión. ;0;0;0;0;0;0;0;0;0;0;0;0;0;0;;;;;;;;;;;;;;;;;
LA SAGRA 220;52094;Castilla-La Mancha;;;;;821; N/A ;  ;821;1.047;E264_SEPE;1.047;1.137;E264_SEPE;1.137;724; N/A ;N/A;724;0;0;0;0;0;0;0;0;0;0;0;0;0;0;724;724;724;724;D_Nudo;D_Nudo;D_Nudo;D_Nudo;0;;0;0;724;724;724;724;Sin posibilidad de conexión. ;0;0;0;0;0;0;0;0;0;0;0;0;0;0;;;;;;;;;;;;;;;;;
LA SECUITA 400;51336;Cataluña;;;;;693; N/A ;  ;693;1.339;E262_SEPE;1.339;2.382;E262_SEPE;2.382;2.377; N/A ;677;2.377;0;0;0;0;0;0;0;0;0;0;0;0;0;0;1.339;693;2.377;693;Est_Gen_Nudo/Est_Gen_Zona;WSCR_Nudo;D_Nudo;WSCR_Nudo;0;;0;0;1.339;693;2.377;693;Sin posibilidad de conexión. ;0;0;0;0;0;0;0;0;0;0;0;0;0;0;;;;;;;;;;;;;;;;;
LA SECUITA 220;51336;Cataluña;;;;;715; N/A ;  ;715;795;E262_SEPE;795;1.652;E262_SEPE;1.652;800; N/A ;N/A;800;0;0;0;0;0;0;0;0;0;0;0;0;0;0;795;715;800;715;Est_Gen_Nudo;WSCR_Nudo;D_Nudo;WSCR_Nudo;0;;0;0;795;715;800;715;Sin posibilidad de conexión. ;0;0;0;0;0;0;0;0;0;0;0;0;0;0;;;;;;;;;;;;;;;;;
LA SELVA 220;50306;Cataluña;;;2;;545; N/A ;  ;513;1.272;N/A;1.218;1.350;N/A;1.286;806; N/A ;N/A;743;63;0;31;32;63;54;9;0;0;0;0;0;0;0;743;513;743;513;D_Nudo;WSCR_Nudo;D_Nudo;WSCR_Nudo;0;;0;0;743;513;743;513;Concurso por resolución SEE. ;0;0;0;0;0;0;0;0;73;50;0;0;73;50;Concurso;;;;;;;;;;;;;;;;
LA SOLANA 220;50307;Castilla-La Mancha;;1;1;;259; N/A ;  ;4;430;E19_SEPE;0;491;E19_SEPE;11;1.206; D43_SEPE ;N/A;726;480;60;255;166;420;430;50;96;0;50;46;96;0;96;0;0;11;4;Est_Gen_Nudo/Est_Gen_Zona;Est_Gen_Nudo/Est_Gen_Zona;Est_Alm_Nudo;WSCR_Nudo;400;SI;0;0;0;0;0;4;Limitación de capacidad por posición;0;0;0;0;0;0;11;0;0;0;0;0;0;0;;;;;;;;;;;;;;;;;
LA TORRECILLA 220;50308;Comunidad de Madrid;1;1;;;888; N/A ;  ;628;162;N/A;4;288;N/A;4;779; N/A ;N/A;495;284;24;260;0;260;134;150;0;0;0;0;0;0;0;4;4;4;4;Est_Gen_Nudo;Est_Gen_Nudo;Est_Alm_Nudo;Est_Alm_Nudo;800;;4;4;0;0;0;0;;4;4;0;0;4;4;0;0;0;0;0;0;0;0;;;;;;;;;;;;;;;;;
LADA 400;50309;Principado de Asturias;1;;2;;1.643; N/A ;  ;1.643;1.728;E281_SEPE;1.709;1.888;E281_SEPE;1.829;2.352; N/A ;784;2.294;58;18;0;40;40;18;40;10;0;0;10;10;0;10;1.709;1.643;1.829;1.643;Est_Gen_Nudo;WSCR_Nudo;Est_Alm_Nudo;WSCR_Nudo;600;;600;600;1.709;1.643;1.829;1.643;Nudo de Transición Justa. ;0;0;0;0;0;0;0;0;0;0;0;0;0;0;NTJ;Orden TED/345/2024;;;;;;;;;;;;;;;
LAGUARDIA 220;50310;País Vasco;1;;;;250; N/A ;  ;51;500;E194_SEPE;301;601;E194_SEPE;402;1.231; N/A ;N/A;1.032;199;0;199;0;199;199;0;0;0;0;0;0;0;0;301;51;402;51;Est_Gen_Nudo;WSCR_Nudo;Est_Alm_Nudo;WSCR_Nudo;400;;201;51;301;51;402;51;Concurso por resolución SEE. Margen zonal reservado concurso por resolución SEE/posible concurso/NTJ. ;0;0;0;0;0;0;0;0;30;5;0;0;30;5;Concurso;;;;;;;;;;;;;;;;
LANCHA 220;50311;Andalucía;;1;4;;397; N/A ;  ;389;838;N/A;238;1.183;N/A;584;1.166; N/A ;N/A;567;599;311;8;281;288;599;0;436;0;25;411;436;436;0;409;336;567;389;Est_Gen_Nudo;Est_Gen_Nudo;D_Nudo;WSCR_Nudo;400;;238;238;409;336;567;389;Nudo de Transición Justa. ;0;0;0;0;0;0;0;0;0;0;0;0;0;0;NTJ;Orden TED/823/2024;;;;;;;;;;;;;;;
LANZAS AGUDAS 220;50312;Aragón;;;2;;291; N/A ;  ;185;817;N/A;654;913;N/A;750;1.249; N/A ;N/A;1.085;163;0;106;58;163;163;0;0;0;0;0;0;0;0;654;185;750;185;Est_Gen_Nudo;WSCR_Nudo;Est_Alm_Nudo;WSCR_Nudo;0;;0;0;654;185;750;185;Concurso por resolución SEE. ;0;0;0;0;0;0;0;0;63;17;0;0;63;17;Concurso;;;;;;;;;;;;;;;;
LAS ARROYADAS 220;50313;Castilla y León;;1;2;;428; N/A ;  ;248;410;N/A;146;525;N/A;261;1.225; N/A ;N/A;961;263;6;180;77;257;263;0;96;20;0;76;76;96;0;146;146;261;248;Est_Gen_Nudo;Est_Gen_Nudo;Est_Alm_Nudo;WSCR_Nudo;400;;146;146;146;146;261;248;Concurso por resolución SEE. ;0;0;0;0;0;0;0;0;15;15;0;0;15;15;Concurso;;;;;;;;;;;;;;;;
LAS BREÑAS 66;50739;Canarias;;1;;1;0; N/A ;  ;0;32;N/A;32;32;N/A;32;11; N/A ;N/A;11;0;0;0;0;0;0;0;0;0;0;0;0;0;0;11;0;11;0;D_Nudo;WSCR_Nudo;D_Nudo;WSCR_Nudo;#¡VALOR!;;11;0;0;0;0;0;;11;0;11;0;11;0;11;0;0;0;0;0;0;0;;;;;;;;;;;;;;;;;
LAS MAZORRAS 220;50314;Castilla y León;1;;1;;67; N/A ;  ;0;270;E12_SEPE;62;274;E12_SEPE;66;1.227; D60_SEPE ;N/A;757;208;0;67;141;208;208;0;134;0;50;84;134;73;61;62;0;66;0;Est_Gen_Nudo;WSCR_Nudo;Est_Alm_Nudo;WSCR_Nudo;400;;62;0;0;0;4;0;;62;0;62;0;62;0;66;0;0;0;0;0;0;0;;;;;;;;;;;;;;;;;
LAS PALMAS OESTE 66;52083;Canarias;;;;3;84; N/A ;  ;84;111;N/A;109;114;N/A;112;58; N/A ;N/A;56;2;0;0;2;2;2;0;0;0;0;0;0;0;0;56;56;56;56;D_Nudo;D_Nudo;D_Nudo;D_Nudo;#¡VALOR!;;56;56;0;0;0;0;;0;0;56;56;0;0;56;56;0;0;0;0;0;0;;;;;;;;;;;;;;;;;
LAS ROSAS 220;52071;Canarias;;1;;;121; N/A ;  ;121;263;E11_SEC;263;305;E11_SEC;305;0; N/A ;N/A;0;0;0;0;0;0;0;0;0;0;0;0;0;0;0;0;0;0;0;D_Nudo;D_Nudo;D_Nudo;D_Nudo;400;;0;0;0;0;0;0;;0;0;0;0;0;0;0;0;0;0;0;0;0;0;;;;;;;;;;;;;;;;;
LAS ROSAS 66;52071;Canarias;;;;;74; N/A ;  ;74;126;E11_SEC;126;148;E11_SEC;148;57; N/A ;N/A;57;0;0;0;0;0;0;0;0;0;0;0;0;0;0;57;57;57;57;D_Nudo;D_Nudo;D_Nudo;D_Nudo;#¡VALOR!;;57;57;57;57;57;57;Sin posibilidad de conexión. ;0;0;0;0;0;0;0;0;0;0;0;0;0;0;;;;;;;;;;;;;;;;;
LASTRAS 400;50315;Castilla y León;1;;2;;597; N/A ;  ;262;1.228;E182_SEPE;602;1.423;E182_SEPE;796;2.429; N/A ;810;1.802;627;63;335;230;564;626;1;95;0;0;95;95;95;0;602;262;796;262;Est_Gen_Nudo;WSCR_Nudo;Est_Alm_Nudo;WSCR_Nudo;600;;265;262;602;262;796;262;Concurso por resolución SEE. Margen zonal reservado concurso por resolución SEE/posible concurso/NTJ. ;0;0;0;0;0;0;0;0;60;26;0;0;60;26;Concurso;;;;;;;;;;;;;;;;
LEGANES 220;50316;Comunidad de Madrid;;1;5;;1.023; N/A ;  ;543;686;N/A;206;775;N/A;295;774; N/A ;N/A;293;481;1;480;0;480;481;0;58;15;0;43;43;15;43;206;206;293;293;Est_Gen_Nudo;Est_Gen_Nudo;D_Nudo;D_Nudo;400;SI;0;0;206;206;293;293;Concurso por resolución SEE. Limitación de capacidad por posición;0;0;0;0;0;0;0;0;21;21;0;0;21;21;Concurso;;;;;;;;;;;;;;;;
LES CORTS 220;50317;Cataluña;;;1;;308; N/A ;  ;308;420;E31_SEPE;420;422;E31_SEPE;422;814; D28_SEPE ;N/A;814;0;0;0;0;0;0;0;0;0;0;0;0;0;0;420;308;422;308;Est_Gen_Nudo;WSCR_Nudo;Est_Alm_Nudo;WSCR_Nudo;0;;0;0;0;0;0;0;;0;0;420;308;0;0;422;308;0;0;0;0;0;0;;;;;;;;;;;;;;;;;
LITORAL 400;50318;Andalucía;2;;3;;812; N/A ;  ;746;3.267;N/A;2.470;3.866;N/A;3.069;1.110; N/A ;370;313;797;51;66;680;747;797;0;10;0;0;10;10;10;0;1.708;1.040;1.708;1.040;D_Nudo;D_Nudo;D_Nudo;D_Nudo;1.200;;313;313;1.708;1.040;1.708;1.040;Nudo de Transición Justa. ;0;0;0;0;0;0;0;0;0;0;0;0;0;0;NTJ;;;;;;;;;;;;;;;;
LLATZER 66;50319;Islas Baleares;;;3;;62; N/A ; Riesgo interacciones ;4;190;E16_SEB;131;192;E16_SEB;131;220; N/A ;N/A;159;65;3;59;2;61;25;40;0;0;0;0;0;0;0;131;4;131;4;Est_Gen_Nudo;WSCR_Nudo;Est_Alm_Nudo;WSCR_Nudo;#¡VALOR!;;131;4;0;0;0;0;;0;0;131;4;0;0;131;4;0;0;0;0;0;0;;;;;;;;;;;;;;;;;
LLAVORSI 220;50320;Cataluña;;;2;;129; N/A ;  ;129;332;E209_SEPE, E30_SEPE;0;410;E209_SEPE, E30_SEPE;0;1.181; D11_SEPE ;N/A;264;918;850;0;68;68;830;88;0;0;0;0;0;0;0;0;0;0;0;Est_Gen_Nudo/Est_Gen_Zona;Est_Gen_Nudo/Est_Gen_Zona;Est_Alm_Nudo/Est_Alm_Zona;Est_Alm_Nudo/Est_Alm_Zona;0;SI;0;0;0;0;0;0;;0;0;0;0;0;0;0;0;0;0;0;0;0;0;;;;;;;;;;;;;;;;;
LLUBI 220;50321;Islas Baleares;;;;;56; N/A ; Riesgo interacciones ;56;295;E06_SEB;295;395;E06_SEB;395;200; N/A ;N/A;200;0;0;0;0;0;0;0;0;0;0;0;0;0;0;200;56;200;56;D_Nudo;WSCR_Nudo;D_Nudo;WSCR_Nudo;0;;0;0;200;56;200;56;Sin posibilidad de conexión. ;0;0;0;0;0;0;0;0;0;0;0;0;0;0;;;;;;;;;;;;;;;;;
LLUBI 66;50321;Islas Baleares;;;;;113; N/A ; Riesgo interacciones ;113;271;E06_SEB;271;332;E06_SEB;332;220; N/A ;N/A;220;0;0;0;0;0;0;0;0;0;0;0;0;0;0;220;113;220;113;D_Nudo;WSCR_Nudo;D_Nudo;WSCR_Nudo;#¡VALOR!;;220;113;220;113;220;113;Sin posibilidad de conexión. ;0;0;0;0;0;0;0;0;0;0;0;0;0;0;;;;;;;;;;;;;;;;;
LLUCMAJOR 66;50322;Islas Baleares;;;3;;78; N/A ; Riesgo interacciones ;55;175;N/A;126;209;N/A;159;234; N/A ;N/A;184;49;0;23;26;49;49;0;0;0;0;0;0;0;0;126;55;159;55;Est_Gen_Nudo;WSCR_Nudo;Est_Alm_Nudo;WSCR_Nudo;#¡VALOR!;;126;55;0;0;0;0;;0;0;126;55;0;0;159;55;0;0;0;0;0;0;;;;;;;;;;;;;;;;;
LOECHES 400;50323;Comunidad de Madrid;;1;;;1.999; N/A ;  ;1.091;766;E125_SEPE, E126_SEPE;0;922;E125_SEPE, E126_SEPE;0;0; N/A ;0;0;908;0;908;0;908;908;0;0;0;0;0;0;0;0;0;0;0;0;Est_Gen_Nudo/Est_Gen_Zona/D_Nudo;Est_Gen_Nudo/Est_Gen_Zona/D_Nudo;Est_Alm_Zona/D_Nudo;Est_Alm_Zona/D_Nudo;600;SI;0;0;0;0;0;0;;0;0;0;0;0;0;0;0;0;0;0;0;0;0;;;;;;;;;;;;;;;;;
LOECHES 220;50323;Comunidad de Madrid;;;2;1;195; W11_SEPE_BIN ;  ;195;417;E125_SEPE, E160_SEPE_Bin, E43_SEPE;0;498;E125_SEPE, E160_SEPE_Bin, E43_SEPE;0;874; D54_SEPE, D76_SEPE_Bin ;N/A;0;383;34;0;349;349;383;0;0;0;0;0;0;0;0;0;0;0;0;Est_Gen_Zona/D_Zona;Est_Gen_Zona/D_Zona;Est_Alm_Zona/D_Zona;Est_Alm_Zona/D_Zona;0;;0;0;0;0;0;0;;0;0;0;0;0;0;0;0;0;0;0;0;0;0;;;;;;;;;;;;;;;;;
LOECHES (LOECHES B) 220;50323;Comunidad de Madrid;;;;;374; W11_SEPE_BIN ;  ;374;621;E126_SEPE, E160_SEPE_Bin, E44_SEPE;220;641;E126_SEPE, E160_SEPE_Bin, E44_SEPE;389;736; D76_SEPE_Bin ;N/A;0;0;0;0;0;0;0;0;0;0;0;0;0;0;0;0;0;0;0;D_Zona;D_Zona;D_Zona;D_Zona;0;;0;0;0;0;0;0;;0;0;0;0;0;0;0;0;0;0;0;0;0;0;;;;;;;;;;;;;;;;;
LOGROÑO 220;50324;La Rioja;;;3;;178; N/A ;  ;137;571;E194_SEPE;478;775;E194_SEPE;682;1.221; N/A ;N/A;1.128;93;49;41;2;44;93;0;63;0;0;63;63;58;5;478;137;682;137;Est_Gen_Nudo;WSCR_Nudo;Est_Alm_Nudo;WSCR_Nudo;0;;0;0;478;137;682;137;Concurso por resolución SEE. Margen zonal reservado concurso por resolución SEE/posible concurso/NTJ. ;0;0;0;0;0;0;0;0;48;14;0;0;48;14;Concurso;;;;;;;;;;;;;;;;
LOMBA 400;50325;Castilla y León;;;;;1.211; N/A ;  ;1.211;1.104;E75_SEPE;1.104;1.261;E75_SEPE;1.261;0; N/A ;0;0;0;0;0;0;0;0;0;0;0;0;0;0;0;0;0;0;0;0;D_Nudo;D_Nudo;D_Nudo;D_Nudo;0;;0;0;0;0;0;0;;0;0;0;0;0;0;0;0;0;0;0;0;0;0;;;;;;;;;;;;;;;;;
LOMBA 220;50325;Castilla y León;;1;;;707; N/A ;  ;707;1.254;E329_SEPE, E75_SEPE;1.254;1.291;E329_SEPE, E75_SEPE;1.291;826; N/A ;N/A;826;0;0;0;0;0;0;0;0;0;0;0;0;0;0;826;707;826;707;D_Nudo;WSCR_Nudo;D_Nudo;WSCR_Nudo;400;;400;400;826;707;826;707;Concurso por resolución SEE. ;0;0;0;0;0;0;0;0;83;71;0;0;83;71;Concurso;;;;;;;;;;;;;;;;
LOMO APOLINARIO 66;50326;Canarias;;;2;;103; N/A ;  ;69;142;N/A;120;154;N/A;120;34; N/A ;N/A;0;34;0;34;0;34;0;34;0;0;0;0;0;0;0;0;0;0;0;D_Nudo;D_Nudo;D_Nudo;D_Nudo;#¡VALOR!;;0;0;0;0;0;0;;0;0;0;0;0;0;0;0;0;0;0;0;0;0;;;;;;;;;;;;;;;;;
LOMO MASPALOMAS 66;50327;Canarias;;;2;;87; N/A ;  ;84;59;N/A;45;69;N/A;54;37; N/A ;N/A;22;15;0;3;11;15;15;0;0;0;0;0;0;0;0;22;22;22;22;D_Nudo;D_Nudo;D_Nudo;D_Nudo;#¡VALOR!;;22;22;0;0;0;0;;0;0;22;22;0;0;22;22;0;0;0;0;0;0;;;;;;;;;;;;;;;;;
LOS ARENALES 220;50740;Extremadura;;1;;1;408; N/A ;  ;196;585;E326_SEPE;117;758;E326_SEPE;289;1.138; N/A ;N/A;926;212;0;212;0;212;212;0;35;0;0;35;35;35;0;117;117;289;196;Est_Gen_Zona;Est_Gen_Zona;Est_Alm_Zona;WSCR_Nudo;400;;117;117;117;117;289;196;Concurso por resolución SEE. Margen zonal reservado concurso por resolución SEE/posible concurso/NTJ. ;0;0;0;0;0;0;0;0;12;12;0;0;12;12;Concurso;;;;;;;;;;;;;;;;
LOS BARRIOS 220;50328;Andalucía;;;2;;28; N/A ;  ;0;781;E146_SEPE_Bin, E40_SEPE, E47_SEPE;758;808;E146_SEPE_Bin, E40_SEPE, E47_SEPE;758;1.250; N/A ;N/A;1.200;50;0;35;15;50;14;36;0;0;0;0;0;0;0;758;0;758;0;Est_Gen_Nudo;WSCR_Nudo;Est_Alm_Nudo;WSCR_Nudo;0;;0;0;758;0;758;0;Concurso por resolución SEE. Margen zonal reservado concurso por resolución SEE/posible concurso/NTJ. ;0;0;0;0;0;0;0;0;76;0;0;0;76;0;Concurso;;;;;;;;;;;;;;;;
LOS LEONES 220;50329;Aragón;;1;2;;331; N/A ;  ;214;763;E22_SEPE;148;790;E22_SEPE;186;1.002; D29_SEPE ;N/A;184;181;64;117;0;117;181;0;573;0;573;0;573;573;0;148;148;184;184;Est_Gen_Zona;Est_Gen_Zona;D_Zona;D_Zona;400;;148;148;0;0;36;36;;148;148;148;148;148;148;184;184;0;0;0;0;0;0;;;;;;;;;;;;;;;;;
LOS MONTES 220;50330;Andalucía;;1;2;;405; N/A ;  ;405;400;N/A;236;426;N/A;236;2.918; N/A ;1.218;2.728;190;0;0;190;190;0;190;36;0;36;0;36;36;0;236;236;236;236;Est_Gen_Nudo;Est_Gen_Nudo;Est_Alm_Nudo;Est_Alm_Nudo;400;;236;236;236;236;236;236;Concurso por resolución SEE. ;0;0;0;0;0;0;0;0;24;24;0;0;24;24;Concurso;;;;;;;;;;;;;;;;
LOS OLIVOS 66;50410;Canarias;;;2;2;43; N/A ;  ;28;232;N/A;218;242;N/A;218;58; N/A ;N/A;33;25;0;15;10;25;10;15;0;0;0;0;0;0;0;33;28;33;28;D_Nudo;WSCR_Nudo;D_Nudo;WSCR_Nudo;#¡VALOR!;;33;28;0;0;0;0;;0;0;33;28;0;0;33;28;0;0;0;0;0;0;;;;;;;;;;;;;;;;;
LOS RAMOS 220;50331;Andalucía;1;;4;;605; N/A ;  ;347;926;N/A;0;975;N/A;0;1.188; N/A ;N/A;213;975;548;258;169;427;795;180;15;0;0;15;15;15;0;0;0;0;0;Est_Gen_Nudo;Est_Gen_Nudo;Est_Alm_Nudo;Est_Alm_Nudo;400;SI;0;0;0;0;0;0;Limitación de capacidad por posición;0;0;0;0;0;0;0;0;0;0;0;0;0;0;;;;;;;;;;;;;;;;;
LOS REALEJOS 66;50332;Canarias;;;2;;73; N/A ;  ;25;87;N/A;40;88;N/A;40;58; N/A ;N/A;10;48;0;48;0;48;0;48;0;0;0;0;0;0;0;10;10;10;10;D_Nudo;D_Nudo;D_Nudo;D_Nudo;#¡VALOR!;;10;10;0;0;0;0;;0;0;10;10;0;0;10;10;0;0;0;0;0;0;;;;;;;;;;;;;;;;;
LOS VIENTOS 220;50333;Aragón;2;;;1;734; N/A ;  ;0;1.555;N/A;415;1.688;N/A;548;1.108; N/A ;N/A;0;1.140;0;738;403;1.140;1.140;0;0;0;0;0;0;0;0;0;0;0;0;D_Nudo;WSCR_Nudo/D_Nudo;D_Nudo;WSCR_Nudo/D_Nudo;800;SI;0;0;0;0;0;0;;0;0;0;0;0;0;0;0;0;0;0;0;0;0;;;;;;;;;;;;;;;;;
LOURIZAN 220;50334;Galicia;;;4;;102; N/A ;  ;99;262;E245_SEPE, E4_SEPE;246;474;E245_SEPE, E4_SEPE;454;1.283; D21_SEPE ;N/A;1.262;21;9;3;9;11;16;5;23;0;0;23;23;15;8;246;99;454;99;Est_Gen_Nudo;WSCR_Nudo;Est_Alm_Nudo;WSCR_Nudo;0;;0;0;246;99;454;99;Concurso por resolución SEE. Margen zonal reservado concurso por resolución SEE/posible concurso/NTJ. ;0;0;0;0;0;0;0;0;21;8;0;0;21;8;Concurso;;;;;;;;;;;;;;;;
LOUSAME 220;50741;Galicia;;1;;;274; N/A ;  ;35;574;E3_SEPE, E330_SEPE;0;626;E3_SEPE, E330_SEPE;0;1.300; D8_SEPE ;N/A;674;239;0;239;0;239;191;48;0;0;0;0;0;0;0;0;0;0;0;Est_Gen_Zona;Est_Gen_Zona;Est_Alm_Zona;Est_Alm_Zona;400;;0;0;0;0;0;0;;0;0;0;0;0;0;0;0;0;0;0;0;0;0;;;;;;;;;;;;;;;;;
LUBIAN 220;50335;Castilla y León;2;;;;215; N/A ;  ;1;218;E176_SEPE;5;229;E176_SEPE;15;1.300; N/A ;N/A;1.086;214;0;214;0;214;214;0;497;0;497;0;497;454;43;5;1;15;1;Est_Gen_Nudo;WSCR_Nudo;Est_Alm_Nudo;WSCR_Nudo;800;;5;1;0;0;11;0;;5;1;0;0;5;1;0;0;0;0;0;0;0;0;;;;;;;;;;;;;;;;;
LUCERO 220;50336;Comunidad de Madrid;;1;4;;944; N/A ;  ;725;310;N/A;90;379;N/A;159;730; N/A ;N/A;510;220;1;219;0;219;220;0;55;0;0;55;55;0;55;90;90;159;159;Est_Gen_Nudo;Est_Gen_Nudo;Est_Alm_Nudo;Est_Alm_Nudo;400;;90;90;90;90;159;159;Concurso por resolución SEE. ;0;0;0;0;0;0;0;0;9;9;0;0;9;9;Concurso;;;;;;;;;;;;;;;;
LUDRIO 400;50337;Galicia;1;;1;;547; N/A ;  ;274;1.827;N/A;1.009;1.998;N/A;1.181;1.834; N/A ;917;1.017;818;18;273;526;800;818;0;828;0;655;172;828;783;45;1.009;274;1.017;274;Est_Gen_Nudo;WSCR_Nudo;D_Nudo;WSCR_Nudo;600;;309;274;1.009;274;1.017;274;Concurso por resolución SEE. ;0;0;0;0;0;0;0;0;63;25;0;0;63;25;Concurso;;;;;;;;;;;;;;;;
LUENGOS 400;50338;Castilla y León;;1;;;822; N/A ;  ;360;1.249;N/A;787;1.441;N/A;979;918; N/A ;918;456;462;0;462;0;462;462;0;45;0;45;0;45;45;0;456;360;456;360;D_Nudo;WSCR_Nudo;D_Nudo;WSCR_Nudo;600;;138;138;456;360;456;360;Concurso por resolución SEE. ;0;0;0;0;0;0;0;0;46;36;0;0;46;36;Concurso;;;;;;;;;;;;;;;;
LUMINABASO 220;50742;País Vasco;;;;;448; N/A ;  ;448;361;E282_SEPE;361;435;E282_SEPE;435;1.027; N/A ;N/A;1.027;0;0;0;0;0;0;0;0;0;0;0;0;0;0;361;361;435;435;Est_Gen_Nudo/Est_Gen_Zona;Est_Gen_Nudo/Est_Gen_Zona;Est_Alm_Nudo;Est_Alm_Nudo;0;;0;0;361;361;435;435;Sin posibilidad de conexión. Margen zonal reservado concurso por resolución SEE/posible concurso/NTJ. ;0;0;0;0;0;0;0;0;0;0;0;0;0;0;;;;;;;;;;;;;;;;;
MACHER 66;50339;Canarias;;;2;;32; N/A ;  ;32;118;N/A;111;122;N/A;115;17; N/A ;N/A;10;7;0;0;7;7;7;0;0;0;0;0;0;0;0;10;10;10;10;D_Nudo;D_Nudo;D_Nudo;D_Nudo;#¡VALOR!;;10;10;0;0;0;0;;0;0;10;10;0;0;10;10;0;0;0;0;0;0;;;;;;;;;;;;;;;;;
MACIÑEIRA 400;51434;Galicia;;1;;;164; N/A ;  ;164;1.496;E354_SEPE;1.496;1.673;E354_SEPE;1.673;945; N/A ;945;945;0;0;0;0;0;0;0;0;0;0;0;0;0;0;945;164;945;164;D_Nudo;WSCR_Nudo;D_Nudo;WSCR_Nudo;600;;600;164;945;164;945;164;Concurso por resolución SEE. Margen zonal reservado concurso por resolución SEE/posible concurso/NTJ. ;0;0;0;0;0;0;0;0;94;16;0;0;94;16;Concurso;;;;;;;;;;;;;;;;
MADRIDEJOS 220;50340;Castilla-La Mancha;;;1;;137; N/A ;  ;129;608;E17_SEPE, E210_SEPE;93;899;E17_SEPE, E210_SEPE;279;1.079; D33_SEPE ;N/A;673;261;110;7;144;151;261;0;0;0;0;0;0;0;0;93;93;279;129;Est_Gen_Zona;Est_Gen_Zona;Est_Alm_Zona;WSCR_Nudo;0;;0;0;93;93;279;129;Margen zonal reservado concurso por resolución SEE/posible concurso/NTJ. ;0;0;0;0;0;0;0;0;0;0;0;0;0;0;;;;;;;;;;;;;;;;;
MAGALLON 400;50341;Aragón;;1;;;1.418; N/A ;  ;823;1.880;E65_SEPE;446;2.704;E65_SEPE;1.270;759; N/A ;759;164;595;0;595;0;595;595;0;0;0;0;0;0;0;0;164;164;164;164;D_Nudo;D_Nudo;D_Nudo;D_Nudo;600;;5;5;164;164;164;164;Concurso por resolución SEE. ;0;0;0;0;0;0;0;0;16;16;0;0;16;16;Concurso;;;;;;;;;;;;;;;;
MAGALLON 220;50341;Aragón;1;;3;;861; N/A ;  ;120;1.867;E65_SEPE;446;2.683;E65_SEPE;1.270;846; N/A ;N/A;7;839;24;742;73;815;839;0;78;0;78;0;78;78;0;7;7;7;7;D_Nudo;D_Nudo;D_Nudo;D_Nudo;400;SI;0;0;0;0;0;7;Margen zonal reservado concurso por resolución SEE/posible concurso/NTJ. Limitación de capacidad por posición;0;0;7;7;0;0;7;0;0;0;0;0;0;0;;;;;;;;;;;;;;;;;
MAGAÑA 220;50743;Castilla y León;;;;;0; N/A ;  ;0;1.061;E13_SEPE;682;1.236;E13_SEPE;828;1.262; D56_SEPE ;N/A;853;0;0;0;0;0;0;0;0;0;0;0;0;0;0;682;0;828;0;Est_Gen_Zona;WSCR_Nudo;Est_Alm_Zona;WSCR_Nudo;0;;0;0;682;0;828;0;Sin posibilidad de conexión. ;0;0;0;0;0;0;0;0;0;0;0;0;0;0;;;;;;;;;;;;;;;;;
LLERENA 400;52074;Extremadura;;1;;;649; N/A ;  ;649;977;N/A;977;1.290;N/A;1.290;984; N/A ;984;984;0;0;0;0;0;0;0;0;0;0;0;0;0;0;977;649;984;649;Est_Gen_Nudo;WSCR_Nudo;D_Nudo;WSCR_Nudo;600;;600;600;977;649;984;649;Concurso por resolución SEE. ;0;0;0;0;0;0;0;0;98;65;0;0;98;65;Concurso;;;;;;;;;;;;;;;;
MAHON 132;50342;Islas Baleares;8;;;;0; N/A ;  ;0;118;E30_SEB;0;127;E30_SEB;0;169; D4_SEB ;N/A;20;247;247;0;0;0;247;0;0;0;0;0;0;0;0;0;0;0;0;Est_Gen_Zona;WSCR_Nudo/Est_Gen_Zona;Est_Alm_Zona;WSCR_Nudo/Est_Alm_Zona;#¡VALOR!;;0;0;0;0;0;0;;0;0;0;0;0;0;0;0;0;0;0;0;0;0;;;;;;;;;;;;;;;;;
MAIALS 400;50343;Cataluña;1;;;;605; N/A ;  ;122;2.220;N/A;1.736;2.240;N/A;1.756;801; N/A ;801;318;483;0;483;0;483;483;0;0;0;0;0;0;0;0;318;122;318;122;D_Nudo;WSCR_Nudo;D_Nudo;WSCR_Nudo;600;;117;117;318;122;318;122;Concurso por resolución SEE. ;0;0;0;0;0;0;0;0;32;12;0;0;32;12;Concurso;;;;;;;;;;;;;;;;
MAJADAHONDA 220;50344;Comunidad de Madrid;;;2;;839; N/A ;  ;839;880;N/A;856;970;N/A;945;725; N/A ;N/A;700;25;0;0;25;25;25;0;55;0;0;55;55;0;55;700;700;700;700;D_Nudo;D_Nudo;D_Nudo;D_Nudo;0;;0;0;700;700;700;700;Concurso por resolución SEE. ;0;0;0;0;0;0;0;0;70;70;0;0;70;70;Concurso;;;;;;;;;;;;;;;;
MANACOR 66;50345;Islas Baleares;;;3;;26; N/A ; Riesgo interacciones ;7;157;N/A;83;169;N/A;95;243; D3_SEB ;N/A;49;79;5;19;55;74;79;0;17;0;17;0;17;8;9;49;7;49;7;D_Zona;WSCR_Nudo;D_Zona;WSCR_Nudo;#¡VALOR!;;49;7;0;0;0;0;;0;0;49;7;0;0;49;7;0;0;0;0;0;0;;;;;;;;;;;;;;;;;
MANCHEGA 400;52077;Castilla-La Mancha;;1;;1;667; N/A ;  ;667;3.968;E322_SEPE;3.104;3.978;E322_SEPE;3.114;2.415; N/A ;1.207;2.415;0;0;0;0;0;0;0;703;0;0;703;703;703;0;2.415;667;2.415;667;D_Nudo;WSCR_Nudo;D_Nudo;WSCR_Nudo;600;;600;600;2.415;667;2.415;667;Concurso por resolución SEE. Margen zonal reservado concurso por resolución SEE/posible concurso/NTJ. ;0;0;0;0;0;0;0;0;241;67;0;0;241;67;Concurso;;;;;;;;;;;;;;;;
MANGRANERS 220;50346;Cataluña;;1;2;;624; N/A ;  ;466;1.294;E299_SEPE;884;1.438;E299_SEPE;1.028;798; N/A ;N/A;388;410;158;158;95;252;410;0;0;0;0;0;0;0;0;388;388;388;388;D_Nudo;D_Nudo;D_Nudo;D_Nudo;400;;242;242;388;388;388;388;Concurso por resolución SEE. ;0;0;0;0;0;0;0;0;39;39;0;0;39;39;Concurso;;;;;;;;;;;;;;;;
MANUEL BECERRA 220;UFD-50397;Comunidad de Madrid;;;2;;885; N/A ;  ;885;605;N/A;605;712;N/A;712;691; N/A ;N/A;691;0;0;0;0;0;0;0;0;0;0;0;0;0;0;605;605;691;691;Est_Gen_Nudo;Est_Gen_Nudo;D_Nudo;D_Nudo;0;;0;0;0;0;0;0;;0;0;605;605;0;0;691;691;0;0;0;0;0;0;;;;;;;;;;;;;;;;;
MANUEL CRUZ 66;50347;Canarias;;;2;;64; N/A ;  ;54;106;N/A;99;109;N/A;99;60; N/A ;N/A;50;10;0;10;0;10;0;10;0;0;0;0;0;0;0;50;50;50;50;D_Nudo;D_Nudo;D_Nudo;D_Nudo;#¡VALOR!;;50;50;0;0;0;0;;0;0;50;50;0;0;50;50;0;0;0;0;0;0;;;;;;;;;;;;;;;;;
MANZANARES 400;50348;Castilla-La Mancha;;1;;;1.010; N/A ;  ;669;2.284;E304_SEPE, E82_SEPE;1.943;2.605;E304_SEPE, E82_SEPE;2.264;1.083; N/A ;1.083;742;341;0;341;0;341;341;0;30;0;30;0;30;30;0;742;669;742;669;D_Nudo;WSCR_Nudo;D_Nudo;WSCR_Nudo;600;;259;259;742;669;742;669;Concurso por resolución SEE. Margen zonal reservado concurso por resolución SEE/posible concurso/NTJ. ;0;0;0;0;0;0;0;0;74;67;0;0;74;67;Concurso;;;;;;;;;;;;;;;;
MANZANARES 220;50348;Castilla-La Mancha;1;;;;412; N/A ;  ;127;973;E18_SEPE, E82_SEPE;237;1.062;E18_SEPE, E82_SEPE;342;1.201; D55_SEPE ;N/A;465;385;100;285;0;285;385;0;0;0;0;0;0;0;0;237;127;342;127;Est_Gen_Zona;WSCR_Nudo;Est_Alm_Zona;WSCR_Nudo;400;;15;15;237;127;342;127;Concurso por resolución SEE. Margen zonal reservado concurso por resolución SEE/posible concurso/NTJ. ;0;0;0;0;0;0;0;0;23;13;0;0;23;13;Concurso;;;;;;;;;;;;;;;;
MARAGALL 220;50349;Cataluña;;;5;;122; N/A ;  ;122;1.162;N/A;1.162;1.197;N/A;1.197;806; N/A ;N/A;806;0;0;0;0;0;0;0;0;0;0;0;0;0;0;806;122;806;122;D_Nudo;WSCR_Nudo;D_Nudo;WSCR_Nudo;0;;0;0;0;0;0;0;;0;0;806;122;0;0;806;122;0;0;0;0;0;0;;;;;;;;;;;;;;;;;
MARIA 220;50350;Aragón;1;1;;;710; N/A ;  ;200;2.800;N/A;2.290;2.849;N/A;2.339;297; N/A ;N/A;0;510;0;510;0;510;510;0;0;0;0;0;0;0;0;0;0;0;0;D_Nudo;D_Nudo;D_Nudo;D_Nudo;800;;0;0;0;0;0;0;;0;0;0;0;0;0;0;0;0;0;0;0;0;0;;;;;;;;;;;;;;;;;
MARRATXI 66;50351;Islas Baleares;;;2;;77; W02_SEB_BIN ; Riesgo interacciones ;41;130;E17_SEB_BIN;70;162;E17_SEB_BIN;113;223; D1_SEB, D6_SEB_BIN ;N/A;100;48;0;36;12;48;39;9;0;0;0;0;0;0;0;70;41;100;41;Est_Gen_Zona;WSCR_Nudo;D_Zona;WSCR_Nudo;#¡VALOR!;;70;41;0;0;0;0;;0;0;70;41;0;0;100;41;0;0;0;0;0;0;;;;;;;;;;;;;;;;;
MARRATXI (MARRATXI B) 66;50351;Islas Baleares;;;;;131; W02_SEB_BIN ; Riesgo interacciones ;131;76;E17_SEB_BIN;70;100;E17_SEB_BIN;100;219; D6_SEB_BIN ;N/A;174;0;0;0;0;0;0;0;0;0;0;0;0;0;0;70;70;100;100;Est_Gen_Zona;Est_Gen_Zona;Est_Alm_Nudo;Est_Alm_Nudo;#¡VALOR!;;70;70;70;70;100;100;Sin posibilidad de conexión. ;0;0;0;0;0;0;0;0;0;0;0;0;0;0;;;;;;;;;;;;;;;;;
MARZAGAN 66;50353;Canarias;;;2;;95; N/A ;  ;83;63;E09_SEC;52;69;E09_SEC;52;41; N/A ;N/A;23;18;0;12;6;18;10;8;0;0;0;0;0;0;0;23;23;23;23;D_Nudo;D_Nudo;D_Nudo;D_Nudo;#¡VALOR!;;23;23;0;0;0;0;;0;0;23;23;0;0;23;23;0;0;0;0;0;0;;;;;;;;;;;;;;;;;
MAS FIGUERES 220;50354;Cataluña;;;3;;618; N/A ;  ;618;475;N/A;464;552;N/A;541;2.452; N/A ;817;2.441;11;6;0;5;5;11;0;114;0;100;14;114;14;100;464;464;541;541;Est_Gen_Nudo;Est_Gen_Nudo;Est_Alm_Nudo;Est_Alm_Nudo;0;;0;0;464;464;541;541;Concurso por resolución SEE. ;0;0;0;0;0;0;0;0;46;46;0;0;46;46;Concurso;;;;;;;;;;;;;;;;
MASDENVERGE 400;51202;Cataluña;;;;1;698; N/A ;  ;698;1.917;N/A;1.779;2.314;N/A;2.175;660; N/A ;660;522;139;50;0;89;89;139;0;0;0;0;0;0;0;0;522;522;522;522;D_Nudo;D_Nudo;D_Nudo;D_Nudo;0;;0;0;522;522;522;522;Concurso por resolución SEE. ;0;0;0;0;0;0;0;0;66;66;0;0;66;66;Concurso;;;;;;;;;;;;;;;;
MATA 220;50355;Cataluña;;;3;;66; N/A ; Superación valor máx Icc ;66;763;E289_SEPE;763;871;E289_SEPE;871;820; N/A ;N/A;820;0;0;0;0;0;0;0;0;0;0;0;0;0;0;763;66;820;66;Est_Gen_Nudo/Est_Gen_Zona;WSCR_Nudo;D_Nudo;WSCR_Nudo;0;;0;0;0;0;0;0;;0;0;763;66;0;0;820;66;0;0;0;0;0;0;;;;;;;;;;;;;;;;;
MATAPORQUERA 220;50356;Cantabria;;;2;1;398; N/A ;  ;272;403;E180_SEPE;72;451;E180_SEPE;109;1.252; N/A ;N/A;910;342;28;127;188;314;332;10;27;0;27;0;27;27;0;72;72;109;109;Est_Gen_Nudo;Est_Gen_Nudo;Est_Alm_Nudo;Est_Alm_Nudo;0;SI;0;0;0;0;0;109;Margen zonal reservado concurso por resolución SEE/posible concurso/NTJ. Limitación de capacidad por posición;0;0;72;72;0;0;109;0;0;0;0;0;0;0;;;;;;;;;;;;;;;;;
MATAS BLANCAS 132;50357;Canarias;;1;;;13; N/A ;  ;0;202;E24_SEC;178;210;E24_SEC;185;24; N/A ;N/A;12;13;0;13;0;13;13;0;0;0;0;0;0;0;0;12;0;12;0;D_Nudo;WSCR_Nudo;D_Nudo;WSCR_Nudo;#¡VALOR!;;12;0;0;0;0;0;;12;0;0;0;12;0;0;0;0;0;0;0;0;0;;;;;;;;;;;;;;;;;
MATAS BLANCAS 66;50357;Canarias;;;3;;10; N/A ;  ;0;98;E24_SEC;87;102;E24_SEC;90;27; N/A ;N/A;16;11;0;10;1;11;11;0;0;0;0;0;0;0;0;16;0;16;0;D_Nudo;WSCR_Nudo;D_Nudo;WSCR_Nudo;#¡VALOR!;;16;0;0;0;0;0;;0;0;16;0;0;0;16;0;0;0;0;0;0;0;;;;;;;;;;;;;;;;;
MATORRAL 66;50358;Canarias;1;1;2;;116; N/A ;  ;0;94;N/A;0;100;N/A;0;28; N/A ;N/A;0;137;0;119;18;137;137;0;0;0;0;0;0;0;0;0;0;0;0;Est_Gen_Nudo/D_Nudo;WSCR_Nudo/Est_Gen_Nudo/D_Nudo;Est_Alm_Nudo/D_Nudo;WSCR_Nudo/Est_Alm_Nudo/D_Nudo;#¡VALOR!;;0;0;0;0;0;0;;0;0;0;0;0;0;0;0;0;0;0;0;0;0;;;;;;;;;;;;;;;;;
MAZARICOS 220;50359;Galicia;;;2;;241; N/A ;  ;61;808;E330_SEPE;0;930;E330_SEPE;0;1.300; N/A ;N/A;959;341;0;180;161;341;341;0;0;0;0;0;0;0;0;0;0;0;0;Est_Gen_Zona;Est_Gen_Zona;Est_Alm_Zona;Est_Alm_Zona;0;;0;0;0;0;0;0;;0;0;0;0;0;0;0;0;0;0;0;0;0;0;;;;;;;;;;;;;;;;;
MAZARREDO 220;UFD-50411;Comunidad de Madrid;;;3;;885; N/A ;  ;885;353;N/A;353;613;N/A;613;678; N/A ;N/A;678;0;0;0;0;0;0;0;0;0;0;0;0;0;0;353;353;613;613;Est_Gen_Nudo;Est_Gen_Nudo;Est_Alm_Nudo;Est_Alm_Nudo;0;;0;0;0;0;0;0;;0;0;353;353;0;0;613;613;0;0;0;0;0;0;;;;;;;;;;;;;;;;;
MECO 220;50360;Comunidad de Madrid;;;3;;329; N/A ;  ;0;722;E292_SEPE, E346_SEPE;0;833;E292_SEPE, E346_SEPE;210;1.005; D73_SEPE ;N/A;387;617;27;329;262;591;617;0;5;0;0;5;5;5;0;0;0;210;0;Est_Gen_Zona;Est_Gen_Zona;Est_Alm_Zona;WSCR_Nudo;0;;0;0;0;0;210;0;Margen zonal reservado concurso por resolución SEE/posible concurso/NTJ. ;0;0;0;0;0;0;0;0;0;0;0;0;0;0;;;;;;;;;;;;;;;;;
MEDIANO 220;50361;Aragón;2;;;;317; N/A ;  ;317;500;E200_SEPE;203;556;E200_SEPE;258;1.262; N/A ;N/A;1.195;66;66;0;0;0;66;0;0;0;0;0;0;0;0;203;203;258;258;Est_Gen_Zona;Est_Gen_Zona;Est_Alm_Zona;Est_Alm_Zona;800;;203;203;203;203;258;258;Concurso por resolución SEE. ;0;0;0;0;0;0;0;0;20;20;0;0;20;20;Concurso;;;;;;;;;;;;;;;;
MEDINA DEL CAMPO 220;50362;Castilla y León;;1;1;;157; N/A ;  ;0;479;E15_SEPE;0;483;E15_SEPE;0;1.225; D64_SEPE ;N/A;275;495;43;202;249;452;495;0;0;0;0;0;0;0;0;0;0;0;0;Est_Gen_Nudo/Est_Gen_Zona;WSCR_Nudo/Est_Gen_Nudo/Est_Gen_Zona;Est_Alm_Nudo;WSCR_Nudo/Est_Alm_Nudo;400;;0;0;0;0;0;0;;0;0;0;0;0;0;0;0;0;0;0;0;0;0;;;;;;;;;;;;;;;;;
MEDINACELI 400;50363;Castilla y León;1;;;;630; N/A ;  ;31;1.772;E201_SEPE;1.173;2.007;E201_SEPE;1.408;1.290; N/A ;1.290;691;599;0;599;0;599;599;0;0;0;0;0;0;0;0;691;31;691;31;D_Nudo;WSCR_Nudo;D_Nudo;WSCR_Nudo;600;;1;1;691;31;691;31;Concurso por resolución SEE. Margen zonal reservado concurso por resolución SEE/posible concurso/NTJ. ;0;0;0;0;0;0;0;0;69;3;0;0;69;3;Concurso;;;;;;;;;;;;;;;;
MEDIODIA 220;UFD-50416;Comunidad de Madrid;;;3;;829; N/A ;  ;829;372;E198_SEPE;371;623;E198_SEPE;622;705; N/A ;N/A;704;1;1;0;0;0;1;0;0;0;0;0;0;0;0;371;371;622;622;Est_Gen_Nudo;Est_Gen_Nudo;Est_Alm_Nudo;Est_Alm_Nudo;0;;0;0;0;0;0;0;;0;0;371;371;0;0;622;622;0;0;0;0;0;0;;;;;;;;;;;;;;;;;
MEIRAMA 220;50364;Galicia;3;1;2;;179; N/A ;  ;0;749;E244_SEPE;36;778;E244_SEPE;36;811; D10_SEPE ;N/A;0;724;486;234;3;237;301;423;31;0;0;31;31;31;0;0;0;0;0;D_Zona;WSCR_Nudo/D_Zona;D_Zona;WSCR_Nudo/D_Zona;1.600;;0;0;0;0;0;0;;0;0;0;0;0;0;0;0;0;0;0;0;0;0;NTJ;Orden TED/1469/2024, Orden TED/578/2026;;;;;;;;;;;;;;;
MELANCOLICOS 220;50365;Comunidad de Madrid;;;5;;939; N/A ;  ;939;988;N/A;988;1.062;N/A;1.062;702; N/A ;N/A;702;0;0;0;0;0;0;0;0;0;0;0;0;0;0;702;702;702;702;D_Nudo;D_Nudo;D_Nudo;D_Nudo;0;;0;0;0;0;0;0;;0;0;702;702;0;0;702;702;0;0;0;0;0;0;;;;;;;;;;;;;;;;;
MEQUINENZA 400;50366;Aragón;;;;;705; N/A ;  ;705;633;E66_SEPE;281;821;E66_SEPE;469;528; N/A ;N/A;528;0;0;0;0;0;0;0;0;0;0;0;0;0;0;281;281;469;469;Est_Gen_Zona;Est_Gen_Zona;Est_Alm_Zona;Est_Alm_Zona;0;;0;0;281;281;469;469;Sin posibilidad de conexión. Margen zonal reservado concurso por resolución SEE/posible concurso/NTJ. ;0;0;0;0;0;0;0;0;0;0;0;0;0;0;;;;;;;;;;;;;;;;;
MEQUINENZA 220;50366;Aragón;4;;2;;564; N/A ;  ;564;505;E66_SEPE;153;648;E66_SEPE;296;803; N/A ;N/A;452;351;343;0;9;9;351;0;0;0;0;0;0;0;0;153;153;296;296;Est_Gen_Nudo;Est_Gen_Nudo;Est_Alm_Nudo;Est_Alm_Nudo;1.600;;153;153;153;153;296;296;Concurso por resolución SEE. ;0;0;0;0;0;0;0;0;13;13;0;0;13;13;Concurso;;;;;;;;;;;;;;;;
MERCADAL 132;50367;Islas Baleares;;1;3;;65; N/A ;  ;24;118;E30_SEB;0;127;E30_SEB;0;224; D4_SEB ;N/A;20;51;0;41;10;51;51;0;0;0;0;0;0;0;0;0;0;0;0;Est_Gen_Zona;Est_Gen_Zona;Est_Alm_Zona;Est_Alm_Zona;#¡VALOR!;;0;0;0;0;0;0;;0;0;0;0;0;0;0;0;0;0;0;0;0;0;;;;;;;;;;;;;;;;;
MERCEDES BENZ 220;50368;País Vasco;;;;;209; N/A ;  ;209;543;E195_SEPE, E335_SEPE;464;611;E195_SEPE, E335_SEPE;611;946; N/A ;N/A;946;0;0;0;0;0;0;0;0;0;0;0;0;0;0;464;209;611;209;Est_Gen_Zona;WSCR_Nudo;Est_Alm_Nudo;WSCR_Nudo;0;;0;0;464;209;611;209;Concurso por resolución SEE. Sin posibilidad de conexión. Margen zonal reservado concurso por resolución SEE/posible concurso/NTJ. ;0;0;0;0;0;0;0;0;46;21;0;0;46;21;Concurso;;;;;;;;;;;;;;;;
MERIDA 220;50369;Extremadura;;;3;;356; N/A ;  ;310;834;N/A;369;897;N/A;433;1.068; N/A ;N/A;604;464;135;46;284;329;464;0;0;0;0;0;0;0;0;369;310;433;310;Est_Gen_Nudo;WSCR_Nudo;Est_Alm_Nudo;WSCR_Nudo;0;;0;0;369;310;433;310;Concurso por resolución SEE. ;0;0;0;0;0;0;0;0;39;31;0;0;39;31;Concurso;;;;;;;;;;;;;;;;
MESON D.V. 400;50370;Galicia;;1;;;809; N/A ;  ;809;2.185;E116_SEPE;1.718;2.756;E116_SEPE;2.293;708; N/A ;N/A;688;20;20;0;0;0;20;0;0;0;0;0;0;0;0;688;688;688;688;D_Nudo;D_Nudo;D_Nudo;D_Nudo;600;;600;600;688;688;688;688;Concurso por resolución SEE. ;0;0;0;0;0;0;0;0;69;69;0;0;69;69;Concurso;;;;;;;;;;;;;;;;
MESON D.V. 220;50370;Galicia;2;;1;;381; N/A ;  ;0;1.603;E116_SEPE, E2_SEPE;1.048;2.060;E116_SEPE, E2_SEPE;1.510;811; D10_SEPE ;N/A;0;447;3;435;9;444;447;0;0;0;0;0;0;0;0;0;0;0;0;D_Zona;WSCR_Nudo/D_Zona;D_Zona;WSCR_Nudo/D_Zona;800;;0;0;0;0;0;0;;0;0;0;0;0;0;0;0;0;0;0;0;0;0;;;;;;;;;;;;;;;;;
MEZQUITA 400;50371;Aragón;;1;;;1.243; N/A ;  ;758;2.866;E61_SEPE;2.048;3.242;E61_SEPE;2.374;406; N/A ;406;0;485;0;485;0;485;485;0;0;0;0;0;0;0;0;0;0;0;0;D_Nudo;D_Nudo;D_Nudo;D_Nudo;600;;0;0;0;0;0;0;;0;0;0;0;0;0;0;0;0;0;0;0;0;0;Concurso;;;;;;;;;;;;;;;;
MEZQUITA 220;50371;Aragón;1;;;;471; N/A ;  ;88;631;E23_SEPE, E61_SEPE;83;667;E23_SEPE, E61_SEPE;91;1.120; D13_SEPE ;N/A;499;383;0;383;0;383;333;50;269;0;269;0;269;269;0;83;83;91;88;Est_Gen_Zona;Est_Gen_Zona;Est_Alm_Zona;WSCR_Nudo;400;;17;17;67;67;74;71;Margen zonal reservado concurso por resolución SEE/posible concurso/NTJ. ;17;17;0;0;17;17;0;0;0;0;0;0;0;0;;;;;;;;;;;;;;;;;
MINGLANILLA 400;50372;Castilla-La Mancha;1;;;1;1.573; N/A ;  ;639;3.055;N/A;2.121;4.417;N/A;3.483;0; N/A ;0;0;934;0;934;0;934;934;0;0;0;0;0;0;0;0;0;0;0;0;D_Nudo;D_Nudo;D_Nudo;D_Nudo;600;SI;0;0;0;0;0;0;;0;0;0;0;0;0;0;0;0;0;0;0;0;0;;;;;;;;;;;;;;;;;
MIRABAL 220;50799;Andalucía;;1;1;;317; N/A ;  ;217;439;N/A;251;507;N/A;319;1.234; N/A ;N/A;1.046;188;0;100;88;188;188;0;269;0;31;238;269;269;0;251;217;319;217;Est_Gen_Nudo;WSCR_Nudo;Est_Alm_Nudo;WSCR_Nudo;400;;251;217;251;217;319;217;Concurso por resolución SEE. ;0;0;0;0;0;0;0;0;25;22;0;0;25;22;Concurso;;;;;;;;;;;;;;;;
MIRANDA DE EBRO 220;50373;Castilla y León;;1;3;;372; N/A ;  ;250;314;E194_SEPE;191;497;E194_SEPE;275;1.177; N/A ;N/A;955;222;73;122;27;149;123;99;902;0;902;0;902;475;428;191;191;275;250;Est_Gen_Nudo;Est_Gen_Nudo;Est_Alm_Nudo;WSCR_Nudo;400;;0;0;191;191;275;250;Margen zonal reservado concurso por resolución SEE/posible concurso/NTJ. ;0;0;0;0;0;0;0;0;0;0;0;0;0;0;;;;;;;;;;;;;;;;;
MIRASIERRA 220;50374;Comunidad de Madrid;;;4;;761; N/A ;  ;761;541;N/A;536;623;N/A;618;780; N/A ;N/A;775;5;5;0;0;0;5;0;0;0;0;0;0;0;0;536;536;618;618;Est_Gen_Nudo;Est_Gen_Nudo;Est_Alm_Nudo;Est_Alm_Nudo;0;;0;0;536;536;618;618;Concurso por resolución SEE. ;0;0;0;0;0;0;0;0;54;54;0;0;54;54;Concurso;;;;;;;;;;;;;;;;
MOGAN 66;52084;Canarias;;;;1;12; N/A ;  ;12;121;E07_SEC;77;122;E07_SEC;77;65; N/A ;N/A;65;0;0;0;0;0;0;0;0;0;0;0;0;0;0;65;12;65;12;D_Nudo;WSCR_Nudo;D_Nudo;WSCR_Nudo;#¡VALOR!;;65;12;0;0;0;0;;0;0;65;12;0;0;65;12;0;0;0;0;0;0;;;;;;;;;;;;;;;;;
MOLINES 66;50375;Islas Baleares;;;3;;59; N/A ; Riesgo interacciones ;0;91;N/A;58;117;N/A;58;219; N/A ;N/A;160;59;0;59;0;59;0;59;0;0;0;0;0;0;0;58;0;58;0;Est_Gen_Nudo;WSCR_Nudo;Est_Alm_Nudo;WSCR_Nudo;#¡VALOR!;;58;0;0;0;0;0;;0;0;58;0;0;0;58;0;0;0;0;0;0;0;;;;;;;;;;;;;;;;;
MONCAYO 220;50376;Castilla y León;;1;2;;555; N/A ;  ;280;558;E338_SEPE;243;561;E338_SEPE;246;1.111; N/A ;N/A;796;315;15;275;25;300;315;0;755;0;755;0;755;710;45;243;243;246;246;Est_Gen_Nudo;Est_Gen_Nudo;Est_Alm_Nudo;Est_Alm_Nudo;400;;243;243;243;243;246;246;Concurso por resolución SEE. ;0;0;0;0;0;0;0;0;24;24;0;0;24;24;Concurso;;;;;;;;;;;;;;;;
MONTALBANEJO 400;52079;Castilla-La Mancha;;1;;;638; N/A ;  ;638;2.412;E322_SEPE;2.412;3.108;E322_SEPE;3.108;1.291; N/A ;1.291;1.291;0;0;0;0;0;0;0;129;0;129;0;129;129;0;1.291;638;1.291;638;D_Nudo;WSCR_Nudo;D_Nudo;WSCR_Nudo;600;;600;600;1.291;638;1.291;638;Concurso por resolución SEE. Margen zonal reservado concurso por resolución SEE/posible concurso/NTJ. ;0;0;0;0;0;0;0;0;129;64;0;0;129;64;Concurso;;;;;;;;;;;;;;;;
MONTBLANC 220;50378;Cataluña;;;2;;159; N/A ;  ;122;1.050;N/A;999;1.126;N/A;1.075;821; N/A ;N/A;770;51;0;37;14;51;51;0;0;0;0;0;0;0;0;770;122;770;122;D_Nudo;WSCR_Nudo;D_Nudo;WSCR_Nudo;0;;0;0;770;122;770;122;Concurso por resolución SEE. ;0;0;0;0;0;0;0;0;77;12;0;0;77;12;Concurso;;;;;;;;;;;;;;;;
MONTEARENAS 400;50379;Castilla y León;1;2;;;1.490; N/A ;  ;1.074;1.933;E76_SEPE;1.184;2.136;E76_SEPE;1.184;0; N/A ;N/A;0;951;535;416;0;416;416;535;0;0;0;0;0;0;0;0;0;0;0;D_Nudo;D_Nudo;D_Nudo;D_Nudo;1.800;;0;0;0;0;0;0;;0;0;0;0;0;0;0;0;0;0;0;0;0;0;NTJ;;;;;;;;;;;;;;;;
MONTEARENAS 220;50379;Castilla y León;1;;;;852; N/A ;  ;667;1.677;E5_SEPE, E76_SEPE;1.184;1.795;E5_SEPE, E76_SEPE;1.184;805; N/A ;N/A;621;185;0;185;0;185;185;0;0;0;0;0;0;0;0;621;621;621;621;D_Nudo;D_Nudo;D_Nudo;D_Nudo;400;;216;216;621;621;621;621;Nudo de Transición Justa. Margen zonal reservado concurso por resolución SEE/posible concurso/NTJ. ;0;0;0;0;0;0;0;0;0;0;0;0;0;0;NTJ;;;;;;;;;;;;;;;;
MONTEBELLO 220;50380;Comunidad Valenciana;;;2;;318; N/A ;  ;313;1.191;E37_SEPE;1.183;1.203;E37_SEPE;1.196;455; D50_SEPE ;N/A;0;7;2;5;0;5;7;0;0;0;0;0;0;0;0;0;0;0;0;D_Zona;D_Zona;D_Zona;D_Zona;0;;0;0;0;0;0;0;;0;0;0;0;0;0;0;0;0;0;0;0;0;0;;;;;;;;;;;;;;;;;
MONTECILLO BAJO 220;50381;Andalucía;;;;;167; N/A ;  ;167;364;E191_SEPE;364;411;E191_SEPE;411;1.183; N/A ;N/A;1.183;0;0;0;0;0;0;0;0;0;0;0;0;0;0;364;167;411;167;Est_Gen_Nudo;WSCR_Nudo;Est_Alm_Nudo;WSCR_Nudo;0;;0;0;364;167;411;167;Sin posibilidad de conexión. ;0;0;0;0;0;0;0;0;0;0;0;0;0;0;;;;;;;;;;;;;;;;;
MONTESA 400;51299;Comunidad Valenciana;;1;;;869; N/A ;  ;869;1.998;N/A;1.998;2.471;N/A;2.471;84; N/A ;84;84;0;0;0;0;0;0;0;0;0;0;0;0;0;0;84;84;84;84;D_Nudo;D_Nudo;D_Nudo;D_Nudo;600;;84;84;84;84;84;84;Concurso por resolución SEE. ;0;0;0;0;0;0;0;0;8;8;0;0;8;8;Concurso;;;;;;;;;;;;;;;;
MONTETORRERO 220;50382;Aragón;;;5;;275; N/A ;  ;23;2.200;N/A;1.533;2.346;N/A;1.679;623; N/A ;N/A;0;667;0;252;414;666;667;0;0;0;0;0;0;0;0;0;0;0;0;D_Nudo;D_Nudo;D_Nudo;D_Nudo;0;;0;0;0;0;0;0;;0;0;0;0;0;0;0;0;0;0;0;0;0;0;;;;;;;;;;;;;;;;;
MONTOUTO 220;50383;Galicia;2;;;;237; N/A ;  ;169;494;E280_SEPE;43;505;E280_SEPE;45;1.169; N/A ;N/A;1.100;68;0;68;0;68;68;0;0;0;0;0;0;0;0;43;43;45;45;Est_Gen_Zona;Est_Gen_Zona;Est_Alm_Zona;Est_Alm_Zona;800;;0;0;43;43;45;45;Margen zonal reservado concurso por resolución SEE/posible concurso/NTJ. ;0;0;0;0;0;0;0;0;0;0;0;0;0;0;;;;;;;;;;;;;;;;;
MONZON 220;50384;Aragón;;;5;;360; N/A ;  ;209;554;N/A;140;606;N/A;192;1.269; N/A ;N/A;855;414;137;151;126;277;414;0;12;0;12;0;12;12;0;140;140;192;192;Est_Gen_Nudo;Est_Gen_Nudo;Est_Alm_Nudo;Est_Alm_Nudo;0;SI;0;0;140;140;192;192;Concurso por resolución SEE. Limitación de capacidad por posición;0;0;0;0;0;0;0;0;11;11;0;0;11;11;Concurso;;;;;;;;;;;;;;;;
MORA 220;50385;Castilla-La Mancha;;;;;222; N/A ;  ;222;331;E211_SEPE;331;451;E211_SEPE;451;1.258; N/A ;N/A;1.258;0;0;0;0;0;0;0;0;0;0;0;0;0;0;331;222;451;222;Est_Gen_Nudo;WSCR_Nudo;Est_Alm_Nudo;WSCR_Nudo;0;;0;0;331;222;451;222;Sin posibilidad de conexión. ;0;0;0;0;0;0;0;0;0;0;0;0;0;0;;;;;;;;;;;;;;;;;
MORALEJA 400;50386;Comunidad de Madrid;;1;;;1.398; N/A ;  ;1.238;1.094;E127_SEPE;382;1.237;E127_SEPE;525;151; N/A ;N/A;0;160;0;160;0;160;160;0;0;0;0;0;0;0;0;0;0;0;0;D_Nudo;D_Nudo;D_Nudo;D_Nudo;600;;0;0;0;0;0;0;;0;0;0;0;0;0;0;0;0;0;0;0;0;0;;;;;;;;;;;;;;;;;
MORALEJA 220;50386;Comunidad de Madrid;;1;2;;1.144; N/A ;  ;674;686;E127_SEPE;135;789;E127_SEPE;237;695; N/A ;N/A;144;552;82;470;0;470;552;0;152;0;0;152;152;48;104;135;135;144;144;Est_Gen_Nudo;Est_Gen_Nudo;D_Nudo;D_Nudo;400;SI;0;0;135;135;144;144;Concurso por resolución SEE. Limitación de capacidad por posición;0;0;0;0;0;0;0;0;13;13;0;0;13;13;Concurso;;;;;;;;;;;;;;;;
MORALETS 220;50387;Aragón;3;;;;267; N/A ;  ;267;254;E26_SEPE;0;396;E26_SEPE;0;1.110; D15_SEPE ;N/A;699;221;221;0;0;0;0;221;0;0;0;0;0;0;0;0;0;0;0;Est_Gen_Zona;Est_Gen_Zona;Est_Alm_Zona;Est_Alm_Zona;1.200;;0;0;0;0;0;0;;0;0;0;0;0;0;0;0;0;0;0;0;0;0;;;;;;;;;;;;;;;;;
MORATA 400;50388;Comunidad de Madrid;;1;;;1.958; N/A ;  ;1.521;1.040;E128_SEPE;301;3.673;E128_SEPE;2.868;0; N/A ;0;0;436;0;436;0;436;436;0;0;0;0;0;0;0;0;0;0;0;0;D_Nudo;D_Nudo;D_Nudo;D_Nudo;600;;0;0;0;0;0;0;;0;0;0;0;0;0;0;0;0;0;0;0;0;0;;;;;;;;;;;;;;;;;
MORATA 220;50388;Comunidad de Madrid;;1;1;1;1.071; N/A ;  ;702;841;E128_SEPE;301;1.048;E128_SEPE;680;711; N/A ;N/A;343;369;0;369;0;369;369;0;250;0;250;0;250;250;0;301;301;343;343;Est_Gen_Zona;Est_Gen_Zona;D_Nudo;D_Nudo;400;;87;87;301;301;343;343;Concurso por resolución SEE. ;0;0;0;0;0;0;0;0;30;30;0;0;30;30;Concurso;;;;;;;;;;;;;;;;
MORELLA 400;50389;Comunidad Valenciana;1;1;;;1.343; N/A ;  ;0;4.911;N/A;3.522;6.107;N/A;4.718;214; N/A ;214;0;1.389;8;1.380;0;1.380;1.389;0;0;0;0;0;0;0;0;0;0;0;0;D_Nudo;WSCR_Nudo/D_Nudo;D_Nudo;WSCR_Nudo/D_Nudo;1.200;SI;0;0;0;0;0;0;;0;0;0;0;0;0;0;0;0;0;0;0;0;0;;;;;;;;;;;;;;;;;
MORERUELA 400;52066;Castilla y León;;1;;;670; N/A ;  ;620;1.535;N/A;1.485;1.806;N/A;1.756;726; N/A ;726;676;50;0;50;0;50;50;0;0;0;0;0;0;0;0;676;620;676;620;D_Nudo;WSCR_Nudo;D_Nudo;WSCR_Nudo;600;;550;550;676;620;676;620;Concurso por resolución SEE. ;0;0;0;0;0;0;0;0;68;62;0;0;68;62;Concurso;;;;;;;;;;;;;;;;
MORVEDRE 400;50390;Comunidad Valenciana;3;;;;848; N/A ; Riesgo interacciones ;848;1.939;E107_SEPE;769;2.510;E107_SEPE;1.339;443; N/A ;N/A;0;1.168;1.168;0;0;0;1.168;0;0;0;0;0;0;0;0;0;0;0;0;D_Nudo;D_Nudo;D_Nudo;D_Nudo;1.800;;0;0;0;0;0;0;;0;0;0;0;0;0;0;0;0;0;0;0;0;0;;;;;;;;;;;;;;;;;
MORVEDRE B 220;50390;Comunidad Valenciana;;1;2;1;320; N/A ;  ;318;760;E107_SEPE;758;840;E107_SEPE;838;874; N/A ;N/A;872;2;0;2;0;2;2;0;0;0;0;0;0;0;0;758;318;838;318;Est_Gen_Nudo;WSCR_Nudo;Est_Alm_Nudo;WSCR_Nudo;400;;400;318;758;318;838;318;Concurso por resolución SEE. ;0;0;0;0;0;0;0;0;76;32;0;0;76;32;Concurso;;;;;;;;;;;;;;;;
MOTORS 220;50392;Cataluña;;;3;;711; N/A ;  ;661;594;N/A;583;654;N/A;593;805; N/A ;N/A;745;61;6;50;4;54;11;50;0;0;0;0;0;0;0;583;583;593;593;Est_Gen_Nudo;Est_Gen_Nudo;Est_Alm_Nudo;Est_Alm_Nudo;0;;0;0;0;0;0;0;;0;0;583;583;0;0;593;593;0;0;0;0;0;0;;;;;;;;;;;;;;;;;
MUDARRA 400;50393;Castilla y León;1;1;;;1.416; N/A ;  ;222;2.447;E79_SEPE;648;2.541;E79_SEPE;743;0; N/A ;N/A;0;1.194;0;1.194;0;1.194;1.194;0;0;0;0;0;0;0;0;0;0;0;0;D_Nudo;D_Nudo;D_Nudo;D_Nudo;1.200;;0;0;0;0;0;0;;0;0;0;0;0;0;0;0;0;0;0;0;0;0;;;;;;;;;;;;;;;;;
MUDARRA 220;50393;Castilla y León;1;;1;;584; N/A ; Superación valor máx Icc ;0;1.216;E79_SEPE;612;1.312;E79_SEPE;708;901; N/A ;N/A;297;604;0;584;20;604;604;0;25;0;0;25;25;25;0;297;0;297;0;D_Nudo;WSCR_Nudo;D_Nudo;WSCR_Nudo;400;SI;0;0;297;0;297;0;Concurso por resolución SEE. Limitación de capacidad por posición;0;0;0;0;0;0;0;0;30;0;0;0;30;0;Concurso;;;;;;;;;;;;;;;;
MUDARRITA 220;50394;Castilla y León;;;;;25; N/A ; Superación valor máx Icc ;25;847;N/A;847;915;N/A;915;814; N/A ;N/A;814;0;0;0;0;0;0;0;0;0;0;0;0;0;0;814;25;814;25;D_Nudo;WSCR_Nudo;D_Nudo;WSCR_Nudo;0;;0;0;814;25;814;25;Sin posibilidad de conexión. ;0;0;0;0;0;0;0;0;0;0;0;0;0;0;;;;;;;;;;;;;;;;;
MUDEJAR 400;50395;Aragón;;1;;;1.834; N/A ;  ;334;3.096;N/A;1.595;3.497;N/A;1.996;1.261; N/A ;420;0;1.501;0;1.501;0;1.501;1.501;0;0;0;0;0;0;0;0;154;0;154;0;D_Nudo;D_Nudo;D_Nudo;D_Nudo;600;SI;0;0;154;0;154;0;Nudo de Transición Justa. Limitación de capacidad por posición;0;0;0;0;0;0;0;0;0;0;0;0;0;0;NTJ;Orden TED/1182/2021, Orden TED/1146/2022 y Orden TED/345/2024;;;;;;;;;;;;;;;
MUELA 400;50396;Comunidad Valenciana;9;;;;1.249; N/A ;  ;1.249;3.277;E339_SEPE;1.208;4.085;E339_SEPE;1.208;23; N/A ;N/A;0;1.816;1.816;0;0;0;280;1.536;0;0;0;0;0;0;0;0;0;0;0;D_Nudo;D_Nudo;D_Nudo;D_Nudo;5.400;;0;0;0;0;0;0;;0;0;0;0;0;0;0;0;0;0;0;0;0;0;;;;;;;;;;;;;;;;;
MUELLE GRANDE 66;50397;Canarias;;;3;;100; N/A ;  ;70;143;N/A;116;147;N/A;116;57; N/A ;N/A;26;31;0;30;1;31;1;30;0;0;0;0;0;0;0;26;26;26;26;D_Nudo;D_Nudo;D_Nudo;D_Nudo;#¡VALOR!;;26;26;0;0;0;0;;0;0;26;26;0;0;26;26;0;0;0;0;0;0;;;;;;;;;;;;;;;;;
MUNIESA 400;50398;Aragón;1;;;;937; N/A ;  ;0;2.769;N/A;1.679;3.082;N/A;1.992;551; N/A ;551;0;1.090;0;1.090;0;1.090;1.090;0;0;0;0;0;0;0;0;0;0;0;0;D_Nudo;WSCR_Nudo/D_Nudo;D_Nudo;WSCR_Nudo/D_Nudo;600;SI;0;0;0;0;0;0;;0;0;0;0;0;0;0;0;0;0;0;0;0;0;;;;;;;;;;;;;;;;;
MURCIA 220;50399;Región de Murcia;;;2;;93; N/A ;  ;93;679;E39_SEPE;679;689;E39_SEPE;689;451; D67_SEPE ;N/A;0;0;0;0;0;0;0;0;0;0;0;0;0;0;0;0;0;0;0;D_Zona;D_Zona;D_Zona;D_Zona;0;;0;0;0;0;0;0;;0;0;0;0;0;0;0;0;0;0;0;0;0;0;;;;;;;;;;;;;;;;;
MURTERAR 220;50400;Islas Baleares;7;;;;170; N/A ; Riesgo interacciones ;51;369;E20_SEB;173;413;E20_SEB;173;219; N/A ;N/A;100;194;75;119;0;119;75;119;0;0;0;0;0;0;0;100;51;100;51;D_Nudo;WSCR_Nudo;D_Nudo;WSCR_Nudo;2.800;;100;51;100;51;100;51;Concurso por resolución SEE. ;0;0;0;0;0;0;0;0;10;5;0;0;10;5;Concurso;;;;;;;;;;;;;;;;
MURUARTE 400;50401;Comunidad Foral de Navarra;;1;;;668; N/A ;  ;668;1.727;E139_SEPE;1.499;1.900;E139_SEPE;1.833;986; N/A ;986;986;0;0;0;0;0;0;0;0;0;0;0;0;0;0;986;668;986;668;D_Nudo;WSCR_Nudo;D_Nudo;WSCR_Nudo;600;;600;600;986;668;986;668;Concurso por resolución SEE. ;0;0;0;0;0;0;0;0;99;67;0;0;99;67;Concurso;;;;;;;;;;;;;;;;
MURUARTE 220;50401;Comunidad Foral de Navarra;1;1;;;231; N/A ;  ;4;759;E139_SEPE, E251_SEPE, E270_SEPE;0;1.071;E139_SEPE, E251_SEPE, E270_SEPE;22;1.200; D58_SEPE ;N/A;972;228;0;228;0;228;228;0;536;0;536;0;536;56;480;0;0;22;4;Est_Gen_Zona;Est_Gen_Zona;Est_Alm_Zona;WSCR_Nudo;800;;0;0;0;0;22;4;Margen zonal reservado concurso por resolución SEE/posible concurso/NTJ. ;0;0;0;0;0;0;0;0;0;0;0;0;0;0;;;;;;;;;;;;;;;;;
NARAIO 400;51282;Galicia;;;;1;0; N/A ;  ;0;1.496;E354_SEPE;1.496;1.673;E354_SEPE;1.673;1.106; N/A ;1.106;1.106;0;0;0;0;0;0;0;0;0;0;0;0;0;0;1.106;0;1.106;0;D_Nudo;WSCR_Nudo;D_Nudo;WSCR_Nudo;0;;0;0;1.106;0;1.106;0;Concurso por resolución SEE. Margen zonal reservado concurso por resolución SEE/posible concurso/NTJ. ;0;0;0;0;0;0;0;0;111;0;0;0;111;0;Concurso;;;;;;;;;;;;;;;;
NARCEA 400;50402;Principado de Asturias;1;;1;;385; N/A ;  ;385;1.300;E6_SEPE;1.283;1.766;E6_SEPE;1.744;831; D26_SEPE ;N/A;379;22;8;0;15;15;17;5;27;0;0;27;27;27;0;379;379;379;379;D_Zona;D_Zona;D_Zona;D_Zona;600;;379;379;379;379;379;379;Nudo de Transición Justa. Margen zonal reservado concurso por resolución SEE/posible concurso/NTJ. ;0;0;0;0;0;0;0;0;0;0;0;0;0;0;NTJ;Orden TED/1471/2024;;;;;;;;;;;;;;;
NORTE 220;51239;Comunidad de Madrid;;;4;;901; N/A ;  ;901;774;E216_SEPE;774;850;E216_SEPE;850;678; N/A ;N/A;678;0;0;0;0;0;0;0;0;0;0;0;0;0;0;678;678;678;678;D_Nudo;D_Nudo;D_Nudo;D_Nudo;0;;0;0;0;0;0;0;;0;0;678;678;0;0;678;678;0;0;0;0;0;0;;;;;;;;;;;;;;;;;
NOVELDA 220;50403;Comunidad Valenciana;;1;2;;365; N/A ;  ;155;1.566;N/A;1.357;1.606;N/A;1.397;671; N/A ;N/A;462;209;0;209;0;209;209;0;15;0;0;15;15;15;0;462;155;462;155;D_Nudo;WSCR_Nudo;D_Nudo;WSCR_Nudo;400;;192;155;462;155;462;155;Concurso por resolución SEE. ;0;0;0;0;0;0;0;0;46;16;0;0;46;16;Concurso;;;;;;;;;;;;;;;;
NUDO VIARIO 220;50404;Cataluña;;;;;707; N/A ;  ;707;827;N/A;827;843;N/A;843;805; N/A ;N/A;805;0;0;0;0;0;0;0;0;0;0;0;0;0;0;805;707;805;707;D_Nudo;WSCR_Nudo;D_Nudo;WSCR_Nudo;0;;0;0;805;707;805;707;Sin posibilidad de conexión. ;0;0;0;0;0;0;0;0;0;0;0;0;0;0;;;;;;;;;;;;;;;;;
NUEVA CASARES 220;50405;Andalucía;;1;2;;318; N/A ;  ;178;552;N/A;381;567;N/A;396;1.266; N/A ;N/A;1.094;171;19;139;13;152;171;0;0;0;0;0;0;0;0;381;178;396;178;Est_Gen_Nudo;WSCR_Nudo;Est_Alm_Nudo;WSCR_Nudo;400;;320;178;381;178;396;178;Concurso por resolución SEE. ;0;0;0;0;0;0;0;0;38;18;0;0;38;18;Concurso;;;;;;;;;;;;;;;;
NUEVA ESCOMBRERAS 400;50406;Región de Murcia;6;;;;370; W02_SEPE_BIN ;  ;370;2.748;E170_SEPE_Bin;341;3.609;E170_SEPE_Bin;1.202;542; D81_SEPE_Bin ;181;0;2.407;2.407;0;0;0;2.407;0;0;0;0;0;0;0;0;0;0;0;0;D_Nudo/D_Zona;D_Nudo/D_Zona;D_Nudo/D_Zona;D_Nudo/D_Zona;3.600;;0;0;0;0;0;0;;0;0;0;0;0;0;0;0;0;0;0;0;0;0;;;;;;;;;;;;;;;;;
NUEVA ESCOMBRERAS (NUEVA ESCOMBRERAS B) 400;50406;Región de Murcia;;;;;391; W02_SEPE_BIN ;  ;370;2.671;E170_SEPE_Bin, E331_SEPE;362;3.455;E170_SEPE_Bin, E331_SEPE;1.204;841; D81_SEPE_Bin ;421;0;0;0;0;0;0;0;0;0;0;0;0;0;0;0;0;0;0;0;D_Zona;D_Zona;D_Zona;D_Zona;0;;0;0;0;0;0;0;;0;0;0;0;0;0;0;0;0;0;0;0;0;0;;;;;;;;;;;;;;;;;
NUEVA MECO 220;51426;Comunidad de Madrid;;;;;79; N/A ;  ;79;722;E292_SEPE, E346_SEPE;0;828;E292_SEPE, E346_SEPE;210;1.005; D73_SEPE ;N/A;387;0;0;0;0;0;0;0;0;0;0;0;0;0;0;0;0;210;79;Est_Gen_Zona;Est_Gen_Zona;Est_Alm_Zona;WSCR_Nudo;0;;0;0;0;0;210;79;Sin posibilidad de conexión. Margen zonal reservado concurso por resolución SEE/posible concurso/NTJ. ;0;0;0;0;0;0;0;0;0;0;0;0;0;0;;;;;;;;;;;;;;;;;
NUEVO CAUCE 220;51365;Comunidad Valenciana;;;;2;591; N/A ;  ;591;730;E287_SEPE, E340_SEPE;730;746;E287_SEPE, E340_SEPE;746;842; N/A ;N/A;842;0;0;0;0;0;0;0;0;0;0;0;0;0;0;730;591;746;591;Est_Gen_Nudo;WSCR_Nudo;Est_Alm_Nudo;WSCR_Nudo;0;;0;0;410;271;335;179;Margen zonal reservado concurso por resolución SEE/posible concurso/NTJ. ;0;0;320;320;0;0;412;412;0;0;0;0;0;0;;;;;;;;;;;;;;;;;
NUEVO VIGO (BATEAS) 220;50777;Galicia;;;;;301; N/A ;  ;301;709;E280_SEPE;43;749;E280_SEPE;45;1.284; N/A ;N/A;1.284;0;0;0;0;0;0;0;0;0;0;0;0;0;0;43;43;45;45;Est_Gen_Zona;Est_Gen_Zona;Est_Alm_Zona;Est_Alm_Zona;0;;0;0;43;43;45;45;Sin posibilidad de conexión. Margen zonal reservado concurso por resolución SEE/posible concurso/NTJ. ;0;0;0;0;0;0;0;0;0;0;0;0;0;0;;;;;;;;;;;;;;;;;
NUREDDUNA 66;50407;Islas Baleares;;;3;;159; N/A ; Riesgo interacciones ;142;81;N/A;69;86;N/A;69;229; N/A ;N/A;212;17;0;17;0;17;0;17;0;0;0;0;0;0;0;69;69;69;69;Est_Gen_Nudo;Est_Gen_Nudo;Est_Alm_Nudo;Est_Alm_Nudo;#¡VALOR!;;69;69;0;0;0;0;;0;0;69;69;0;0;69;69;0;0;0;0;0;0;;;;;;;;;;;;;;;;;
O INCIO 220;52088;Galicia;;;;;267; N/A ;  ;267;575;E329_SEPE;575;637;E329_SEPE;637;1.287; N/A ;N/A;1.287;0;0;0;0;0;0;0;0;0;0;0;0;0;0;575;267;637;267;Est_Gen_Nudo;WSCR_Nudo;Est_Alm_Nudo;WSCR_Nudo;0;;0;0;575;267;637;267;Sin posibilidad de conexión. Margen zonal reservado concurso por resolución SEE/posible concurso/NTJ. ;0;0;0;0;0;0;0;0;0;0;0;0;0;0;;;;;;;;;;;;;;;;;
OLITE 220;50408;Comunidad Foral de Navarra;1;1;;;324; N/A ;  ;65;859;E196_SEPE, E251_SEPE;0;867;E196_SEPE, E251_SEPE;22;1.131; N/A ;N/A;872;259;0;259;0;259;219;40;500;0;500;0;500;0;500;0;0;22;22;Est_Gen_Zona;Est_Gen_Zona;Est_Alm_Zona;Est_Alm_Zona;800;;0;0;0;0;22;22;;0;0;0;0;0;0;0;0;0;0;0;0;0;0;;;;;;;;;;;;;;;;;
OLIVARES 220;50409;Andalucía;;;2;;322; N/A ;  ;263;698;N/A;510;822;N/A;633;1.168; N/A ;N/A;979;189;0;59;130;189;189;0;0;0;0;0;0;0;0;510;263;633;263;Est_Gen_Nudo;WSCR_Nudo;Est_Alm_Nudo;WSCR_Nudo;0;;0;0;510;263;633;263;Concurso por resolución SEE. ;0;0;0;0;0;0;0;0;51;26;0;0;51;26;Concurso;;;;;;;;;;;;;;;;
OLMEDILLA 220;50411;Castilla-La Mancha;1;;1;;309; N/A ;  ;156;685;E83_SEPE;458;719;E83_SEPE;493;1.254; N/A ;N/A;1.028;226;30;153;43;196;226;0;80;0;80;0;80;80;0;458;156;493;156;Est_Gen_Nudo;WSCR_Nudo;Est_Alm_Nudo;WSCR_Nudo;400;;320;156;458;156;493;156;Concurso por resolución SEE. ;0;0;0;0;0;0;0;0;46;16;0;0;46;16;Concurso;;;;;;;;;;;;;;;;
OLMEDILLA 400;50411;Castilla-La Mancha;2;1;1;;1.360; N/A ;  ;158;2.599;E83_SEPE;1.006;2.604;E83_SEPE;1.011;0; N/A ;0;0;1.367;46;1.202;119;1.321;1.367;0;0;0;0;0;0;0;0;0;0;0;0;D_Nudo;D_Nudo;D_Nudo;D_Nudo;1.800;;0;0;0;0;0;0;;0;0;0;0;0;0;0;0;0;0;0;0;0;0;;;;;;;;;;;;;;;;;
OLMEDO 400;50412;Castilla y León;;1;;;906; N/A ;  ;419;1.621;E182_SEPE;1.134;2.059;E182_SEPE;1.572;886; N/A ;886;399;487;0;487;0;487;487;0;0;0;0;0;0;0;0;399;399;399;399;D_Nudo;D_Nudo;D_Nudo;D_Nudo;600;;114;114;399;399;399;399;Concurso por resolución SEE. Margen zonal reservado concurso por resolución SEE/posible concurso/NTJ. ;0;0;0;0;0;0;0;0;40;40;0;0;40;40;Concurso;;;;;;;;;;;;;;;;
ONCALA 220;50413;Castilla y León;1;;2;;354; N/A ;  ;0;390;E13_SEPE;0;390;E13_SEPE;0;1.262; D56_SEPE ;N/A;853;409;0;409;0;409;409;0;0;0;0;0;0;0;0;0;0;0;0;Est_Gen_Nudo;WSCR_Nudo/Est_Gen_Nudo;Est_Alm_Nudo;WSCR_Nudo/Est_Alm_Nudo;400;;0;0;0;0;0;0;;0;0;0;0;0;0;0;0;0;0;0;0;0;0;;;;;;;;;;;;;;;;;
ONDINAS 220;50414;Castilla y León;2;;;;106; N/A ;  ;6;200;N/A;20;200;N/A;20;1.246; D16_SEPE ;N/A;958;180;81;99;0;99;180;0;415;25;390;0;390;270;145;20;6;20;6;Est_Gen_Nudo;WSCR_Nudo;Est_Alm_Nudo;WSCR_Nudo;800;;20;6;0;0;0;0;;20;6;0;0;20;6;0;0;0;0;0;0;0;0;;;;;;;;;;;;;;;;;
ONUBA 220;50415;Andalucía;1;;3;;565; N/A ;  ;439;623;E314_SEPE;0;669;E314_SEPE;0;1.038; N/A ;N/A;570;468;147;126;195;321;468;0;0;0;0;0;0;0;0;0;0;0;0;Est_Gen_Zona;Est_Gen_Zona;Est_Alm_Zona;Est_Alm_Zona;400;;0;0;0;0;0;0;;0;0;0;0;0;0;0;0;0;0;0;0;0;0;;;;;;;;;;;;;;;;;
ORCOYEN 220;50416;Comunidad Foral de Navarra;;1;3;;432; N/A ;  ;253;784;E251_SEPE;0;954;E251_SEPE;22;1.201; N/A ;N/A;992;209;16;179;14;193;127;82;176;0;81;95;176;25;151;0;0;22;22;Est_Gen_Zona;Est_Gen_Zona;Est_Alm_Zona;Est_Alm_Zona;400;;0;0;0;0;0;0;;0;0;0;0;0;0;22;22;0;0;0;0;0;0;;;;;;;;;;;;;;;;;
ORGIVA 220;50417;Andalucía;;;2;;221; N/A ;  ;221;563;E218_SEPE;267;643;E218_SEPE;347;1.252; N/A ;N/A;956;296;64;0;232;232;296;0;0;0;0;0;0;0;0;267;221;347;221;Est_Gen_Nudo;WSCR_Nudo;Est_Alm_Nudo;WSCR_Nudo;0;;0;0;0;0;0;0;;0;0;267;221;0;0;347;221;0;0;0;0;0;0;;;;;;;;;;;;;;;;;
ORMAIZTEGUI 220;50418;País Vasco;;;2;;625; N/A ;  ;625;791;N/A;726;852;N/A;788;969; D51_SEPE ;N/A;905;64;45;0;19;19;64;0;30;0;0;30;30;30;0;726;625;788;625;Est_Gen_Nudo;WSCR_Nudo;Est_Alm_Nudo;WSCR_Nudo;0;;0;0;726;625;788;625;Concurso por resolución SEE. ;0;0;0;0;0;0;0;0;73;62;0;0;73;62;Concurso;;;;;;;;;;;;;;;;
ORTIGUERO 220;52087;Principado de Asturias;;;;1;227; N/A ;  ;227;626;E320_SEPE;369;732;E320_SEPE;369;1.266; N/A ;N/A;1.266;0;0;0;0;0;0;0;0;0;0;0;0;0;0;369;227;369;227;Est_Gen_Zona;WSCR_Nudo;Est_Alm_Zona;WSCR_Nudo;0;;0;0;369;227;369;227;Concurso por resolución SEE. Margen zonal reservado concurso por resolución SEE/posible concurso/NTJ. ;0;0;0;0;0;0;0;0;39;23;0;0;39;23;Concurso;;;;;;;;;;;;;;;;
ORTUELLA 220;50419;País Vasco;;;2;;630; N/A ;  ;630;1.170;N/A;705;1.179;N/A;705;976; N/A ;N/A;502;474;128;0;346;346;404;70;50;0;0;50;50;50;0;502;502;502;502;D_Nudo;D_Nudo;D_Nudo;D_Nudo;0;;0;0;502;502;502;502;Concurso por resolución SEE. ;0;0;0;0;0;0;0;0;50;50;0;0;50;50;Concurso;;;;;;;;;;;;;;;;
OTERO 220;50420;Castilla y León;;;1;;100; N/A ;  ;100;239;N/A;239;239;N/A;239;906; D59_SEPE ;N/A;549;0;0;0;0;0;0;0;0;0;0;0;0;0;0;239;100;239;100;Est_Gen_Nudo;WSCR_Nudo;Est_Alm_Nudo;WSCR_Nudo;0;;0;0;239;100;239;100;Margen zonal reservado concurso por resolución SEE/posible concurso/NTJ. ;0;0;0;0;0;0;0;0;0;0;0;0;0;0;;;;;;;;;;;;;;;;;
PALAFOX 220;50421;Comunidad de Madrid;;;3;;872; N/A ;  ;872;787;N/A;787;812;N/A;812;724; N/A ;N/A;724;0;0;0;0;0;0;0;0;0;0;0;0;0;0;724;724;724;724;D_Nudo;D_Nudo;D_Nudo;D_Nudo;0;;0;0;0;0;0;0;;0;0;724;724;0;0;724;724;0;0;0;0;0;0;;;;;;;;;;;;;;;;;
PALAU 220;50422;Cataluña;;;3;;702; N/A ;  ;622;744;N/A;742;928;N/A;847;817; N/A ;N/A;736;81;0;80;1;81;1;80;20;0;20;0;20;0;20;736;622;736;622;D_Nudo;WSCR_Nudo;D_Nudo;WSCR_Nudo;0;;0;0;736;622;736;622;Concurso por resolución SEE. ;0;0;0;0;0;0;0;0;74;62;0;0;74;62;Concurso;;;;;;;;;;;;;;;;
PALENCIA 220;50423;Castilla y León;;1;2;;467; N/A ;  ;195;1.497;N/A;1.138;1.764;N/A;1.406;1.186; N/A ;N/A;827;358;0;272;86;358;358;0;224;0;187;37;224;224;0;827;195;827;195;D_Nudo;WSCR_Nudo;D_Nudo;WSCR_Nudo;400;;221;195;827;195;827;195;Concurso por resolución SEE. ;0;0;0;0;0;0;0;0;83;19;0;0;83;19;Concurso;;;;;;;;;;;;;;;;
PALMA NOVA 66;50424;Islas Baleares;;;3;;5; N/A ; Riesgo interacciones ;5;120;N/A;120;125;N/A;125;219; N/A ;N/A;219;0;0;0;0;0;0;0;0;0;0;0;0;0;0;120;5;125;5;Est_Gen_Nudo;WSCR_Nudo;Est_Alm_Nudo;WSCR_Nudo;#¡VALOR!;;120;5;0;0;0;0;;0;0;120;5;0;0;125;5;0;0;0;0;0;0;;;;;;;;;;;;;;;;;
PALOS 400;50425;Andalucía;3;1;;;512; N/A ;  ;512;2.200;E51_SEPE;481;2.500;E51_SEPE;1.283;2.668; N/A ;968;1.505;1.162;1.162;0;0;0;1.162;0;773;773;0;0;0;773;0;481;481;1.283;512;Est_Gen_Zona;Est_Gen_Zona;Est_Alm_Zona;WSCR_Nudo;2.400;;481;481;481;481;1.283;512;Concurso por resolución SEE. Margen zonal reservado concurso por resolución SEE/posible concurso/NTJ. ;0;0;0;0;0;0;0;0;48;48;0;0;48;48;Concurso;;;;;;;;;;;;;;;;
PALOS 220;50425;Andalucía;1;1;;;472; N/A ;  ;0;1.770;E51_SEPE;481;2.019;E51_SEPE;1.283;1.011; N/A ;N/A;454;557;85;472;0;472;557;0;0;0;0;0;0;0;0;454;0;454;0;D_Nudo;WSCR_Nudo;D_Nudo;WSCR_Nudo;800;;243;0;454;0;454;0;Concurso por resolución SEE. Margen zonal reservado concurso por resolución SEE/posible concurso/NTJ. ;0;0;0;0;0;0;0;0;45;0;0;0;45;0;Concurso;;;;;;;;;;;;;;;;
PARAMO DE POZA 220;50426;Castilla y León;2;;;;142; N/A ;  ;0;237;E12_SEPE;34;267;E12_SEPE;34;1.227; D60_SEPE ;N/A;757;232;0;142;90;232;187;45;191;0;96;95;191;191;0;34;0;34;0;Est_Gen_Nudo;WSCR_Nudo;Est_Alm_Nudo;WSCR_Nudo;800;;34;0;0;0;0;0;;34;0;0;0;34;0;0;0;0;0;0;0;0;0;;;;;;;;;;;;;;;;;
PARLA 220;50427;Comunidad de Madrid;;1;2;;646; N/A ;  ;362;598;E291_SEPE;314;650;E291_SEPE;366;1.073; N/A ;N/A;789;284;0;284;0;284;284;0;35;0;0;35;35;15;20;314;314;366;362;Est_Gen_Nudo;Est_Gen_Nudo;Est_Alm_Nudo;WSCR_Nudo;400;;116;116;314;314;366;362;Concurso por resolución SEE. Margen zonal reservado concurso por resolución SEE/posible concurso/NTJ. ;0;0;0;0;0;0;0;0;31;31;0;0;31;31;Concurso;;;;;;;;;;;;;;;;
PARQUE CENTRAL 220;50428;Comunidad Valenciana;;;3;;612; N/A ;  ;612;851;E184_SEPE, E340_SEPE;841;867;E184_SEPE, E340_SEPE;841;841; N/A ;N/A;841;0;0;0;0;0;0;0;0;0;0;0;0;0;0;841;612;841;612;Est_Gen_Zona;WSCR_Nudo;Est_Alm_Zona;WSCR_Nudo;0;;0;0;521;292;429;200;Margen zonal reservado concurso por resolución SEE/posible concurso/NTJ. ;0;0;320;320;0;0;412;412;0;0;0;0;0;0;;;;;;;;;;;;;;;;;
PARQUE EOLICO DO SIL 220;50429;Galicia;2;1;;;277; N/A ;  ;176;480;N/A;379;598;N/A;497;1.277; N/A ;N/A;1.176;101;0;101;0;101;101;0;0;0;0;0;0;0;0;379;176;497;176;Est_Gen_Nudo;WSCR_Nudo;Est_Alm_Nudo;WSCR_Nudo;1.200;;379;176;379;176;497;176;Concurso por resolución SEE. ;0;0;0;0;0;0;0;0;38;18;0;0;38;18;Concurso;;;;;;;;;;;;;;;;
PARQUE INGENIEROS 220;50430;Comunidad de Madrid;;;2;;961; N/A ;  ;961;1.267;N/A;1.267;1.319;N/A;1.289;695; N/A ;N/A;665;30;0;0;30;30;0;30;0;0;0;0;0;0;0;665;665;665;665;D_Nudo;D_Nudo;D_Nudo;D_Nudo;0;;0;0;0;0;0;0;;0;0;665;665;0;0;665;665;0;0;0;0;0;0;;;;;;;;;;;;;;;;;
PATRAIX 220;50431;Comunidad Valenciana;;;2;;311; N/A ;  ;311;679;E287_SEPE, E340_SEPE;679;694;E287_SEPE, E340_SEPE;694;838; N/A ;N/A;838;0;0;0;0;0;0;0;0;0;0;0;0;0;0;679;311;694;311;Est_Gen_Nudo;WSCR_Nudo;Est_Alm_Nudo;WSCR_Nudo;0;;0;0;360;0;282;0;Margen zonal reservado concurso por resolución SEE/posible concurso/NTJ. ;0;0;320;311;0;0;412;311;0;0;0;0;0;0;;;;;;;;;;;;;;;;;
PAZOS DE BORBEN 220;50432;Galicia;;;2;;500; N/A ;  ;500;1.166;E328_SEPE;618;1.342;E328_SEPE;788;940; N/A ;N/A;599;341;92;0;249;249;336;5;70;0;0;70;70;50;20;599;500;599;500;D_Nudo;WSCR_Nudo;D_Nudo;WSCR_Nudo;0;;0;0;599;500;599;500;Concurso por resolución SEE. Margen zonal reservado concurso por resolución SEE/posible concurso/NTJ. ;0;0;0;0;0;0;0;0;60;50;0;0;60;50;Concurso;;;;;;;;;;;;;;;;
PENAGOS 400;50433;Cantabria;;;;;633; N/A ;  ;633;2.177;E72_SEPE;2.177;2.329;E72_SEPE;2.329;2.676; N/A ;976;2.676;0;0;0;0;0;0;0;0;0;0;0;0;0;0;2.177;633;2.329;633;Est_Gen_Nudo;WSCR_Nudo;Est_Alm_Nudo;WSCR_Nudo;0;;0;0;2.177;633;2.329;633;Sin posibilidad de conexión. ;0;0;0;0;0;0;0;0;0;0;0;0;0;0;;;;;;;;;;;;;;;;;
PENAGOS 220;50433;Cantabria;;;;;152; N/A ;  ;152;1.277;E228_SEPE, E72_SEPE;638;1.394;E228_SEPE, E72_SEPE;638;1.146; N/A ;N/A;1.146;0;0;0;0;0;0;0;0;0;0;0;0;0;0;638;152;638;152;Est_Gen_Zona;WSCR_Nudo;Est_Alm_Zona;WSCR_Nudo;0;;0;0;638;152;638;152;Sin posibilidad de conexión. Margen zonal reservado concurso por resolución SEE/posible concurso/NTJ. ;0;0;0;0;0;0;0;0;0;0;0;0;0;0;;;;;;;;;;;;;;;;;
PENEDES 220;50434;Cataluña;;1;2;;510; N/A ;  ;391;336;E208_SEPE;40;383;E208_SEPE;251;822; N/A ;N/A;691;131;0;119;12;131;22;109;487;0;487;0;487;100;387;40;40;251;251;Est_Gen_Zona;Est_Gen_Zona;Est_Alm_Nudo;Est_Alm_Nudo;400;;40;40;0;0;211;211;;40;40;40;40;40;40;251;251;0;0;0;0;0;0;;;;;;;;;;;;;;;;;
PEÑADRADA 220;50435;Castilla y León;2;;;;142; N/A ;  ;113;170;N/A;133;200;N/A;133;1.246; D16_SEPE ;N/A;958;67;38;29;0;29;38;29;473;0;473;0;473;314;159;133;113;133;113;Est_Gen_Nudo;WSCR_Nudo;Est_Alm_Nudo;WSCR_Nudo;800;;133;113;0;0;1;0;Margen zonal reservado concurso por resolución SEE/posible concurso/NTJ. ;133;113;0;0;133;113;0;0;0;0;0;0;0;0;;;;;;;;;;;;;;;;;
PEÑAFLOR 400;50436;Aragón;;1;;;937; N/A ;  ;421;2.359;E67_SEPE;1.727;3.037;E67_SEPE;2.009;596; N/A ;596;80;516;0;516;0;516;516;0;0;0;0;0;0;0;0;80;80;80;80;D_Nudo;D_Nudo;D_Nudo;D_Nudo;600;;80;80;80;80;80;80;Concurso por resolución SEE. Margen zonal reservado concurso por resolución SEE/posible concurso/NTJ. ;0;0;0;0;0;0;0;0;8;8;0;0;8;8;Concurso;;;;;;;;;;;;;;;;
PEÑAFLOR 220;50436;Aragón;;1;1;1;352; N/A ;  ;0;1.508;E67_SEPE;851;1.990;E67_SEPE;1.333;656; N/A ;N/A;0;657;59;385;213;598;657;0;0;0;0;0;0;0;0;0;0;0;0;D_Nudo;WSCR_Nudo/D_Nudo;D_Nudo;WSCR_Nudo/D_Nudo;400;;0;0;0;0;0;0;;0;0;0;0;0;0;0;0;6;0;0;0;6;0;Concurso;;;;;;;;;;;;;;;;
PEÑALBA 400;50437;Aragón;;;;;901; N/A ;  ;901;2.313;E261_SEPE;2.313;2.325;E261_SEPE;2.325;2.283; N/A ;583;2.283;0;0;0;0;0;0;0;0;0;0;0;0;0;0;2.283;901;2.283;901;D_Nudo;WSCR_Nudo;D_Nudo;WSCR_Nudo;0;;0;0;2.283;901;2.283;901;Sin posibilidad de conexión. ;0;0;0;0;0;0;0;0;0;0;0;0;0;0;;;;;;;;;;;;;;;;;
PEÑALBA 220;50437;Aragón;;;;;602; N/A ;  ;602;971;E261_SEPE, E299_SEPE;971;1.609;E261_SEPE, E299_SEPE;1.597;802; N/A ;N/A;802;0;0;0;0;0;0;0;0;0;0;0;0;0;0;802;602;802;602;D_Nudo;WSCR_Nudo;D_Nudo;WSCR_Nudo;0;;0;0;802;602;802;602;Sin posibilidad de conexión. Margen zonal reservado concurso por resolución SEE/posible concurso/NTJ. ;0;0;0;0;0;0;0;0;0;0;0;0;0;0;;;;;;;;;;;;;;;;;
PEÑARRUBIA 400;50438;Región de Murcia;1;1;;1;700; N/A ;  ;224;2.564;N/A;2.039;2.578;N/A;2.053;43; N/A ;14;0;525;50;475;0;475;525;0;167;0;0;167;167;167;0;0;0;0;0;D_Nudo;D_Nudo;D_Nudo;D_Nudo;1.200;;0;0;0;0;0;0;;0;0;0;0;0;0;0;0;0;0;0;0;0;0;Concurso;;;;;;;;;;;;;;;;
PERAFORT 220;50439;Cataluña;2;1;3;;608; N/A ;  ;553;852;N/A;518;1.611;N/A;1.277;805; N/A ;N/A;471;334;222;55;57;112;334;0;49;0;49;0;49;30;19;471;471;471;471;D_Nudo;D_Nudo;D_Nudo;D_Nudo;1.200;;471;471;471;471;471;471;Concurso por resolución SEE. ;0;0;0;0;0;0;0;0;47;47;0;0;47;47;Concurso;;;;;;;;;;;;;;;;
PESOZ 400;50440;Principado de Asturias;;3;2;;782; N/A ;  ;138;3.317;E227_SEPE;1.543;3.463;E227_SEPE;1.945;2.407; N/A ;707;1.321;1.086;405;644;38;682;839;247;128;0;128;0;128;32;96;1.321;138;1.321;138;D_Nudo;WSCR_Nudo;D_Nudo;WSCR_Nudo;1.800;;1.237;138;1.321;138;1.321;138;Concurso por resolución SEE. Margen zonal reservado concurso por resolución SEE/posible concurso/NTJ. ;0;0;0;0;0;0;0;0;132;14;0;0;132;14;Concurso;;;;;;;;;;;;;;;;
PICON 220;50441;Castilla-La Mancha;1;;;;329; N/A ;  ;32;1.237;N/A;940;1.314;N/A;1.017;1.223; N/A ;N/A;926;297;0;297;0;297;297;0;242;0;242;0;242;242;0;926;32;926;32;D_Nudo;WSCR_Nudo;D_Nudo;WSCR_Nudo;400;;103;32;926;32;926;32;Concurso por resolución SEE. ;0;0;0;0;0;0;0;0;93;3;0;0;93;3;Concurso;;;;;;;;;;;;;;;;
PIELAGOS 220;51251;Cantabria;;;;1;381; N/A ;  ;381;755;N/A;755;838;N/A;838;1.257; N/A ;N/A;1.257;0;0;0;0;0;0;0;0;0;0;0;0;0;0;755;381;838;381;Est_Gen_Nudo;WSCR_Nudo;Est_Alm_Nudo;WSCR_Nudo;0;;0;0;755;381;838;381;Concurso por resolución SEE. ;0;0;0;0;0;0;0;0;75;38;0;0;75;38;Concurso;;;;;;;;;;;;;;;;
PIEROLA 400;50442;Cataluña;;1;1;;1.102; N/A ;  ;1.102;1.061;E89_SEPE;696;1.229;E89_SEPE;864;1.332; N/A ;666;967;365;211;0;154;154;365;0;0;0;0;0;0;0;0;696;696;864;864;Est_Gen_Nudo/Est_Gen_Zona;Est_Gen_Nudo/Est_Gen_Zona;Est_Alm_Nudo/Est_Alm_Zona;Est_Alm_Nudo/Est_Alm_Zona;600;;600;600;696;696;864;864;Concurso por resolución SEE. Margen zonal reservado concurso por resolución SEE/posible concurso/NTJ. ;0;0;0;0;0;0;0;0;69;69;0;0;69;69;Concurso;;;;;;;;;;;;;;;;
PIEROLA 220;50442;Cataluña;;1;;;556; N/A ;  ;556;558;E89_SEPE;558;659;E89_SEPE;659;820; N/A ;N/A;820;0;0;0;0;0;0;0;150;0;150;0;150;0;150;558;556;659;556;Est_Gen_Nudo;WSCR_Nudo;Est_Alm_Nudo;WSCR_Nudo;400;;400;400;558;556;659;556;Concurso por resolución SEE. Margen zonal reservado concurso por resolución SEE/posible concurso/NTJ. ;0;0;0;0;0;0;0;0;56;56;0;0;56;56;Concurso;;;;;;;;;;;;;;;;
EL PILAR 220;50443;Comunidad de Madrid;;;5;;151; N/A ;  ;151;1.018;E45_SEPE;1.018;1.048;E45_SEPE;1.048;760; D42_SEPE ;N/A;317;0;0;0;0;0;0;0;0;0;0;0;0;0;0;317;151;317;151;D_Zona;WSCR_Nudo;D_Zona;WSCR_Nudo;0;;0;0;317;151;317;151;Concurso por resolución SEE. Margen zonal reservado concurso por resolución SEE/posible concurso/NTJ. ;0;0;0;0;0;0;0;0;32;15;0;0;32;15;Concurso;;;;;;;;;;;;;;;;
PINAR DE REY 400;50444;Andalucía;3;1;;;1.564; N/A ;  ;1.391;2.710;E47_SEPE, E48_SEPE;744;2.841;E47_SEPE, E48_SEPE;1.031;2.511; N/A ;811;1.567;945;771;173;0;173;945;0;771;771;0;0;0;771;0;744;744;1.031;1.031;Est_Gen_Zona;Est_Gen_Zona;Est_Alm_Zona;Est_Alm_Zona;2.400;;744;744;744;744;1.031;1.031;Nudo de Transición Justa. Margen zonal reservado concurso por resolución SEE/posible concurso/NTJ. ;0;0;0;0;0;0;0;0;0;0;0;0;0;0;NTJ;;;;;;;;;;;;;;;;
PINAR DE REY 220;50444;Andalucía;2;;3;;132; W12_SEPE_BIN ;  ;0;647;E146_SEPE_Bin, E48_SEPE;0;746;E146_SEPE_Bin, E48_SEPE;0;2.956; D90_SEPE_Bin ;1.256;1.521;1.021;770;97;154;251;1.021;0;368;368;0;0;0;368;0;0;0;0;0;Est_Gen_Nudo;WSCR_Zona/Est_Gen_Nudo;Est_Alm_Nudo;WSCR_Zona/Est_Alm_Nudo;800;;0;0;0;0;0;0;;0;0;0;0;0;0;0;0;0;0;0;0;0;0;NTJ;;;;;;;;;;;;;;;;
PINAR DE REY (PINAR DE REY B) 220;50444;Andalucía;;1;;;402; W12_SEPE_BIN ;  ;0;1.354;E146_SEPE_Bin, E40_SEPE, E47_SEPE;1.063;1.401;E146_SEPE_Bin, E40_SEPE, E47_SEPE;1.063;2.327; D90_SEPE_Bin ;1.164;1.521;212;0;212;0;212;212;0;0;0;0;0;0;0;0;1.063;412;1.063;412;Est_Gen_Zona;WSCR_Zona;Est_Alm_Zona;WSCR_Zona;400;;188;0;1.063;412;1.063;412;Nudo de Transición Justa. Margen zonal reservado concurso por resolución SEE/posible concurso/NTJ. ;0;0;0;0;0;0;0;0;0;0;0;0;0;0;NTJ;;;;;;;;;;;;;;;;
PINTO 220;50445;Comunidad de Madrid;;1;3;1;350; N/A ;  ;345;608;E291_SEPE;568;690;E291_SEPE;683;883; N/A ;N/A;876;8;2;6;0;6;8;0;163;0;0;163;163;35;128;568;345;683;345;Est_Gen_Zona;WSCR_Nudo;Est_Alm_Nudo;WSCR_Nudo;400;;399;345;568;345;683;345;Concurso por resolución SEE. Margen zonal reservado concurso por resolución SEE/posible concurso/NTJ. ;0;0;0;0;0;0;0;0;57;34;0;0;57;34;Concurso;;;;;;;;;;;;;;;;
PINTO AYUDEN 220;50446;Comunidad de Madrid;;1;2;;761; N/A ;  ;756;397;E214_SEPE;385;805;E214_SEPE;793;759; N/A ;N/A;747;12;1;5;6;11;12;0;0;0;0;0;0;0;0;385;385;747;747;Est_Gen_Nudo/Est_Gen_Zona;Est_Gen_Nudo/Est_Gen_Zona;D_Nudo;D_Nudo;400;;385;385;385;385;747;747;Concurso por resolución SEE. ;0;0;0;0;0;0;0;0;38;38;0;0;38;38;Concurso;;;;;;;;;;;;;;;;
PLASENCIA 220;50447;Extremadura;;1;2;;293; N/A ;  ;83;544;E16_SEPE;146;576;E16_SEPE;146;1.060; D30_SEPE ;N/A;0;429;167;209;53;262;267;163;0;0;0;0;0;0;0;0;0;0;0;D_Zona;D_Zona;D_Zona;D_Zona;400;;0;0;0;0;0;0;;0;0;0;0;0;0;0;0;0;0;0;0;0;0;;;;;;;;;;;;;;;;;
PLATEA 400;51355;Aragón;;;;1;819; N/A ;  ;819;4.534;N/A;4.499;4.695;N/A;4.660;453; N/A ;453;418;35;29;0;6;6;35;0;0;0;0;0;0;0;0;418;418;418;418;D_Nudo;D_Nudo;D_Nudo;D_Nudo;0;;0;0;418;418;418;418;Concurso por resolución SEE. ;0;0;0;0;0;0;0;0;45;45;0;0;45;45;Concurso;;;;;;;;;;;;;;;;
PLAYA BLANCA 132;50448;Canarias;;;;;47; N/A ;  ;47;128;E27_SEC;116;140;E27_SEC;116;23; N/A ;N/A;23;0;0;0;0;0;0;0;0;0;0;0;0;0;0;23;23;23;23;D_Nudo;D_Nudo;D_Nudo;D_Nudo;#¡VALOR!;;23;23;23;23;23;23;Sin posibilidad de conexión. ;0;0;0;0;0;0;0;0;0;0;0;0;0;0;;;;;;;;;;;;;;;;;
PLAYA BLANCA 66;50448;Canarias;;;2;;48; N/A ;  ;25;116;E27_SEC;96;120;E27_SEC;96;24; N/A ;N/A;0;24;0;23;1;24;12;12;0;0;0;0;0;0;0;0;0;0;0;D_Nudo;D_Nudo;D_Nudo;D_Nudo;#¡VALOR!;;0;0;0;0;0;0;;0;0;0;0;0;0;0;0;0;0;0;0;0;0;;;;;;;;;;;;;;;;;
PLAZA 220;50449;Aragón;;;4;;244; N/A ;  ;0;668;E351_SEPE;112;616;E351_SEPE;112;1.204; N/A ;N/A;700;504;0;266;238;504;504;0;0;0;0;0;0;0;0;112;0;112;0;Est_Gen_Nudo;WSCR_Nudo;Est_Alm_Nudo;WSCR_Nudo;0;;0;0;112;0;112;0;Margen zonal reservado concurso por resolución SEE/posible concurso/NTJ. ;0;0;0;0;0;0;0;0;0;0;0;0;0;0;;;;;;;;;;;;;;;;;
PLAZA II (MONCASI) 220;51443;Aragón;;1;;;0; N/A ; Superación valor máx Icc ;0;1.087;E351_SEPE;608;1.294;E351_SEPE;807;1.140; N/A ;N/A;1.140;0;0;0;0;0;0;0;0;0;0;0;0;0;0;608;0;807;0;Est_Gen_Zona;WSCR_Nudo;Est_Alm_Zona;WSCR_Nudo;400;;400;0;608;0;807;0;Concurso por resolución SEE. ;0;0;0;0;0;0;0;0;61;0;0;0;61;0;Concurso;;;;;;;;;;;;;;;;
POBLA 220;50450;Cataluña;;1;;;474; N/A ;  ;287;612;N/A;425;784;N/A;597;847; N/A ;N/A;660;187;0;187;0;187;187;0;0;0;0;0;0;0;0;425;287;597;287;Est_Gen_Nudo;WSCR_Nudo;Est_Alm_Nudo;WSCR_Nudo;400;;213;213;425;287;597;287;Concurso por resolución SEE. ;0;0;0;0;0;0;0;0;42;29;0;0;42;29;Concurso;;;;;;;;;;;;;;;;
POLA DE GORDON 400;50451;Castilla y León;;;;;930; N/A ;  ;930;1.735;E281_SEPE;1.735;1.846;E281_SEPE;1.846;494; N/A ;N/A;494;0;0;0;0;0;0;0;0;0;0;0;0;0;0;494;494;494;494;D_Nudo;D_Nudo;D_Nudo;D_Nudo;0;;0;0;494;494;494;494;Sin posibilidad de conexión. Margen zonal reservado concurso por resolución SEE/posible concurso/NTJ. ;0;0;0;0;0;0;0;0;0;0;0;0;0;0;;;;;;;;;;;;;;;;;
POLIGONO 220;50452;Andalucía;;;2;;433; N/A ;  ;433;481;N/A;440;504;N/A;440;1.190; N/A ;N/A;1.126;64;13;0;52;52;19;45;75;0;50;25;75;0;75;440;433;440;433;Est_Gen_Nudo;WSCR_Nudo;Est_Alm_Nudo;WSCR_Nudo;0;;0;0;440;433;440;433;Concurso por resolución SEE. ;0;0;0;0;0;0;0;0;44;43;0;0;44;43;Concurso;;;;;;;;;;;;;;;;
POLIGONO BALEARES 66;50453;Islas Baleares;;;3;;30; N/A ; Superación valor máx Icc y riesgo interacciones ;0;86;N/A;48;91;N/A;49;220; N/A ;N/A;179;42;0;30;12;42;39;3;0;0;0;0;0;0;0;48;0;49;0;Est_Gen_Nudo;WSCR_Nudo;Est_Alm_Nudo;WSCR_Nudo;#¡VALOR!;;48;0;0;0;0;0;;0;0;48;0;0;0;49;0;0;0;0;0;0;0;;;;;;;;;;;;;;;;;
POLIGONO C 220;50454;Comunidad de Madrid;;;4;;911; N/A ;  ;911;522;E213_SEPE;401;594;E213_SEPE;401;704; N/A ;N/A;511;193;6;0;187;187;25;168;0;0;0;0;0;0;0;401;401;401;401;Est_Gen_Nudo;Est_Gen_Nudo;Est_Alm_Nudo;Est_Alm_Nudo;0;;0;0;0;0;0;0;;0;0;401;401;0;0;401;401;0;0;0;0;0;0;;;;;;;;;;;;;;;;;
POLIGONO GRANADILLA 66;50455;Canarias;;;2;;53; N/A ;  ;24;115;E19_SEC;52;117;E19_SEC;54;74; D07_SEC ;N/A;0;64;1;29;34;63;64;0;0;0;0;0;0;0;0;0;0;0;0;D_Zona;D_Zona;D_Zona;D_Zona;#¡VALOR!;;0;0;0;0;0;0;;0;0;0;0;0;0;0;0;0;0;0;0;0;0;;;;;;;;;;;;;;;;;
POLIGONO GUIMAR 66;50456;Canarias;;;2;;94; N/A ;  ;68;59;N/A;28;65;N/A;28;60; N/A ;N/A;24;37;0;26;11;37;23;13;0;0;0;0;0;0;0;24;24;24;24;D_Nudo;D_Nudo;D_Nudo;D_Nudo;#¡VALOR!;;24;24;0;0;0;0;;0;0;24;24;0;0;24;24;0;0;0;0;0;0;;;;;;;;;;;;;;;;;
POLLENSA 66;50457;Islas Baleares;;;2;;86; N/A ; Riesgo interacciones ;46;93;N/A;57;97;N/A;57;220; N/A ;N/A;180;40;0;40;0;40;0;40;0;0;0;0;0;0;0;57;46;57;46;Est_Gen_Nudo;WSCR_Nudo;Est_Alm_Nudo;WSCR_Nudo;#¡VALOR!;;57;46;0;0;0;0;;0;0;57;46;0;0;57;46;0;0;0;0;0;0;;;;;;;;;;;;;;;;;
PONT DE SUERT 220;50458;Cataluña;;;2;;362; N/A ;  ;362;254;E26_SEPE;0;396;E26_SEPE;0;1.110; D15_SEPE ;N/A;699;189;188;0;1;1;189;0;0;0;0;0;0;0;0;0;0;0;0;Est_Gen_Zona;Est_Gen_Zona;Est_Alm_Zona;Est_Alm_Zona;0;;0;0;0;0;0;0;;0;0;0;0;0;0;0;0;0;0;0;0;0;0;;;;;;;;;;;;;;;;;
PORIS 220;50748;Canarias;1;1;;;116; N/A ;  ;26;429;E15_SEC;307;452;E15_SEC;325;0; N/A ;N/A;0;90;0;90;0;90;90;0;0;0;0;0;0;0;0;0;0;0;0;D_Nudo;D_Nudo;D_Nudo;D_Nudo;800;;0;0;0;0;0;0;;0;0;0;0;0;0;0;0;0;0;0;0;0;0;;;;;;;;;;;;;;;;;
PORIS 66;50748;Canarias;1;;;;54; N/A ;  ;0;254;E10_SEC, E15_SEC;0;271;E10_SEC, E15_SEC;0;0; N/A ;N/A;0;56;0;56;0;56;56;0;0;0;0;0;0;0;0;0;0;0;0;Est_Gen_Zona/D_Nudo;WSCR_Nudo/Est_Gen_Zona/D_Nudo;Est_Alm_Zona/D_Nudo;WSCR_Nudo/Est_Alm_Zona/D_Nudo;#¡VALOR!;;0;0;0;0;0;0;;0;0;0;0;0;0;0;0;0;0;0;0;0;0;;;;;;;;;;;;;;;;;
PORTO COLOM 66;50459;Islas Baleares;;;2;;54; N/A ;  ;41;109;N/A;75;128;N/A;94;221; N/A ;N/A;187;34;0;12;22;34;34;0;0;0;0;0;0;0;0;75;41;94;41;Est_Gen_Nudo;WSCR_Nudo;Est_Alm_Nudo;WSCR_Nudo;#¡VALOR!;;75;41;0;0;0;0;;0;0;75;41;0;0;94;41;0;0;0;0;0;0;;;;;;;;;;;;;;;;;
PORTODEMOUROS 220;50460;Galicia;3;;1;;235; N/A ;  ;142;751;N/A;460;843;N/A;552;1.254; N/A ;N/A;962;291;140;93;59;152;291;0;0;0;0;0;0;0;0;460;142;552;142;Est_Gen_Nudo;WSCR_Nudo;Est_Alm_Nudo;WSCR_Nudo;1.200;;460;142;460;142;552;142;Concurso por resolución SEE. ;0;0;0;0;0;0;0;0;45;14;0;0;45;14;Concurso;;;;;;;;;;;;;;;;
POZA DE LA SAL 220;50471;Castilla y León;;;;;1; N/A ;  ;1;694;E12_SEPE;291;738;E12_SEPE;359;1.227; D60_SEPE ;N/A;757;0;0;0;0;0;0;0;0;0;0;0;0;0;0;291;1;359;1;Est_Gen_Zona;WSCR_Nudo;Est_Alm_Zona;WSCR_Nudo;0;;0;0;291;1;359;1;Sin posibilidad de conexión. ;0;0;0;0;0;0;0;0;0;0;0;0;0;0;;;;;;;;;;;;;;;;;
PRADA 220;50472;Galicia;2;;;;382; N/A ;  ;354;142;E176_SEPE;75;170;E176_SEPE;75;1.292; N/A ;N/A;1.198;94;66;28;0;28;66;28;360;25;335;0;335;265;95;75;75;75;75;Est_Gen_Nudo;Est_Gen_Nudo;Est_Alm_Nudo;Est_Alm_Nudo;800;;75;75;0;0;0;0;;75;75;0;0;75;75;0;0;0;0;0;0;0;0;;;;;;;;;;;;;;;;;
PRADILLOS 220;50473;Castilla-La Mancha;;1;2;;638; N/A ;  ;265;981;E291_SEPE;540;983;E291_SEPE;542;1.166; N/A ;N/A;725;441;3;373;65;438;441;0;0;0;0;0;0;0;0;540;265;542;265;Est_Gen_Nudo;WSCR_Nudo;Est_Alm_Nudo;WSCR_Nudo;400;;46;46;540;265;542;265;Concurso por resolución SEE. Margen zonal reservado concurso por resolución SEE/posible concurso/NTJ. ;0;0;0;0;0;0;0;0;54;28;0;0;54;28;Concurso;;;;;;;;;;;;;;;;
PRADO SANTO DOMINGO 220;50474;Comunidad de Madrid;;1;3;;748; N/A ;  ;600;353;N/A;206;400;N/A;253;812; N/A ;N/A;665;148;0;148;0;148;148;0;156;1;148;7;155;149;7;206;206;253;253;Est_Gen_Nudo;Est_Gen_Nudo;Est_Alm_Nudo;Est_Alm_Nudo;400;;206;206;206;206;253;253;Concurso por resolución SEE. ;0;0;0;0;0;0;0;0;21;21;0;0;21;21;Concurso;;;;;;;;;;;;;;;;
PROSPERIDAD 220;UFD-50546;Comunidad de Madrid;;;3;;914; N/A ;  ;914;851;N/A;851;1.042;N/A;1.042;678; N/A ;N/A;678;0;0;0;0;0;0;0;0;0;0;0;0;0;0;678;678;678;678;D_Nudo;D_Nudo;D_Nudo;D_Nudo;0;;0;0;0;0;0;0;;0;0;678;678;0;0;678;678;0;0;0;0;0;0;;;;;;;;;;;;;;;;;
PTE.SAN FERNANDO 220;50475;Comunidad de Madrid;;;1;;402; N/A ;  ;402;550;E341_SEPE;448;607;E341_SEPE;448;770; D68_SEPE ;N/A;612;159;12;0;147;147;92;67;68;0;40;28;68;0;68;448;402;448;402;Est_Gen_Nudo/Est_Gen_Zona;WSCR_Nudo;Est_Alm_Nudo/Est_Alm_Zona;WSCR_Nudo;0;;0;0;448;402;448;402;Concurso por resolución SEE. Margen zonal reservado concurso por resolución SEE/posible concurso/NTJ. ;0;0;0;0;0;0;0;0;45;40;0;0;45;40;Concurso;;;;;;;;;;;;;;;;
PUEBLA DE GUZMAN 400;50476;Andalucía;;;;;629; N/A ;  ;629;2.074;E52_SEPE;2.074;2.232;E52_SEPE;2.232;2.509; N/A ;809;2.509;0;0;0;0;0;0;0;0;0;0;0;0;0;0;2.074;629;2.232;629;Est_Gen_Nudo;WSCR_Nudo;Est_Alm_Nudo;WSCR_Nudo;0;;0;0;2.074;629;2.232;629;Sin posibilidad de conexión. ;0;0;0;0;0;0;0;0;0;0;0;0;0;0;;;;;;;;;;;;;;;;;
PUEBLA DE GUZMAN 220;50476;Andalucía;1;;;1;497; N/A ;  ;48;988;E52_SEPE;90;1.086;E52_SEPE;159;1.125; N/A ;N/A;198;927;0;449;478;927;898;29;247;0;59;188;247;247;0;90;48;159;48;Est_Gen_Nudo;WSCR_Nudo;Est_Alm_Nudo;WSCR_Nudo;400;SI;0;0;0;0;0;48;Limitación de capacidad por posición;0;0;90;48;0;0;159;0;0;0;0;0;0;0;;;;;;;;;;;;;;;;;
PUEBLA DE SANABRIA 220;50477;Castilla y León;;;;;156; N/A ;  ;156;352;E176_SEPE;316;394;E176_SEPE;358;1.288; N/A ;N/A;1.252;36;36;0;0;0;36;0;0;0;0;0;0;0;0;316;156;358;156;Est_Gen_Nudo;WSCR_Nudo;Est_Alm_Nudo;WSCR_Nudo;0;SI;0;0;316;156;358;156;Sin posibilidad de conexión. Limitación de capacidad por posición;0;0;0;0;0;0;0;0;0;0;0;0;0;0;;;;;;;;;;;;;;;;;
PUENTE BIBEY 220;50478;Galicia;4;;;;585; N/A ;  ;585;868;N/A;654;969;N/A;684;909; N/A ;N/A;625;285;285;0;0;0;214;71;0;0;0;0;0;0;0;625;585;625;585;D_Nudo;WSCR_Nudo;D_Nudo;WSCR_Nudo;1.600;;625;585;625;585;625;585;Concurso por resolución SEE. ;0;0;0;0;0;0;0;0;62;59;0;0;62;59;Concurso;;;;;;;;;;;;;;;;
PUENTE PRINCESA 220;UFD-50551;Comunidad de Madrid;;;3;;862; N/A ;  ;832;138;E198_SEPE;138;569;E198_SEPE;539;680; N/A ;N/A;650;30;0;30;0;30;0;30;0;0;0;0;0;0;0;138;138;539;539;Est_Gen_Nudo;Est_Gen_Nudo;Est_Alm_Nudo;Est_Alm_Nudo;0;;0;0;0;0;0;0;;0;0;138;138;0;0;539;539;0;0;0;0;0;0;;;;;;;;;;;;;;;;;
PUENTE S.MIGUEL 220;50479;Cantabria;1;;2;;430; N/A ;  ;430;1.057;N/A;647;1.066;N/A;657;1.222; N/A ;N/A;813;409;408;0;2;2;409;0;105;0;0;105;105;0;105;647;430;657;430;Est_Gen_Nudo;WSCR_Nudo;Est_Alm_Nudo;WSCR_Nudo;400;;300;300;647;430;657;430;Concurso por resolución SEE. ;0;0;0;0;0;0;0;0;65;43;0;0;65;43;Concurso;;;;;;;;;;;;;;;;
PUENTELARRA 220;50480;País Vasco;;;1;;553; N/A ;  ;553;1.254;N/A;905;1.031;N/A;905;993; N/A ;N/A;867;126;28;0;97;97;126;0;176;0;0;176;176;176;0;867;553;867;553;D_Nudo;WSCR_Nudo;D_Nudo;WSCR_Nudo;0;;0;0;867;553;867;553;Concurso por resolución SEE. ;0;0;0;0;0;0;0;0;87;55;0;0;87;55;Concurso;;;;;;;;;;;;;;;;
PUENTES G.R. 400;50481;Galicia;7;;3;;800; N/A ;  ;149;3.358;N/A;1.177;3.776;N/A;1.595;459; N/A ;N/A;0;2.181;1.082;651;448;1.098;2.181;0;0;0;0;0;0;0;0;0;0;0;0;D_Nudo;D_Nudo;D_Nudo;D_Nudo;4.200;;0;0;0;0;0;0;;0;0;0;0;0;0;0;0;0;0;0;0;0;0;NTJ;;;;;;;;;;;;;;;;
PUERTO 220;50482;Galicia;;;2;;388; N/A ;  ;388;408;E244_SEPE, E279_SEPE;36;429;E244_SEPE, E279_SEPE;36;811; D10_SEPE ;N/A;0;0;0;0;0;0;0;0;0;0;0;0;0;0;0;0;0;0;0;D_Zona;D_Zona;D_Zona;D_Zona;0;;0;0;0;0;0;0;;0;0;0;0;0;0;0;0;0;0;0;0;0;0;;;;;;;;;;;;;;;;;
PUERTO DE LA CRUZ 400;50483;Andalucía;;;;;0; N/A ;  ;0;3.221;E49_SEPE;2.641;3.392;E49_SEPE;2.641;2.593; D19_SEPE ;960;210;0;0;0;0;0;0;0;0;0;0;0;0;0;0;210;0;210;0;D_Zona;WSCR_Nudo;D_Zona;WSCR_Nudo;0;;0;0;210;0;210;0;Sin posibilidad de conexión. ;0;0;0;0;0;0;0;0;0;0;0;0;0;0;;;;;;;;;;;;;;;;;
PUERTO DE LA CRUZ 220;50483;Andalucía;1;;;;155; N/A ;  ;0;401;E49_SEPE;151;506;E49_SEPE;151;960; D19_SEPE ;N/A;210;355;0;155;200;355;89;266;150;0;0;150;150;150;0;151;0;151;0;Est_Gen_Nudo;WSCR_Nudo;Est_Alm_Nudo;WSCR_Nudo;400;;45;0;106;0;106;0;;45;0;0;0;45;0;0;0;0;0;0;0;0;0;;;;;;;;;;;;;;;;;
PUERTO DE PALMA 66;51444;Islas Baleares;;;;;65; N/A ; Riesgo interacciones ;65;77;N/A;77;79;N/A;79;219; N/A ;N/A;219;0;0;0;0;0;0;0;0;0;0;0;0;0;0;77;65;79;65;Est_Gen_Nudo;WSCR_Nudo;Est_Alm_Nudo;WSCR_Nudo;#¡VALOR!;;77;65;77;65;79;65;Sin posibilidad de conexión. ;0;0;0;0;0;0;0;0;0;0;0;0;0;0;;;;;;;;;;;;;;;;;
PUERTO DE SANTA MARIA 220;50484;Andalucía;1;;2;;231; N/A ;  ;128;636;N/A;445;647;N/A;456;1.276; N/A ;N/A;1.085;191;50;103;38;141;191;0;234;0;195;40;234;234;0;445;128;456;128;Est_Gen_Nudo;WSCR_Nudo;Est_Alm_Nudo;WSCR_Nudo;400;;331;128;445;128;456;128;Concurso por resolución SEE. ;0;0;0;0;0;0;0;0;45;13;0;0;45;13;Concurso;;;;;;;;;;;;;;;;
PUERTO DEL ROSARIO 132;50749;Canarias;;;;;49; N/A ;  ;49;251;E25_SEC;233;277;E25_SEC;247;29; N/A ;N/A;29;0;0;0;0;0;0;0;0;0;0;0;0;0;0;29;29;29;29;D_Nudo;D_Nudo;D_Nudo;D_Nudo;#¡VALOR!;;29;29;29;29;29;29;Sin posibilidad de conexión. ;0;0;0;0;0;0;0;0;0;0;0;0;0;0;;;;;;;;;;;;;;;;;
PUERTO DEL ROSARIO 66;50749;Canarias;4;1 *;;;29; N/A ;  ;0;166;E25_SEC;117;185;E25_SEC;136;23; N/A ;N/A;0;49;0;49;0;49;49;0;0;0;0;0;0;0;0;0;0;0;0;D_Nudo;WSCR_Nudo/D_Nudo;D_Nudo;WSCR_Nudo/D_Nudo;#¡VALOR!;;0;0;0;0;0;0;;0;0;0;0;0;0;0;0;0;0;0;0;0;0;;;;;;;;;;;;;;;;;
PUERTO REAL 220;50485;Andalucía;;;5;;322; N/A ; Superación valor máx Icc ;72;1.352;N/A;709;1.563;N/A;921;2.608; N/A ;908;1.965;643;4;250;389;638;643;0;203;0;161;42;203;203;0;709;72;921;72;Est_Gen_Nudo;WSCR_Nudo;Est_Alm_Nudo;WSCR_Nudo;0;;0;0;709;72;921;72;Concurso por resolución SEE. ;0;0;0;0;0;0;0;0;71;7;0;0;71;7;Concurso;;;;;;;;;;;;;;;;
PUERTOLLANO 220;50486;Castilla-La Mancha;;;1;1;575; N/A ;  ;491;827;E20_SEPE, E323_SEPE;49;1.109;E20_SEPE, E323_SEPE;378;1.182; D5_SEPE ;N/A;531;207;84;84;39;123;207;0;0;0;0;0;0;0;0;412;412;412;412;Est_Gen_Zona;Est_Gen_Zona;Est_Alm_Zona;Est_Alm_Zona;0;;0;0;412;412;412;412;Nudo de Transición Justa. Margen zonal reservado concurso por resolución SEE/posible concurso/NTJ. ;0;0;0;0;0;0;0;0;0;0;0;0;0;0;NTJ;;;;;;;;;;;;;;;;
PUIGPELAT 220;50487;Cataluña;;1;2;1;539; N/A ;  ;307;336;E208_SEPE;40;644;E208_SEPE;371;808; N/A ;N/A;535;273;0;231;41;273;273;0;735;0;735;0;735;0;735;40;40;371;307;Est_Gen_Zona;Est_Gen_Zona;Est_Alm_Nudo;WSCR_Nudo;400;;40;40;0;0;331;267;;40;40;40;40;40;40;371;307;0;0;0;0;0;0;;;;;;;;;;;;;;;;;
PUJALT 220;50488;Cataluña;1;;;;257; N/A ;  ;0;278;E205_SEPE;2;359;E205_SEPE;2;1.300; N/A ;N/A;943;357;0;257;100;357;219;138;0;0;0;0;0;0;0;2;0;2;0;Est_Gen_Nudo;WSCR_Nudo;Est_Alm_Nudo;WSCR_Nudo;400;;0;0;2;0;2;0;Margen zonal reservado concurso por resolución SEE/posible concurso/NTJ. ;0;0;0;0;0;0;0;0;0;0;0;0;0;0;;;;;;;;;;;;;;;;;
PUNTA GRANDE 66;50489;Canarias;12;;3;;31; N/A ;  ;20;117;N/A;0;126;N/A;0;0; N/A ;N/A;0;246;234;11;1;11;246;0;0;0;0;0;0;0;0;0;0;0;0;Est_Gen_Nudo/D_Nudo;Est_Gen_Nudo/D_Nudo;Est_Alm_Nudo/D_Nudo;Est_Alm_Nudo/D_Nudo;#¡VALOR!;;0;0;0;0;0;0;;0;0;0;0;0;0;0;0;0;0;0;0;0;0;;;;;;;;;;;;;;;;;
QUART DE POBLET 220;50490;Comunidad Valenciana;;;2;;567; N/A ;  ;535;365;E185_SEPE;332;438;E185_SEPE;381;881; N/A ;N/A;844;37;0;32;4;37;18;19;0;0;0;0;0;0;0;332;332;381;381;Est_Gen_Zona;Est_Gen_Zona;Est_Alm_Zona;Est_Alm_Zona;0;;0;0;332;332;381;381;Concurso por resolución SEE. Margen zonal reservado concurso por resolución SEE/posible concurso/NTJ. ;0;0;0;0;0;0;0;0;33;33;0;0;33;33;Concurso;;;;;;;;;;;;;;;;
QUEL 220;50491;La Rioja;1;;2;;318; N/A ;  ;55;608;N/A;272;676;N/A;339;1.216; N/A ;N/A;880;337;33;263;40;303;337;0;63;0;0;63;63;63;0;272;55;339;55;Est_Gen_Nudo;WSCR_Nudo;Est_Alm_Nudo;WSCR_Nudo;400;;213;55;272;55;339;55;Concurso por resolución SEE. ;0;0;0;0;0;0;0;0;27;6;0;0;27;6;Concurso;;;;;;;;;;;;;;;;
QUEREÑO 220;50492;Galicia;2;1;;;198; N/A ;  ;152;230;E5_SEPE;177;257;E5_SEPE;177;1.300; D6_SEPE ;N/A;977;80;34;46;0;46;34;46;405;0;405;0;405;293;112;177;152;177;152;Est_Gen_Nudo;WSCR_Nudo;Est_Alm_Nudo;WSCR_Nudo;1.200;;177;152;0;0;0;0;;177;152;0;0;177;152;0;0;0;0;0;0;0;0;;;;;;;;;;;;;;;;;
QUINTANA DE LA SERENA 400;51412;Extremadura;;1;;;540; N/A ;  ;540;903;N/A;903;1.294;N/A;1.294;1.218; N/A ;1.218;1.218;0;0;0;0;0;0;0;1;0;1;0;1;1;0;903;540;1.218;540;Est_Gen_Nudo;WSCR_Nudo;D_Nudo;WSCR_Nudo;600;;600;540;903;540;1.218;540;Concurso por resolución SEE. ;0;0;0;0;0;0;0;0;90;54;0;0;90;54;Concurso;;;;;;;;;;;;;;;;
QUINTOS 220;50493;Andalucía;;1;2;;702; N/A ;  ;438;502;E192_SEPE;0;676;E192_SEPE;347;2.715; N/A ;1.015;2.386;329;0;264;65;329;329;0;343;0;343;0;343;0;343;0;0;347;347;Est_Gen_Zona;Est_Gen_Zona;Est_Alm_Nudo;Est_Alm_Nudo;400;;0;0;0;0;0;0;;0;0;0;0;0;0;347;347;0;0;0;0;0;0;;;;;;;;;;;;;;;;;
RAFAL 66;50494;Islas Baleares;;;3;;68; N/A ; Riesgo interacciones ;48;214;N/A;202;227;N/A;202;220; N/A ;N/A;195;24;0;20;4;24;4;20;0;0;0;0;0;0;0;195;48;195;48;D_Nudo;WSCR_Nudo;D_Nudo;WSCR_Nudo;#¡VALOR!;;195;48;0;0;0;0;;0;0;195;48;0;0;195;48;0;0;0;0;0;0;;;;;;;;;;;;;;;;;
REGOELLE 220;50752;Galicia;1;;;;348; N/A ;  ;26;546;N/A;58;731;N/A;112;993; N/A ;N/A;373;619;167;321;131;452;488;131;165;0;165;0;165;67;98;58;26;112;26;Est_Gen_Nudo;WSCR_Nudo;Est_Alm_Nudo;WSCR_Nudo;400;SI;0;0;58;26;112;26;Limitación de capacidad por posición;0;0;0;0;0;0;0;0;0;0;0;0;0;0;;;;;;;;;;;;;;;;;
RENEDO 220;50495;Castilla y León;;1;3;;399; N/A ;  ;234;592;N/A;302;843;N/A;552;1.211; N/A ;N/A;920;291;56;166;70;235;291;0;76;0;0;76;76;56;20;302;234;552;234;Est_Gen_Nudo;WSCR_Nudo;Est_Alm_Nudo;WSCR_Nudo;400;;302;234;302;234;552;234;Concurso por resolución SEE. ;0;0;0;0;0;0;0;0;30;23;0;0;30;23;Concurso;;;;;;;;;;;;;;;;
REQUENA 400;50496;Comunidad Valenciana;1;1;;;1.168; N/A ;  ;822;3.469;N/A;3.123;3.736;N/A;3.390;45; N/A ;22;0;346;0;346;0;346;346;0;0;0;0;0;0;0;0;0;0;0;0;D_Nudo;D_Nudo;D_Nudo;D_Nudo;1.200;;0;0;0;0;0;0;;0;0;0;0;0;0;0;0;0;0;0;0;0;0;Concurso;;;;;;;;;;;;;;;;
RETAMAR 220;50497;Comunidad de Madrid;;;10;;725; N/A ;  ;725;585;N/A;573;692;N/A;680;799; N/A ;N/A;787;12;3;0;9;9;12;0;27;0;0;27;27;0;27;573;573;680;680;Est_Gen_Nudo;Est_Gen_Nudo;Est_Alm_Nudo;Est_Alm_Nudo;0;;0;0;573;573;680;680;Concurso por resolución SEE. ;0;0;0;0;0;0;0;0;57;57;0;0;57;57;Concurso;;;;;;;;;;;;;;;;
RIBA-ROJA 220;50499;Cataluña;5;;1;;336; N/A ;  ;0;588;E29_SEPE;0;646;E29_SEPE;36;1.300; D20_SEPE ;N/A;690;610;262;336;12;348;610;0;0;0;0;0;0;0;0;0;0;36;0;Est_Gen_Nudo/Est_Gen_Zona;WSCR_Nudo/Est_Gen_Nudo/Est_Gen_Zona;Est_Alm_Nudo/Est_Alm_Zona;WSCR_Nudo;2.000;;0;0;0;0;0;0;;0;0;0;0;0;0;36;0;0;0;0;0;0;0;;;;;;;;;;;;;;;;;
RICOBAYO 220;50500;Castilla y León;2;1;1;;544; N/A ;  ;99;670;N/A;53;705;N/A;88;757; N/A ;N/A;140;617;158;445;14;459;617;0;544;0;504;40;544;455;89;53;53;88;88;Est_Gen_Nudo;Est_Gen_Nudo;Est_Alm_Nudo;Est_Alm_Nudo;1.200;;53;53;53;53;88;88;Concurso por resolución SEE. ;0;0;0;0;0;0;0;0;5;5;0;0;5;5;Concurso;;;;;;;;;;;;;;;;
RIERA DE CALDES 220;50501;Cataluña;;;1;;694; N/A ;  ;684;1.200;E207_SEPE;1.186;1.351;E207_SEPE;1.327;817; N/A ;N/A;793;24;0;10;14;24;14;10;0;0;0;0;0;0;0;793;684;793;684;D_Nudo;WSCR_Nudo;D_Nudo;WSCR_Nudo;0;;0;0;793;684;793;684;Concurso por resolución SEE. Margen zonal reservado concurso por resolución SEE/posible concurso/NTJ. ;0;0;0;0;0;0;0;0;79;68;0;0;79;68;Concurso;;;;;;;;;;;;;;;;
RIOCAYA (CAMPO MAIOR) 400;51392;Extremadura;;;;;0; N/A ;  ;0;3.043;E269_SEPE, E327_SEPE;2.399;3.077;E269_SEPE, E327_SEPE;2.549;2.674; N/A ;974;2.674;0;0;0;0;0;0;0;0;0;0;0;0;0;0;2.399;0;2.549;0;Est_Gen_Zona;WSCR_Nudo;Est_Alm_Zona;WSCR_Nudo;0;;0;0;2.399;0;2.549;0;Sin posibilidad de conexión. Margen zonal reservado concurso por resolución SEE/posible concurso/NTJ. ;0;0;0;0;0;0;0;0;0;0;0;0;0;0;;;;;;;;;;;;;;;;;
RIUDARENES 220;50753;Cataluña;;;;2;329; N/A ;  ;329;2.570;E357_SEPE;2.487;2.636;E357_SEPE;2.534;867; D92_SEPE ;N/A;764;103;32;0;71;71;83;19;0;0;0;0;0;0;0;764;329;764;329;D_Nudo/D_Zona;WSCR_Nudo;D_Nudo/D_Zona;WSCR_Nudo;0;;0;0;764;329;764;329;Concurso por resolución SEE. ;0;0;0;0;0;0;0;0;87;33;0;0;87;33;Concurso;;;;;;;;;;;;;;;;
ROBLA 400;50502;Castilla y León;2;;1;;1.626; N/A ;  ;1.041;4.157;N/A;3.373;4.590;N/A;3.807;0; N/A ;0;0;784;129;585;70;654;784;0;1.074;640;434;0;434;434;640;1.401;692;1.401;692;D_Nudo;D_Nudo;D_Nudo;D_Nudo;1.200;;0;0;1.401;692;1.401;692;Nudo de Transición Justa. ;0;0;0;0;0;0;0;0;0;0;0;0;0;0;NTJ;Orden TED/345/2024;;;;;;;;;;;;;;;
ROCAMORA 400;50503;Comunidad Valenciana;;;2;;1.044; N/A ;  ;954;3.001;N/A;2.310;4.340;N/A;3.649;44; N/A ;22;0;691;52;90;549;639;691;0;0;0;0;0;0;0;0;0;0;0;0;D_Nudo;D_Nudo;D_Nudo;D_Nudo;0;;0;0;0;0;0;0;;0;0;0;0;0;0;0;0;0;0;0;0;0;0;;;;;;;;;;;;;;;;;
ROCIO 220;50504;Andalucía;;1;2;;375; N/A ;  ;197;730;E189_SEPE;392;807;E189_SEPE;554;1.121; N/A ;N/A;882;238;1;178;59;237;238;0;76;0;0;76;76;76;0;392;197;554;197;Est_Gen_Zona;WSCR_Nudo;Est_Alm_Zona;WSCR_Nudo;400;;247;197;392;197;554;197;Concurso por resolución SEE. Margen zonal reservado concurso por resolución SEE/posible concurso/NTJ. ;0;0;0;0;0;0;0;0;44;20;0;0;44;20;Concurso;;;;;;;;;;;;;;;;
RODA DE ANDALUCIA 400;50505;Andalucía;1;;;;627; N/A ;  ;137;2.344;N/A;1.855;2.513;N/A;2.024;1.168; N/A ;1.168;678;490;0;490;0;490;490;0;0;0;0;0;0;0;0;678;137;678;137;D_Nudo;WSCR_Nudo;D_Nudo;WSCR_Nudo;600;;110;110;678;137;678;137;Concurso por resolución SEE. ;0;0;0;0;0;0;0;0;68;14;0;0;68;14;Concurso;;;;;;;;;;;;;;;;
ROJALES 220;50506;Comunidad Valenciana;;1;3;;457; N/A ;  ;394;746;E187_SEPE;683;924;E187_SEPE;861;914; N/A ;N/A;851;63;0;63;0;63;63;0;24;0;0;24;24;24;0;683;394;851;394;Est_Gen_Nudo;WSCR_Nudo;D_Nudo;WSCR_Nudo;400;;400;394;683;394;851;394;Concurso por resolución SEE. Margen zonal reservado concurso por resolución SEE/posible concurso/NTJ. ;0;0;0;0;0;0;0;0;68;39;0;0;68;39;Concurso;;;;;;;;;;;;;;;;
ROMICA 400;50507;Castilla-La Mancha;2;;2;;991; N/A ;  ;137;4.002;N/A;2.604;4.314;N/A;2.916;29; N/A ;10;0;1.399;91;853;454;1.307;1.399;0;5;0;0;5;5;5;0;0;0;0;0;D_Nudo;D_Nudo;D_Nudo;D_Nudo;1.200;;0;0;0;0;0;0;;0;0;0;0;0;0;0;0;0;0;0;0;0;0;Concurso;;;;;;;;;;;;;;;;
RONDA 400;51288;Andalucía;;1;;;876; N/A ;  ;651;2.717;N/A;2.492;2.856;N/A;2.631;1.093; N/A ;1.093;868;225;0;225;0;225;225;0;0;0;0;0;0;0;0;868;651;868;651;D_Nudo;WSCR_Nudo;D_Nudo;WSCR_Nudo;600;;375;375;868;651;868;651;Concurso por resolución SEE. ;0;0;0;0;0;0;0;0;87;65;0;0;87;65;Concurso;;;;;;;;;;;;;;;;
RUBI 400;50508;Cataluña;;1;;;574; N/A ;  ;346;2.168;E90_SEPE;2.119;2.438;E90_SEPE;2.210;759; N/A ;N/A;531;228;0;228;0;228;49;179;315;0;315;0;315;265;50;531;346;531;346;D_Nudo;WSCR_Nudo;D_Nudo;WSCR_Nudo;600;;372;346;531;346;531;346;Concurso por resolución SEE. Margen zonal reservado concurso por resolución SEE/posible concurso/NTJ. ;0;0;0;0;0;0;0;0;53;35;0;0;53;35;Concurso;;;;;;;;;;;;;;;;
RUBI 220;50508;Cataluña;;1;3;;815; N/A ;  ;647;974;E90_SEPE;830;1.160;E90_SEPE;980;804; N/A ;N/A;624;179;12;168;0;168;144;35;79;0;79;0;79;79;0;624;624;624;624;D_Nudo;D_Nudo;D_Nudo;D_Nudo;400;;267;267;624;624;624;624;Concurso por resolución SEE. Margen zonal reservado concurso por resolución SEE/posible concurso/NTJ. ;0;0;0;0;0;0;0;0;62;62;0;0;62;62;Concurso;;;;;;;;;;;;;;;;
RUBIO 220;50509;Cataluña;1;;;;382; N/A ;  ;69;316;N/A;53;374;N/A;61;864; N/A ;N/A;551;313;0;313;0;313;263;50;187;0;187;0;187;0;187;53;53;61;61;Est_Gen_Nudo;Est_Gen_Nudo;Est_Alm_Nudo;Est_Alm_Nudo;400;;53;53;0;0;8;8;;53;53;0;0;53;53;0;0;0;0;0;0;0;0;;;;;;;;;;;;;;;;;
RUEDA DE JALON 400;50510;Aragón;;1;;;686; N/A ;  ;437;1.632;E201_SEPE;1.382;2.004;E201_SEPE;1.754;1.211; N/A ;1.211;962;249;0;249;0;249;249;0;0;0;0;0;0;0;0;962;437;962;437;D_Nudo;WSCR_Nudo;D_Nudo;WSCR_Nudo;600;;351;351;962;437;962;437;Concurso por resolución SEE. Margen zonal reservado concurso por resolución SEE/posible concurso/NTJ. ;0;0;0;0;0;0;0;0;96;44;0;0;96;44;Concurso;;;;;;;;;;;;;;;;
S.AGUSTIN 220;50511;Galicia;2;;2;;269; N/A ;  ;211;174;E176_SEPE;15;193;E176_SEPE;35;1.209; N/A ;N/A;1.050;158;100;58;0;58;158;0;100;0;100;0;100;0;100;15;15;35;35;Est_Gen_Nudo;Est_Gen_Nudo;Est_Alm_Nudo;Est_Alm_Nudo;800;;15;15;0;0;20;20;;15;15;15;15;15;15;35;35;0;0;0;0;0;0;;;;;;;;;;;;;;;;;
SA POBLA 66;50512;Islas Baleares;;;2;;81; N/A ; Riesgo interacciones ;35;206;N/A;162;219;N/A;166;224; N/A ;N/A;172;53;0;47;6;53;44;9;0;0;0;0;0;0;0;162;35;166;35;Est_Gen_Nudo;WSCR_Nudo;Est_Alm_Nudo;WSCR_Nudo;#¡VALOR!;;162;35;0;0;0;0;;0;0;162;35;0;0;166;35;0;0;0;0;0;0;;;;;;;;;;;;;;;;;
SA VINYETA 66;50513;Islas Baleares;;;2;;58; N/A ; Riesgo interacciones ;40;81;E21_SEB;1;88;E21_SEB;1;226; N/A ;N/A;186;40;0;18;22;40;40;0;0;0;0;0;0;0;0;1;1;1;1;Est_Gen_Zona;Est_Gen_Zona;Est_Alm_Zona;Est_Alm_Zona;#¡VALOR!;;1;1;0;0;0;0;;0;0;1;1;0;0;1;1;0;0;0;0;0;0;;;;;;;;;;;;;;;;;
SABINAL 220;50754;Canarias;;;;;62; N/A ;  ;62;780;E06_SEC;780;809;E06_SEC;809;30; N/A ;N/A;30;0;0;0;0;0;0;0;0;0;0;0;0;0;0;30;30;30;30;D_Nudo;D_Nudo;D_Nudo;D_Nudo;0;;0;0;30;30;30;30;Sin posibilidad de conexión. ;0;0;0;0;0;0;0;0;0;0;0;0;0;0;;;;;;;;;;;;;;;;;
SABINAL 66;50754;Canarias;;;;;52; N/A ;  ;52;603;E06_SEC;603;681;E06_SEC;681;30; N/A ;N/A;30;0;0;0;0;0;0;0;0;0;0;0;0;0;0;30;30;30;30;D_Nudo;D_Nudo;D_Nudo;D_Nudo;#¡VALOR!;;30;30;30;30;30;30;Sin posibilidad de conexión. ;0;0;0;0;0;0;0;0;0;0;0;0;0;0;;;;;;;;;;;;;;;;;
SABIÑANIGO 220;50514;Aragón;;;4;;334; N/A ;  ;334;209;E21_SEPE, E333_SEPE;0;608;E21_SEPE, E333_SEPE;0;1.285; N/A ;N/A;935;350;291;0;60;60;350;0;0;0;0;0;0;0;0;0;0;0;0;Est_Gen_Nudo/Est_Gen_Zona;Est_Gen_Nudo/Est_Gen_Zona;Est_Alm_Zona;Est_Alm_Zona;0;;0;0;0;0;0;0;;0;0;0;0;0;0;0;0;0;0;0;0;0;0;;;;;;;;;;;;;;;;;
SABON 220;50515;Galicia;1;;4;;441; N/A ;  ;441;963;E244_SEPE;36;1.019;E244_SEPE;36;811; D10_SEPE ;N/A;0;576;473;0;104;104;549;27;382;382;0;0;0;382;0;0;0;0;0;D_Zona;D_Zona;D_Zona;D_Zona;400;;0;0;0;0;0;0;;0;0;0;0;0;0;0;0;0;0;0;0;0;0;Concurso;;;;;;;;;;;;;;;;
LA SAGRERA 220;50516;Cataluña;;;;;61; N/A ;  ;61;754;E352_SEPE;754;761;E352_SEPE;761;820; N/A ;N/A;820;0;0;0;0;0;0;0;0;0;0;0;0;0;0;754;61;761;61;Est_Gen_Nudo;WSCR_Nudo;Est_Alm_Nudo;WSCR_Nudo;0;;0;0;754;61;761;61;Sin posibilidad de conexión. Margen zonal reservado concurso por resolución SEE/posible concurso/NTJ. ;0;0;0;0;0;0;0;0;0;0;0;0;0;0;;;;;;;;;;;;;;;;;
SAGUNTO 220;50517;Comunidad Valenciana;;;2;;311; N/A ;  ;311;745;E183_SEPE, E344_SEPE;74;771;E183_SEPE, E344_SEPE;74;877; D70_SEPE ;N/A;600;252;59;0;193;193;252;0;854;0;0;854;854;36;818;74;74;74;74;Est_Gen_Zona;Est_Gen_Zona;Est_Alm_Zona;Est_Alm_Zona;0;;0;0;74;74;74;74;Concurso por resolución SEE. Margen zonal reservado concurso por resolución SEE/posible concurso/NTJ. ;0;0;0;0;0;0;0;0;7;7;0;0;7;7;Concurso;;;;;;;;;;;;;;;;
SAGUNTO GIS 220;50518;Comunidad Valenciana;;;2;;322; N/A ;  ;297;745;E183_SEPE, E344_SEPE;74;771;E183_SEPE, E344_SEPE;74;877; D70_SEPE ;N/A;600;25;0;25;0;25;6;20;0;0;0;0;0;0;0;74;74;74;74;Est_Gen_Zona;Est_Gen_Zona;Est_Alm_Zona;Est_Alm_Zona;0;;0;0;74;74;74;74;Margen zonal reservado concurso por resolución SEE/posible concurso/NTJ. ;0;0;0;0;0;0;0;0;0;0;0;0;0;0;;;;;;;;;;;;;;;;;
SAGUNTUM 400;51432;Comunidad Valenciana;;;;;438; N/A ;  ;438;1.805;E358_SEPE;1.740;2.475;E358_SEPE;2.411;2.325; N/A ;625;2.325;0;0;0;0;0;0;0;0;0;0;0;0;0;0;1.740;438;2.325;438;Est_Gen_Zona;WSCR_Nudo;D_Nudo;WSCR_Nudo;0;;0;0;1.740;438;2.325;438;Sin posibilidad de conexión. Margen zonal reservado concurso por resolución SEE/posible concurso/NTJ. ;0;0;0;0;0;0;0;0;0;0;0;0;0;0;;;;;;;;;;;;;;;;;
SAGUNTUM 220;51432;Comunidad Valenciana;;;;1;362; N/A ; Superación valor máx Icc ;297;1.249;E358_SEPE;1.184;1.578;E358_SEPE;1.513;872; N/A ;N/A;807;65;0;65;0;65;65;0;15;0;0;15;15;0;15;807;297;807;297;D_Nudo;WSCR_Nudo;D_Nudo;WSCR_Nudo;0;SI;0;0;807;297;807;297;Concurso por resolución SEE. Limitación de capacidad por posición;0;0;0;0;0;0;0;0;81;30;0;0;81;30;Concurso;;;;;;;;;;;;;;;;
SALADAS 220;50519;Comunidad Valenciana;;;2;;163; N/A ;  ;136;1.418;N/A;1.375;1.434;N/A;1.390;625; N/A ;N/A;582;44;0;27;16;44;44;0;0;0;0;0;0;0;0;582;136;582;136;D_Nudo;WSCR_Nudo;D_Nudo;WSCR_Nudo;0;;0;0;0;0;0;0;;0;0;582;136;0;0;582;136;0;0;0;0;0;0;;;;;;;;;;;;;;;;;
SALAS 400;50520;Principado de Asturias;;1;1;;338; N/A ;  ;153;3.591;E6_SEPE;3.024;4.008;E6_SEPE;3.441;1.662; D26_SEPE ;831;379;567;309;185;72;257;567;0;0;0;0;0;0;0;0;379;153;379;153;D_Zona;WSCR_Nudo;D_Zona;WSCR_Nudo;600;;379;153;379;153;379;153;Concurso por resolución SEE. Margen zonal reservado concurso por resolución SEE/posible concurso/NTJ. ;0;0;0;0;0;0;0;0;37;15;0;0;37;15;Concurso;;;;;;;;;;;;;;;;
SALERES 220;50772;Andalucía;;1;;2;298; N/A ;  ;287;904;N/A;511;927;N/A;511;1.157; N/A ;N/A;741;416;406;10;0;10;59;357;0;0;0;0;0;0;0;511;287;511;287;Est_Gen_Nudo;WSCR_Nudo;Est_Alm_Nudo;WSCR_Nudo;400;;33;33;511;287;511;287;Concurso por resolución SEE. ;0;0;0;0;0;0;0;0;56;29;0;0;56;29;Concurso;;;;;;;;;;;;;;;;
SALINAS 66;50521;Canarias;11;;2;1;8; N/A ;  ;0;150;N/A;28;153;N/A;30;14; N/A ;N/A;0;217;173;8;35;43;217;0;0;0;0;0;0;0;0;0;0;0;0;D_Nudo;WSCR_Nudo/D_Nudo;D_Nudo;WSCR_Nudo/D_Nudo;#¡VALOR!;;0;0;0;0;0;0;;0;0;0;0;0;0;0;0;0;0;0;0;0;0;;;;;;;;;;;;;;;;;
SALLENTE 400;50522;Cataluña;4;;;;76; N/A ;  ;76;1.439;N/A;1.004;1.450;N/A;1.004;748; D23_SEPE ;N/A;4;446;446;0;0;0;0;446;0;0;0;0;0;0;0;4;4;4;4;D_Zona;D_Zona;D_Zona;D_Zona;2.400;;4;4;4;4;4;4;Concurso por resolución SEE. Margen zonal reservado concurso por resolución SEE/posible concurso/NTJ. ;0;0;0;0;0;0;0;0;0;0;0;0;0;0;Concurso;;;;;;;;;;;;;;;;
SALTERAS 220;50523;Andalucía;1;;;;582; N/A ;  ;292;577;N/A;287;631;N/A;341;1.032; N/A ;N/A;742;290;0;290;0;290;290;0;0;0;0;0;0;0;0;287;287;341;292;Est_Gen_Nudo;Est_Gen_Nudo;Est_Alm_Nudo;WSCR_Nudo;400;;110;110;287;287;341;292;Concurso por resolución SEE. ;0;0;0;0;0;0;0;0;29;29;0;0;29;29;Concurso;;;;;;;;;;;;;;;;
SAN AGUSTIN BALEARES 66;50524;Islas Baleares;;;2;;121; N/A ; Riesgo interacciones ;74;96;N/A;70;117;N/A;70;219; N/A ;N/A;172;47;0;47;0;47;0;47;0;0;0;0;0;0;0;70;70;70;70;Est_Gen_Nudo;Est_Gen_Nudo;Est_Alm_Nudo;Est_Alm_Nudo;#¡VALOR!;;70;70;0;0;0;0;;0;0;70;70;0;0;70;70;0;0;0;0;0;0;;;;;;;;;;;;;;;;;
SAN AGUSTIN GC 66;50525;Canarias;;;2;;75; N/A ;  ;52;80;N/A;27;82;N/A;27;60; N/A ;N/A;6;54;0;23;32;54;38;16;0;0;0;0;0;0;0;6;6;6;6;D_Nudo;D_Nudo;D_Nudo;D_Nudo;#¡VALOR!;;6;6;0;0;0;0;;0;0;6;6;0;0;6;6;0;0;0;0;0;0;;;;;;;;;;;;;;;;;
SAN ANTONIO 66;50526;Islas Baleares;;;3;;2; N/A ;  ;2;176;E28_SEB;175;182;E28_SEB;181;221; N/A ;N/A;220;1;0;0;1;1;1;0;0;0;0;0;0;0;0;175;2;181;2;Est_Gen_Nudo;WSCR_Nudo;Est_Alm_Nudo;WSCR_Nudo;#¡VALOR!;;175;2;0;0;0;0;;0;0;175;2;0;0;181;2;0;0;0;0;0;0;;;;;;;;;;;;;;;;;
SAN BARTOLOME 66;50527;Canarias;;;2;;11; N/A ;  ;11;87;E29_SEC;56;89;E29_SEC;58;22; D05_SEC ;N/A;4;3;0;0;3;3;3;0;0;0;0;0;0;0;0;4;4;4;4;D_Zona;D_Zona;D_Zona;D_Zona;#¡VALOR!;;4;4;0;0;0;0;;0;0;4;4;0;0;4;4;0;0;0;0;0;0;;;;;;;;;;;;;;;;;
SAN CAYETANO 220;50528;Galicia;;;2;;294; N/A ;  ;294;406;N/A;398;447;N/A;427;1.283; N/A ;N/A;1.264;19;8;0;11;11;8;11;0;0;0;0;0;0;0;398;294;427;294;Est_Gen_Nudo;WSCR_Nudo;Est_Alm_Nudo;WSCR_Nudo;0;;0;0;398;294;427;294;Concurso por resolución SEE. ;0;0;0;0;0;0;0;0;40;29;0;0;40;29;Concurso;;;;;;;;;;;;;;;;
SAN ESTEBAN 220;50529;Galicia;5;;;;407; N/A ;  ;407;872;N/A;422;899;N/A;448;1.233; N/A ;N/A;782;451;451;0;0;0;451;0;0;0;0;0;0;0;0;422;407;448;407;Est_Gen_Nudo;WSCR_Nudo;Est_Alm_Nudo;WSCR_Nudo;2.000;;422;407;422;407;448;407;Concurso por resolución SEE. ;0;0;0;0;0;0;0;0;42;41;0;0;42;41;Concurso;;;;;;;;;;;;;;;;
SAN FERNANDO 400;50756;Comunidad de Madrid;;1;;;1.313; N/A ;  ;866;755;E129_SEPE;308;831;E129_SEPE;384;596; N/A ;298;149;447;0;447;0;447;447;0;0;0;0;0;0;0;0;149;149;149;149;D_Nudo;D_Nudo;D_Nudo;D_Nudo;600;;0;0;149;149;149;149;Margen zonal reservado concurso por resolución SEE/posible concurso/NTJ. ;0;0;0;0;0;0;0;0;0;0;0;0;0;0;;;;;;;;;;;;;;;;;
SAN FERNANDO 220;50756;Comunidad de Madrid;;;;1;408; N/A ;  ;408;545;E129_SEPE, E341_SEPE;308;603;E129_SEPE, E341_SEPE;384;770; D68_SEPE ;N/A;612;0;0;0;0;0;0;0;0;0;0;0;0;0;0;308;308;384;384;Est_Gen_Zona;Est_Gen_Zona;Est_Alm_Zona;Est_Alm_Zona;0;;0;0;308;308;384;384;Concurso por resolución SEE. Margen zonal reservado concurso por resolución SEE/posible concurso/NTJ. ;0;0;0;0;0;0;0;0;31;31;0;0;31;31;Concurso;;;;;;;;;;;;;;;;
SAN ISIDRO 66;51314;Canarias;;1;;;78; N/A ;  ;53;128;N/A;103;136;N/A;111;57; N/A ;N/A;32;25;0;25;0;25;25;0;34;0;34;0;34;34;0;32;32;32;32;D_Nudo;D_Nudo;D_Nudo;D_Nudo;#¡VALOR!;;32;32;0;0;0;0;;32;32;0;0;32;32;0;0;0;0;0;0;0;0;;;;;;;;;;;;;;;;;
SAN JORGE 132;50530;Islas Baleares;;;;;3; N/A ; Riesgo interacciones ;3;234;E28_SEB;226;237;E28_SEB;237;219; N/A ;N/A;219;0;0;0;0;0;0;0;0;0;0;0;0;0;0;219;3;219;3;D_Nudo;WSCR_Nudo;D_Nudo;WSCR_Nudo;#¡VALOR!;;219;3;219;3;219;3;Sin posibilidad de conexión. ;0;0;0;0;0;0;0;0;0;0;0;0;0;0;;;;;;;;;;;;;;;;;
SAN JORGE 66;50530;Islas Baleares;;;2;;3; N/A ;  ;3;95;E27_SEB, E28_SEB;88;97;E27_SEB, E28_SEB;88;219; N/A ;N/A;210;9;0;0;9;9;2;7;0;0;0;0;0;0;0;88;3;88;3;Est_Gen_Nudo/Est_Gen_Zona;WSCR_Nudo;Est_Alm_Nudo/Est_Alm_Zona;WSCR_Nudo;#¡VALOR!;;88;3;0;0;0;0;;0;0;88;3;0;0;88;3;0;0;0;0;0;0;;;;;;;;;;;;;;;;;
SAN JORGE 30;50530;Islas Baleares;;;;;1; N/A ;  ;1;54;E27_SEB, E28_SEB;54;55;E27_SEB, E28_SEB;55;219; N/A ;N/A;219;0;0;0;0;0;0;0;0;0;0;0;0;0;0;54;1;55;1;Est_Gen_Nudo;WSCR_Nudo;Est_Alm_Nudo;WSCR_Nudo;#¡VALOR!;;54;1;54;1;55;1;Sin posibilidad de conexión. ;0;0;0;0;0;0;0;0;0;0;0;0;0;0;;;;;;;;;;;;;;;;;
SAN JUAN BALEARES 66;50531;Islas Baleares;;;3;;52; N/A ; Riesgo interacciones ;12;237;N/A;235;284;N/A;242;217; N/A ;N/A;175;42;0;40;2;42;2;40;0;0;0;0;0;0;0;175;12;175;12;D_Nudo;WSCR_Nudo;D_Nudo;WSCR_Nudo;#¡VALOR!;;175;12;0;0;0;0;;0;0;175;12;0;0;175;12;0;0;0;0;0;0;;;;;;;;;;;;;;;;;
SAN MARTIN BALEARES 220;50532;Islas Baleares;;;;;85; N/A ; Riesgo interacciones ;85;295;E07_SEB, E20_SEB;173;305;E07_SEB, E20_SEB;173;219; N/A ;N/A;219;0;0;0;0;0;0;0;0;0;0;0;0;0;0;173;85;173;85;Est_Gen_Zona;WSCR_Nudo;Est_Alm_Zona;WSCR_Nudo;0;;0;0;173;85;173;85;Sin posibilidad de conexión. Margen zonal reservado concurso por resolución SEE/posible concurso/NTJ. ;0;0;0;0;0;0;0;0;0;0;0;0;0;0;;;;;;;;;;;;;;;;;
SAN MARTIN BALEARES 66;50532;Islas Baleares;;1;2;;100; N/A ; Riesgo interacciones ;0;173;E07_SEB, E20_SEB;67;180;E07_SEB, E20_SEB;67;219; N/A ;N/A;106;113;0;100;13;113;26;87;0;0;0;0;0;0;0;67;0;67;0;Est_Gen_Nudo;WSCR_Nudo;Est_Alm_Nudo;WSCR_Nudo;#¡VALOR!;;67;0;0;0;0;0;;67;0;67;0;67;0;67;0;0;0;0;0;0;0;;;;;;;;;;;;;;;;;
SAN MATEO 66;50533;Canarias;;;2;;74; N/A ;  ;47;156;N/A;132;160;N/A;132;28; N/A ;N/A;0;27;0;27;0;27;2;25;0;0;0;0;0;0;0;0;0;0;0;D_Nudo;D_Nudo;D_Nudo;D_Nudo;#¡VALOR!;;0;0;0;0;0;0;;0;0;0;0;0;0;0;0;0;0;0;0;0;0;;;;;;;;;;;;;;;;;
SAN MIGUEL DE SALINAS 220;50534;Comunidad Valenciana;;;2;;242; W01_SEPE_BIN ;  ;224;930;E296_SEPE_Bin;912;1.305;E296_SEPE_Bin;1.287;903; D49_SEPE, D83_SEPE_Bin ;N/A;451;18;0;18;0;18;18;0;45;0;0;45;45;30;15;451;224;451;224;D_Zona;WSCR_Nudo;D_Zona;WSCR_Nudo;0;;0;0;451;224;451;224;Concurso por resolución SEE. Margen zonal reservado concurso por resolución SEE/posible concurso/NTJ. ;0;0;0;0;0;0;0;0;45;22;0;0;45;22;Concurso;;;;;;;;;;;;;;;;
SAN MIGUEL DE SALINAS (SAN MIGUEL DE SALINAS B) 220;50534;Comunidad Valenciana;;;;;133; W01_SEPE_BIN ;  ;133;1.152;E273_SEPE, E296_SEPE_Bin;1.134;1.305;E273_SEPE, E296_SEPE_Bin;1.287;822; D83_SEPE_Bin ;N/A;451;0;0;0;0;0;0;0;0;0;0;0;0;0;0;451;133;451;133;D_Zona;WSCR_Nudo;D_Zona;WSCR_Nudo;0;;0;0;451;133;451;133;Sin posibilidad de conexión. Margen zonal reservado concurso por resolución SEE/posible concurso/NTJ. ;0;0;0;0;0;0;0;0;0;0;0;0;0;0;;;;;;;;;;;;;;;;;
SAN PEDRO 220;50535;Galicia;1;;;;394; N/A ;  ;360;547;E174_SEPE;455;613;E174_SEPE;521;1.277; N/A ;N/A;1.185;91;58;34;0;34;91;0;0;0;0;0;0;0;0;455;360;521;360;Est_Gen_Nudo;WSCR_Nudo;Est_Alm_Nudo;WSCR_Nudo;400;;309;309;455;360;521;360;Concurso por resolución SEE. Margen zonal reservado concurso por resolución SEE/posible concurso/NTJ. ;0;0;0;0;0;0;0;0;46;36;0;0;46;36;Concurso;;;;;;;;;;;;;;;;
SAN PEDRO DEL PINATAR 220;50536;Región de Murcia;;1;3;;332; N/A ;  ;56;846;E188_SEPE;569;918;E188_SEPE;640;775; N/A ;N/A;497;278;2;276;0;276;278;0;0;0;0;0;0;0;0;497;56;497;56;D_Nudo;WSCR_Nudo;D_Nudo;WSCR_Nudo;400;;159;56;497;56;497;56;Concurso por resolución SEE. Margen zonal reservado concurso por resolución SEE/posible concurso/NTJ. ;0;0;0;0;0;0;0;0;50;6;0;0;50;6;Concurso;;;;;;;;;;;;;;;;
SAN SERVAN 400;50537;Extremadura;;1;;;644; N/A ;  ;0;3.043;E109_SEPE, E269_SEPE, E327_SEPE;2.399;3.193;E109_SEPE, E269_SEPE, E327_SEPE;2.549;488; N/A ;488;0;644;0;644;0;644;644;0;0;0;0;0;0;0;0;0;0;0;0;D_Nudo;D_Nudo;D_Nudo;D_Nudo;600;SI;0;0;0;0;0;0;;0;0;0;0;0;0;0;0;0;0;0;0;0;0;;;;;;;;;;;;;;;;;
SAN SERVAN 220;50537;Extremadura;;1;;;728; N/A ;  ;339;639;E109_SEPE;250;827;E109_SEPE;438;1.124; N/A ;N/A;735;389;0;389;0;389;389;0;0;0;0;0;0;0;0;250;250;438;339;Est_Gen_Nudo;Est_Gen_Nudo;Est_Alm_Nudo;WSCR_Nudo;400;;11;11;250;250;438;339;Concurso por resolución SEE. ;0;0;0;0;0;0;0;0;25;25;0;0;25;25;Concurso;;;;;;;;;;;;;;;;
SAN VICENTE 220;50538;Comunidad Valenciana;;;2;;485; N/A ;  ;393;1.203;E259_SEPE;973;1.333;E259_SEPE;1.103;633; N/A ;N/A;403;230;4;92;135;226;230;0;0;0;0;0;0;0;0;403;393;403;393;D_Nudo;WSCR_Nudo;D_Nudo;WSCR_Nudo;0;;0;0;403;393;403;393;Concurso por resolución SEE. Margen zonal reservado concurso por resolución SEE/posible concurso/NTJ. ;0;0;0;0;0;0;0;0;40;39;0;0;40;39;Concurso;;;;;;;;;;;;;;;;
SANCHINARRO 220;50539;Comunidad de Madrid;;;3;;162; N/A ;  ;162;743;E276_SEPE, E45_SEPE;743;745;E276_SEPE, E45_SEPE;745;760; D42_SEPE ;N/A;317;0;0;0;0;0;0;0;0;0;0;0;0;0;0;317;162;317;162;D_Zona;WSCR_Nudo;D_Zona;WSCR_Nudo;0;;0;0;317;162;317;162;Concurso por resolución SEE. Margen zonal reservado concurso por resolución SEE/posible concurso/NTJ. ;0;0;0;0;0;0;0;0;32;16;0;0;32;16;Concurso;;;;;;;;;;;;;;;;
SANCHO LLOP 220;50757;Comunidad Valenciana;;;;2;180; N/A ;  ;180;530;N/A;530;621;N/A;621;322; D39_SEPE ;N/A;226;0;0;0;0;0;0;0;30;0;0;30;30;0;30;226;180;226;180;D_Zona;WSCR_Nudo;D_Zona;WSCR_Nudo;0;;0;0;226;180;226;180;Concurso por resolución SEE. Margen zonal reservado concurso por resolución SEE/posible concurso/NTJ. ;0;0;0;0;0;0;0;0;23;18;0;0;23;18;Concurso;;;;;;;;;;;;;;;;
SANGÜESA 220;50540;Comunidad Foral de Navarra;1;;2;;285; N/A ;  ;0;435;E251_SEPE, E333_SEPE;0;583;E251_SEPE, E333_SEPE;0;1.286; N/A ;N/A;930;356;38;289;28;317;356;0;0;0;0;0;0;0;0;0;0;0;0;Est_Gen_Zona;WSCR_Nudo/Est_Gen_Zona;Est_Alm_Zona;WSCR_Nudo/Est_Alm_Zona;400;;0;0;0;0;0;0;;0;0;0;0;0;0;0;0;0;0;0;0;0;0;;;;;;;;;;;;;;;;;
SANT ANDREU 220;50541;Cataluña;;;2;;151; N/A ; Superación valor máx Icc ;101;437;N/A;338;505;N/A;338;803; N/A ;N/A;636;167;2;50;115;165;2;165;0;0;0;0;0;0;0;338;101;338;101;Est_Gen_Nudo;WSCR_Nudo;Est_Alm_Nudo;WSCR_Nudo;0;;0;0;0;0;0;0;;0;0;338;101;0;0;338;101;0;0;0;0;0;0;;;;;;;;;;;;;;;;;
SANT BOI 220;50542;Cataluña;;;3;;676; N/A ;  ;674;635;N/A;580;718;N/A;662;807; N/A ;N/A;752;55;37;2;16;18;55;0;8;0;0;8;8;8;0;580;580;662;662;Est_Gen_Nudo;Est_Gen_Nudo;Est_Alm_Nudo;Est_Alm_Nudo;0;;0;0;580;580;662;662;Concurso por resolución SEE. ;0;0;0;0;0;0;0;0;58;58;0;0;58;58;Concurso;;;;;;;;;;;;;;;;
SANT CELONI 220;50543;Cataluña;;;3;;392; N/A ;  ;392;820;N/A;788;952;N/A;920;862; N/A ;N/A;830;32;25;0;7;7;32;0;9;0;0;9;9;9;0;788;392;830;392;Est_Gen_Nudo;WSCR_Nudo;D_Nudo;WSCR_Nudo;0;;0;0;788;392;830;392;Concurso por resolución SEE. ;0;0;0;0;0;0;0;0;72;39;0;0;72;39;Concurso;;;;;;;;;;;;;;;;
SANT CUGAT 220;50544;Cataluña;;;3;;643; N/A ;  ;608;376;N/A;374;460;N/A;423;817; N/A ;N/A;781;36;0;35;1;36;1;35;0;0;0;0;0;0;0;374;374;423;423;Est_Gen_Nudo;Est_Gen_Nudo;Est_Alm_Nudo;Est_Alm_Nudo;0;;0;0;0;0;0;0;;0;0;374;374;0;0;423;423;0;0;0;0;0;0;;;;;;;;;;;;;;;;;
SANT FOST 220;50545;Cataluña;;;4;;679; N/A ;  ;679;1.394;E207_SEPE;1.385;1.532;E207_SEPE;1.484;817; N/A ;N/A;793;24;9;0;15;15;9;15;0;0;0;0;0;0;0;793;679;793;679;D_Nudo;WSCR_Nudo;D_Nudo;WSCR_Nudo;0;;0;0;793;679;793;679;Concurso por resolución SEE. Margen zonal reservado concurso por resolución SEE/posible concurso/NTJ. ;0;0;0;0;0;0;0;0;78;68;0;0;78;68;Concurso;;;;;;;;;;;;;;;;
SANT JUST 220;50546;Cataluña;;;4;;59; N/A ;  ;59;353;N/A;351;362;N/A;360;803; D45_SEPE ;N/A;801;2;2;0;0;0;2;0;0;0;0;0;0;0;0;351;59;360;59;Est_Gen_Nudo;WSCR_Nudo;Est_Alm_Nudo;WSCR_Nudo;0;;0;0;351;59;360;59;Concurso por resolución SEE. ;0;0;0;0;0;0;0;0;35;6;0;0;35;6;Concurso;;;;;;;;;;;;;;;;
SANTA AGUEDA 220;50547;Canarias;;;;;111; N/A ;  ;111;251;E05_SEC;234;309;E05_SEC;272;34; N/A ;N/A;34;0;0;0;0;0;0;0;0;0;0;0;0;0;0;34;34;34;34;D_Nudo;D_Nudo;D_Nudo;D_Nudo;0;;0;0;34;34;34;34;Sin posibilidad de conexión. ;0;0;0;0;0;0;0;0;0;0;0;0;0;0;;;;;;;;;;;;;;;;;
SANTA AGUEDA 66;50547;Canarias;;3;;;38; N/A ;  ;1;130;E05_SEC, E07_SEC;77;140;E05_SEC, E07_SEC;77;37; N/A ;N/A;0;37;0;37;0;37;17;20;0;0;0;0;0;0;0;0;0;0;0;D_Nudo;D_Nudo;D_Nudo;D_Nudo;#¡VALOR!;;0;0;0;0;0;0;;0;0;0;0;0;0;0;0;0;0;0;0;0;0;;;;;;;;;;;;;;;;;
SANTA CATALINA 66;50548;Islas Baleares;;;3;;68; N/A ; Superación valor máx Icc y riesgo interacciones ;41;138;N/A;119;147;N/A;119;219; N/A ;N/A;192;27;0;27;0;27;0;27;0;0;0;0;0;0;0;119;41;119;41;Est_Gen_Nudo;WSCR_Nudo;Est_Alm_Nudo;WSCR_Nudo;#¡VALOR!;;119;41;0;0;0;0;;0;0;119;41;0;0;119;41;0;0;0;0;0;0;;;;;;;;;;;;;;;;;
SANTA ELVIRA 220;50758;Andalucía;;1;5;;408; N/A ;  ;34;801;E298_SEPE, E42_SEPE;0;805;E298_SEPE, E42_SEPE;0;1.051; N/A ;N/A;579;473;7;374;92;466;417;55;20;0;10;10;20;20;0;0;0;0;0;Est_Gen_Zona;Est_Gen_Zona;Est_Alm_Zona;Est_Alm_Zona;400;;0;0;0;0;0;0;;0;0;0;0;0;0;0;0;0;0;0;0;0;0;Concurso;;;;;;;;;;;;;;;;
SANTA ENGRACIA 400;50550;La Rioja;2;1;;;790; N/A ;  ;451;2.491;E120_SEPE;1.368;2.855;E120_SEPE;1.646;2.660; N/A ;960;1.537;1.123;785;339;0;339;1.123;0;0;0;0;0;0;0;0;1.368;451;1.537;451;Est_Gen_Nudo;WSCR_Nudo;D_Nudo;WSCR_Nudo;1.800;;677;451;1.368;451;1.537;451;Concurso por resolución SEE. Margen zonal reservado concurso por resolución SEE/posible concurso/NTJ. ;0;0;0;0;0;0;0;0;137;45;0;0;137;45;Concurso;;;;;;;;;;;;;;;;
SANTA ENGRACIA 220;50550;La Rioja;;1;;;467; N/A ;  ;320;777;E120_SEPE, E307_SEPE;394;981;E120_SEPE, E307_SEPE;573;1.072; N/A ;N/A;924;147;0;147;0;147;147;0;0;0;0;0;0;0;0;394;320;573;320;Est_Gen_Zona;WSCR_Nudo;Est_Alm_Zona;WSCR_Nudo;400;;253;253;394;320;573;320;Concurso por resolución SEE. Margen zonal reservado concurso por resolución SEE/posible concurso/NTJ. ;0;0;0;0;0;0;0;0;39;32;0;0;39;32;Concurso;;;;;;;;;;;;;;;;
SANTA EULALIA 66;50551;Islas Baleares;;;3;;2; N/A ;  ;2;131;E28_SEB;129;135;E28_SEB;132;221; N/A ;N/A;219;2;0;0;2;2;2;0;0;0;0;0;0;0;0;129;2;132;2;Est_Gen_Nudo;WSCR_Nudo;Est_Alm_Nudo;WSCR_Nudo;#¡VALOR!;;129;2;0;0;0;0;;0;0;129;2;0;0;132;2;0;0;0;0;0;0;;;;;;;;;;;;;;;;;
SANTA LLOGAIA 400;50552;Cataluña;;2;1;;512; N/A ; Riesgo interacciones ;469;1.879;N/A;1.765;2.362;N/A;2.248;2.463; N/A ;821;2.349;114;4;43;67;110;114;0;117;0;0;117;117;117;0;1.765;469;2.248;469;Est_Gen_Nudo;WSCR_Nudo;Est_Alm_Nudo;WSCR_Nudo;1.200;;1.157;469;1.765;469;2.248;469;Concurso por resolución SEE. ;0;0;0;0;0;0;0;0;177;47;0;0;177;47;Concurso;;;;;;;;;;;;;;;;
SANTA MARIA 66;50553;Islas Baleares;;1;2;;109; N/A ;  ;53;93;E21_SEB;1;96;E21_SEB;1;220; N/A ;N/A;150;70;0;56;14;70;18;52;0;0;0;0;0;0;0;1;1;1;1;Est_Gen_Zona;Est_Gen_Zona;Est_Alm_Zona;Est_Alm_Zona;#¡VALOR!;;1;1;0;0;0;0;;1;1;1;1;1;1;1;1;0;0;0;0;0;0;;;;;;;;;;;;;;;;;
SANTA MARIA DE GRADO 400;50554;Principado de Asturias;;;1;;921; N/A ;  ;921;2.203;N/A;2.203;2.665;N/A;2.665;715; N/A ;715;715;0;0;0;0;0;0;0;45;0;45;0;45;0;45;715;715;715;715;D_Nudo;D_Nudo;D_Nudo;D_Nudo;0;;0;0;715;715;715;715;Concurso por resolución SEE. ;0;0;0;0;0;0;0;0;71;71;0;0;71;71;Concurso;;;;;;;;;;;;;;;;
SANTA MARINA 220;50555;Castilla y León;1;;1;;165; N/A ;  ;165;126;N/A;50;155;N/A;80;1.246; D16_SEPE ;N/A;958;75;33;0;42;42;75;0;0;0;0;0;0;0;0;50;50;80;80;Est_Gen_Nudo;Est_Gen_Nudo;Est_Alm_Nudo;Est_Alm_Nudo;400;;50;50;50;50;80;80;Concurso por resolución SEE. ;0;0;0;0;0;0;0;0;5;5;0;0;5;5;Concurso;;;;;;;;;;;;;;;;
SANTA POLA 220;50556;Comunidad Valenciana;;;3;;130; N/A ;  ;130;931;E259_SEPE, E38_SEPE;926;935;E259_SEPE, E38_SEPE;930;634; D63_SEPE ;N/A;629;5;0;0;5;5;5;0;0;0;0;0;0;0;0;629;130;629;130;D_Nudo/D_Zona;WSCR_Nudo;D_Nudo/D_Zona;WSCR_Nudo;0;;0;0;629;130;629;130;Margen zonal reservado concurso por resolución SEE/posible concurso/NTJ. ;0;0;0;0;0;0;0;0;0;0;0;0;0;0;;;;;;;;;;;;;;;;;
SANTA PONSA 220;50557;Islas Baleares;;;;;11; N/A ; Riesgo interacciones ;11;319;E08_SEB, E09_SEB;319;392;E08_SEB, E09_SEB;392;0; N/A ;N/A;0;0;0;0;0;0;0;0;0;0;0;0;0;0;0;0;0;0;0;D_Nudo;D_Nudo;D_Nudo;D_Nudo;0;;0;0;0;0;0;0;;0;0;0;0;0;0;0;0;0;0;0;0;0;0;;;;;;;;;;;;;;;;;
SANTA PONSA 132;50557;Islas Baleares;;;;;6; N/A ; Riesgo interacciones ;6;449;E08_SEB;449;521;E08_SEB;521;219; N/A ;N/A;219;0;0;0;0;0;0;0;0;0;0;0;0;0;0;219;6;219;6;D_Nudo;WSCR_Nudo;D_Nudo;WSCR_Nudo;#¡VALOR!;;219;6;219;6;219;6;Sin posibilidad de conexión. ;0;0;0;0;0;0;0;0;0;0;0;0;0;0;;;;;;;;;;;;;;;;;
SANTA PONSA 66;50557;Islas Baleares;;;;;6; N/A ; Riesgo interacciones ;6;319;E09_SEB;319;392;E09_SEB;392;219; N/A ;N/A;219;0;0;0;0;0;0;0;0;0;0;0;0;0;0;219;6;219;6;D_Nudo;WSCR_Nudo;D_Nudo;WSCR_Nudo;#¡VALOR!;;219;6;219;6;219;6;Sin posibilidad de conexión. ;0;0;0;0;0;0;0;0;0;0;0;0;0;0;;;;;;;;;;;;;;;;;
SANTANYI 66;50558;Islas Baleares;;;2;;47; N/A ;  ;16;101;N/A;53;113;N/A;64;227; N/A ;N/A;179;48;0;31;17;48;48;0;0;0;0;0;0;0;0;53;16;64;16;Est_Gen_Nudo;WSCR_Nudo;Est_Alm_Nudo;WSCR_Nudo;#¡VALOR!;;53;16;0;0;0;0;;0;0;53;16;0;0;64;16;0;0;0;0;0;0;;;;;;;;;;;;;;;;;
SANTIAGO 220;50559;Galicia;2;;;;462; N/A ;  ;435;532;E175_SEPE;437;596;E175_SEPE;462;1.269; N/A ;N/A;1.174;95;68;27;0;27;95;0;42;0;42;0;42;42;0;437;435;462;435;Est_Gen_Nudo;WSCR_Nudo;Est_Alm_Zona;WSCR_Nudo;800;;0;0;437;435;462;435;Margen zonal reservado concurso por resolución SEE/posible concurso/NTJ. ;0;0;0;0;0;0;0;0;0;0;0;0;0;0;;;;;;;;;;;;;;;;;
SANTIAGO DE COMPOSTELA 220;50560;Galicia;;1;5;;304; N/A ;  ;262;760;N/A;676;875;N/A;791;1.300; N/A ;N/A;1.216;84;9;42;33;75;84;0;64;0;0;64;64;64;0;676;262;791;262;Est_Gen_Nudo;WSCR_Nudo;Est_Alm_Nudo;WSCR_Nudo;400;;358;262;676;262;791;262;Concurso por resolución SEE. ;0;0;0;0;0;0;0;0;68;26;0;0;68;26;Concurso;;;;;;;;;;;;;;;;
SANTIPONCE 220;50561;Andalucía;;1;6;;766; N/A ;  ;604;1.361;N/A;826;1.437;N/A;901;848; N/A ;N/A;313;535;12;162;361;523;535;0;27;0;27;0;27;27;0;313;313;313;313;D_Nudo;D_Nudo;D_Nudo;D_Nudo;400;;288;288;313;313;313;313;Concurso por resolución SEE. ;0;0;0;0;0;0;0;0;31;31;0;0;31;31;Concurso;;;;;;;;;;;;;;;;
SANTIZ 220;50562;Castilla y León;1;;;;315; N/A ;  ;1;550;E179_SEPE;146;614;E179_SEPE;210;1.229; N/A ;N/A;826;404;0;314;89;404;404;0;0;0;0;0;0;0;0;146;1;210;1;Est_Gen_Nudo;WSCR_Nudo;Est_Alm_Nudo;WSCR_Nudo;400;SI;0;0;146;1;210;1;Margen zonal reservado concurso por resolución SEE/posible concurso/NTJ. Limitación de capacidad por posición;0;0;0;0;0;0;0;0;0;0;0;0;0;0;;;;;;;;;;;;;;;;;
SANTURCE 400;50563;País Vasco;;;;;1.014; N/A ;  ;1.014;2.520;E145_SEPE;2.215;2.721;E145_SEPE;2.316;796; N/A ;N/A;796;0;0;0;0;0;0;0;0;0;0;0;0;0;0;796;796;796;796;D_Nudo;D_Nudo;D_Nudo;D_Nudo;0;;0;0;796;796;796;796;Sin posibilidad de conexión. Margen zonal reservado concurso por resolución SEE/posible concurso/NTJ. ;0;0;0;0;0;0;0;0;0;0;0;0;0;0;;;;;;;;;;;;;;;;;
SANTURCE 220;50563;País Vasco;1;;2;;701; N/A ;  ;551;587;E145_SEPE;100;658;E145_SEPE;100;976; N/A ;N/A;418;558;409;150;0;150;409;150;25;0;25;0;25;0;25;100;100;100;100;Est_Gen_Nudo;Est_Gen_Nudo;Est_Alm_Nudo;Est_Alm_Nudo;400;SI;0;0;100;100;100;100;Concurso por resolución SEE. Limitación de capacidad por posición;0;0;0;0;0;0;0;0;0;0;0;0;0;0;Concurso;;;;;;;;;;;;;;;;
SAUCELLE 220;50564;Castilla y León;4;;1;1;450; N/A ;  ;448;423;N/A;156;514;N/A;247;732; N/A ;N/A;465;267;250;2;15;17;267;0;0;0;0;0;0;0;0;156;156;247;247;Est_Gen_Nudo;Est_Gen_Nudo;Est_Alm_Nudo;Est_Alm_Nudo;1.600;;156;156;156;156;247;247;Concurso por resolución SEE. ;0;0;0;0;0;0;0;0;16;16;0;0;16;16;Concurso;;;;;;;;;;;;;;;;
SAX 400;50565;Comunidad Valenciana;;1;;;1.018; N/A ;  ;517;1.682;N/A;1.181;2.311;N/A;1.810;63; N/A ;63;0;501;0;501;0;501;501;0;0;0;0;0;0;0;0;0;0;0;0;D_Nudo;D_Nudo;D_Nudo;D_Nudo;600;;0;0;0;0;0;0;;0;0;0;0;0;0;0;0;0;0;0;0;0;0;Concurso;;;;;;;;;;;;;;;;
SEGORBE 220;50566;Comunidad Valenciana;1;;2;;200; N/A ;  ;0;627;E183_SEPE, E35_SEPE;74;754;E183_SEPE, E35_SEPE;74;1.076; D65_SEPE ;N/A;704;200;0;200;0;200;200;0;308;0;0;308;308;302;5;74;0;74;0;Est_Gen_Zona;WSCR_Nudo;Est_Alm_Zona;WSCR_Nudo;400;;0;0;74;0;74;0;Margen zonal reservado concurso por resolución SEE/posible concurso/NTJ. ;0;0;0;0;0;0;0;0;0;0;0;0;0;0;;;;;;;;;;;;;;;;;
SEGOVIA 400;50567;Castilla y León;;1;;;972; N/A ;  ;448;2.361;N/A;1.837;2.499;N/A;1.975;907; N/A ;907;383;524;0;524;0;524;524;0;0;0;0;0;0;0;0;383;383;383;383;D_Nudo;D_Nudo;D_Nudo;D_Nudo;600;;76;76;383;383;383;383;Concurso por resolución SEE. ;0;0;0;0;0;0;0;0;38;38;0;0;38;38;Concurso;;;;;;;;;;;;;;;;
SENTMENAT 400;50568;Cataluña;;;;;212; N/A ;  ;212;2.296;E91_SEPE;2.288;2.896;E91_SEPE;2.822;748; D23_SEPE ;N/A;4;0;0;0;0;0;0;0;0;0;0;0;0;0;0;4;4;4;4;D_Zona;D_Zona;D_Zona;D_Zona;0;;0;0;4;4;4;4;Sin posibilidad de conexión. Margen zonal reservado concurso por resolución SEE/posible concurso/NTJ. ;0;0;0;0;0;0;0;0;0;0;0;0;0;0;;;;;;;;;;;;;;;;;
SENTMENAT 220;50568;Cataluña;;;2;;840; N/A ;  ;780;1.480;E91_SEPE;1.472;1.806;E91_SEPE;1.732;805; N/A ;N/A;731;74;0;60;15;74;8;67;0;0;0;0;0;0;0;731;731;731;731;D_Nudo;D_Nudo;D_Nudo;D_Nudo;0;;0;0;0;0;0;0;;0;0;731;731;0;0;731;731;0;0;0;0;0;0;;;;;;;;;;;;;;;;;
SERNA 400;50569;Comunidad Foral de Navarra;1;1;;;1.473; N/A ;  ;644;3.253;E138_SEPE;2.293;4.132;E138_SEPE;2.959;1.563; N/A ;781;733;830;0;830;0;830;830;0;0;0;0;0;0;0;0;733;644;733;644;D_Nudo;WSCR_Nudo;D_Nudo;WSCR_Nudo;1.200;;370;370;733;644;733;644;Concurso por resolución SEE. Margen zonal reservado concurso por resolución SEE/posible concurso/NTJ. ;0;0;0;0;0;0;0;0;73;64;0;0;73;64;Concurso;;;;;;;;;;;;;;;;
SERNA 220;50569;Comunidad Foral de Navarra;2;;1;1;539; N/A ; Superación valor máx Icc ;219;1.409;E138_SEPE;1.065;1.627;E138_SEPE;1.283;1.101; N/A ;N/A;758;343;12;320;11;331;343;0;6;0;0;6;6;6;0;758;219;758;219;D_Nudo;WSCR_Nudo;D_Nudo;WSCR_Nudo;800;;597;219;758;219;758;219;Concurso por resolución SEE. Margen zonal reservado concurso por resolución SEE/posible concurso/NTJ. ;0;0;0;0;0;0;0;0;76;22;0;0;76;22;Concurso;;;;;;;;;;;;;;;;
SES VELES 66;50570;Islas Baleares;;;2;;42; N/A ; Riesgo interacciones ;6;193;N/A;148;199;N/A;154;204; N/A ;N/A;159;45;0;35;9;45;45;0;0;0;0;0;0;0;0;148;6;154;6;Est_Gen_Nudo;WSCR_Nudo;Est_Alm_Nudo;WSCR_Nudo;#¡VALOR!;;148;6;0;0;0;0;;0;0;148;6;0;0;154;6;0;0;0;0;0;0;;;;;;;;;;;;;;;;;
SESUE 220;50571;Aragón;2;;;;352; N/A ;  ;192;301;E271_SEPE;112;308;E271_SEPE;112;1.186; D31_SEPE ;N/A;910;196;36;160;0;160;36;160;0;0;0;0;0;0;0;112;112;112;112;Est_Gen_Nudo;Est_Gen_Nudo;Est_Alm_Nudo;Est_Alm_Nudo;800;;112;112;112;112;112;112;Concurso por resolución SEE. Margen zonal reservado concurso por resolución SEE/posible concurso/NTJ. ;0;0;0;0;0;0;0;0;11;11;0;0;11;11;Concurso;;;;;;;;;;;;;;;;
SIDEGASA 220;50572;Galicia;;;3;;212; N/A ;  ;212;270;E2_SEPE;0;270;E2_SEPE;0;811; D10_SEPE ;N/A;0;291;84;0;207;207;291;0;0;0;0;0;0;0;0;0;0;0;0;Est_Gen_Nudo/D_Zona;Est_Gen_Nudo/D_Zona;Est_Alm_Nudo/D_Zona;Est_Alm_Nudo/D_Zona;0;;0;0;0;0;0;0;;0;0;0;0;0;0;0;0;0;0;0;0;0;0;;;;;;;;;;;;;;;;;
SIDENOR 220;50573;País Vasco;;;;;590; N/A ;  ;590;361;E282_SEPE;361;422;E282_SEPE;422;980; N/A ;N/A;980;0;0;0;0;0;0;0;0;0;0;0;0;0;0;361;361;422;422;Est_Gen_Nudo/Est_Gen_Zona;Est_Gen_Nudo/Est_Gen_Zona;Est_Alm_Nudo;Est_Alm_Nudo;0;;0;0;361;361;422;422;Concurso por resolución SEE. Sin posibilidad de conexión. ;0;0;0;0;0;0;0;0;36;36;0;0;36;36;Concurso;;;;;;;;;;;;;;;;
SIERO 220;50574;Principado de Asturias;;;3;;445; N/A ;  ;427;601;E320_SEPE;231;721;E320_SEPE;231;1.260; N/A ;N/A;770;490;137;18;335;353;142;348;37;15;0;22;22;15;22;231;231;231;231;Est_Gen_Nudo;Est_Gen_Nudo;Est_Alm_Nudo;Est_Alm_Nudo;0;;0;0;231;231;231;231;Concurso por resolución SEE. Margen zonal reservado concurso por resolución SEE/posible concurso/NTJ. ;0;0;0;0;0;0;0;0;26;26;0;0;26;26;Concurso;;;;;;;;;;;;;;;;
SILLEDA 400;50575;Galicia;;1;;;676; N/A ;  ;497;2.172;E306_SEPE;1.994;2.405;E306_SEPE;2.226;851; N/A ;851;673;179;0;179;0;179;179;0;0;0;0;0;0;0;0;673;497;673;497;D_Nudo;WSCR_Nudo;D_Nudo;WSCR_Nudo;600;;422;422;673;497;673;497;Concurso por resolución SEE. ;0;0;0;0;0;0;0;0;67;50;0;0;67;50;Concurso;;;;;;;;;;;;;;;;
SIMANCAS 220;UFD-50660;Comunidad de Madrid;;;3;;869; N/A ;  ;869;534;N/A;534;696;N/A;696;698; N/A ;N/A;698;0;0;0;0;0;0;0;0;0;0;0;0;0;0;534;534;696;696;Est_Gen_Nudo;Est_Gen_Nudo;Est_Alm_Nudo;Est_Alm_Nudo;0;;0;0;0;0;0;0;;0;0;534;534;0;0;696;696;0;0;0;0;0;0;;;;;;;;;;;;;;;;;
SOBRADELO 220;50576;Galicia;1;;;;419; N/A ;  ;419;494;E175_SEPE;455;552;E175_SEPE;462;1.258; N/A ;N/A;1.219;38;38;0;0;0;38;0;0;0;0;0;0;0;0;455;419;462;419;Est_Gen_Zona;WSCR_Nudo;Est_Alm_Zona;WSCR_Nudo;400;;362;362;455;419;462;419;Concurso por resolución SEE. ;0;0;0;0;0;0;0;0;45;42;0;0;45;42;Concurso;;;;;;;;;;;;;;;;
SOLLER 66;VS-7061;Islas Baleares;;;3;;35; N/A ;  ;35;82;E14_SEB;82;83;E14_SEB;83;220; D2_SEB ;N/A;191;0;0;0;0;0;0;0;0;0;0;0;0;0;0;82;35;83;35;Est_Gen_Nudo;WSCR_Nudo;Est_Alm_Nudo;WSCR_Nudo;#¡VALOR!;;82;35;0;0;0;0;;0;0;82;35;0;0;83;35;0;0;0;0;0;0;;;;;;;;;;;;;;;;;
SOLORZANO 400;50577;Cantabria;;;;;278; N/A ;  ;278;2.999;E73_SEPE;2.969;3.032;E73_SEPE;2.969;2.669; D22_SEPE ;969;772;0;0;0;0;0;0;0;0;0;0;0;0;0;0;772;278;772;278;D_Zona;WSCR_Nudo;D_Zona;WSCR_Nudo;0;;0;0;772;278;772;278;Concurso por resolución SEE. Sin posibilidad de conexión. ;0;0;0;0;0;0;0;0;77;28;0;0;77;28;Concurso;;;;;;;;;;;;;;;;
SOLORZANO 220;50577;Cantabria;;1;;;170; N/A ;  ;108;596;E73_SEPE, E8_SEPE;419;610;E73_SEPE, E8_SEPE;419;969; D22_SEPE ;N/A;772;62;0;62;0;62;0;62;0;0;0;0;0;0;0;419;108;419;108;Est_Gen_Zona;WSCR_Nudo;Est_Alm_Zona;WSCR_Nudo;400;;0;0;419;108;419;108;Margen zonal reservado concurso por resolución SEE/posible concurso/NTJ. ;0;0;0;0;0;0;0;0;0;0;0;0;0;0;;;;;;;;;;;;;;;;;
SON MOIX 220;50760;Islas Baleares;;;;;21; N/A ; Riesgo interacciones ;21;478;E10_SEB;478;535;E10_SEB;535;219; N/A ;N/A;219;0;0;0;0;0;0;0;0;0;0;0;0;0;0;219;21;219;21;D_Nudo;WSCR_Nudo;D_Nudo;WSCR_Nudo;0;;0;0;219;21;219;21;Sin posibilidad de conexión. ;0;0;0;0;0;0;0;0;0;0;0;0;0;0;;;;;;;;;;;;;;;;;
SON MOIX 66;50760;Islas Baleares;;;;;58; N/A ; Riesgo interacciones ;58;313;E10_SEB;313;355;E10_SEB;355;219; N/A ;N/A;219;0;0;0;0;0;0;0;0;0;0;0;0;0;0;219;58;219;58;D_Nudo;WSCR_Nudo;D_Nudo;WSCR_Nudo;#¡VALOR!;;219;58;219;58;219;58;Sin posibilidad de conexión. ;0;0;0;0;0;0;0;0;0;0;0;0;0;0;;;;;;;;;;;;;;;;;
SON OMS 66;50578;Islas Baleares;;;2;;131; N/A ; Riesgo interacciones ;101;144;N/A;121;151;N/A;121;219; N/A ;N/A;188;31;0;30;1;31;11;20;0;0;0;0;0;0;0;121;101;121;101;Est_Gen_Nudo;WSCR_Nudo;Est_Alm_Nudo;WSCR_Nudo;#¡VALOR!;;121;101;0;0;0;0;;0;0;121;101;0;0;121;101;0;0;0;0;0;0;;;;;;;;;;;;;;;;;
SON ORLANDIS 220;50579;Islas Baleares;;;;;236; N/A ; Riesgo interacciones ;236;295;E11_SEB;234;434;E11_SEB;363;219; N/A ;N/A;219;0;0;0;0;0;0;0;0;0;0;0;0;0;0;219;219;219;219;D_Nudo;D_Nudo;D_Nudo;D_Nudo;0;;0;0;219;219;219;219;Sin posibilidad de conexión. ;0;0;0;0;0;0;0;0;0;0;0;0;0;0;;;;;;;;;;;;;;;;;
SON ORLANDIS 66;50579;Islas Baleares;;1;;;217; N/A ; Riesgo interacciones ;146;153;E11_SEB;92;234;E11_SEB;163;219; D1_SEB ;N/A;100;71;0;71;0;71;62;9;56;0;56;0;56;0;56;92;92;100;100;Est_Gen_Nudo;Est_Gen_Nudo;D_Zona;D_Zona;#¡VALOR!;;92;92;0;0;8;8;;92;92;0;0;92;92;0;0;0;0;0;0;0;0;;;;;;;;;;;;;;;;;
SON PARDO 66;50761;Islas Baleares;;;;1;149; N/A ; Riesgo interacciones ;149;51;N/A;51;67;N/A;67;219; N/A ;N/A;219;0;0;0;0;0;0;0;0;0;0;0;0;0;0;51;51;67;67;Est_Gen_Nudo;Est_Gen_Nudo;Est_Alm_Nudo;Est_Alm_Nudo;#¡VALOR!;;51;51;0;0;0;0;;0;0;51;51;0;0;67;67;0;0;0;0;0;0;;;;;;;;;;;;;;;;;
SON REUS 220;50580;Islas Baleares;9;;;;41; N/A ; Riesgo interacciones ;4;347;E12_SEB;65;386;E12_SEB;68;218; N/A ;N/A;0;649;612;37;0;37;612;37;0;0;0;0;0;0;0;0;0;0;0;D_Nudo;D_Nudo;D_Nudo;D_Nudo;3.600;;0;0;0;0;0;0;;0;0;0;0;0;0;0;0;0;0;0;0;0;0;;;;;;;;;;;;;;;;;
SON REUS 66;50580;Islas Baleares;2;1;;;69; N/A ; Riesgo interacciones ;0;309;E12_SEB;65;392;E12_SEB;68;221; N/A ;N/A;111;112;43;69;0;69;112;0;0;0;0;0;0;0;0;65;0;68;0;Est_Gen_Zona;WSCR_Nudo;Est_Alm_Zona;WSCR_Nudo;#¡VALOR!;;65;0;0;0;3;0;;65;0;0;0;65;0;0;0;0;0;0;0;0;0;;;;;;;;;;;;;;;;;
SOTO DE RIBERA 400;50581;Principado de Asturias;3;;;;1.189; N/A ;  ;1.189;3.191;E70_SEPE;2.085;3.550;E70_SEPE;2.421;1.877; N/A ;626;1.023;854;854;0;0;0;854;0;854;854;0;0;0;854;0;1.023;1.023;1.023;1.023;D_Nudo;D_Nudo;D_Nudo;D_Nudo;1.800;;946;946;1.023;1.023;1.023;1.023;Nudo de Transición Justa. Margen zonal reservado concurso por resolución SEE/posible concurso/NTJ. ;0;0;0;0;0;0;0;0;0;0;0;0;0;0;NTJ;;;;;;;;;;;;;;;;
SOTO DE RIBERA 220;50581;Principado de Asturias;;;1;;1.064; N/A ;  ;1.064;1.679;E70_SEPE;1.427;1.738;E70_SEPE;1.464;1.244; N/A ;N/A;970;274;250;0;24;24;252;22;58;0;0;58;58;13;45;1.036;1.036;1.036;1.036;D_Nudo;D_Nudo;D_Nudo;D_Nudo;0;;0;0;1.036;1.036;1.036;1.036;Nudo de Transición Justa. Margen zonal reservado concurso por resolución SEE/posible concurso/NTJ. ;0;0;0;0;0;0;0;0;0;0;0;0;0;0;NTJ;;;;;;;;;;;;;;;;
SS.REYES 400;50582;Comunidad de Madrid;;1;;;1.613; N/A ;  ;1.613;677;E130_SEPE, E131_SEPE;677;764;E130_SEPE, E131_SEPE;764;0; N/A ;0;0;0;0;0;0;0;0;0;0;0;0;0;0;0;0;0;0;0;0;D_Nudo;D_Nudo;D_Nudo;D_Nudo;600;;0;0;0;0;0;0;;0;0;0;0;0;0;0;0;0;0;0;0;0;0;;;;;;;;;;;;;;;;;
SS.REYES 220;50582;Comunidad de Madrid;;1;;;830; W13_SEPE_BIN ;  ;830;637;E130_SEPE, E162_SEPE_Bin;637;713;E130_SEPE, E162_SEPE_Bin;713;2.436; D77_SEPE_Bin ;736;1.989;0;0;0;0;0;0;0;0;0;0;0;0;0;0;637;637;713;713;Est_Gen_Nudo;Est_Gen_Nudo;Est_Alm_Nudo;Est_Alm_Nudo;400;;400;400;637;637;713;713;Concurso por resolución SEE. ;0;0;0;0;0;0;0;0;64;64;0;0;64;64;Concurso;;;;;;;;;;;;;;;;
SS.REYES (SS.REYES B) 220;50582;Comunidad de Madrid;;;;;785; W13_SEPE_BIN ;  ;785;1.162;E131_SEPE, E162_SEPE_Bin;1.162;1.297;E131_SEPE, E162_SEPE_Bin;1.297;2.463; D77_SEPE_Bin ;763;1.989;0;0;0;0;0;0;0;0;0;0;0;0;0;0;1.162;785;1.297;785;Est_Gen_Nudo/Est_Gen_Zona;WSCR_Nudo;Est_Alm_Nudo/Est_Alm_Zona;WSCR_Nudo;0;;0;0;1.162;785;1.297;785;Sin posibilidad de conexión. Margen zonal reservado concurso por resolución SEE/posible concurso/NTJ. ;0;0;0;0;0;0;0;0;0;0;0;0;0;0;;;;;;;;;;;;;;;;;
SUBIRATS 220;50583;Cataluña;;;2;;489; N/A ;  ;402;475;N/A;401;531;N/A;437;822; N/A ;N/A;728;94;0;87;7;94;74;20;0;0;0;0;0;0;0;401;401;437;402;Est_Gen_Nudo;Est_Gen_Nudo;Est_Alm_Nudo;WSCR_Nudo;0;;0;0;0;0;0;0;;0;0;401;401;0;0;437;402;0;0;0;0;0;0;;;;;;;;;;;;;;;;;
SUIDO 220;50584;Galicia;3;;;;414; N/A ;  ;240;762;E328_SEPE;587;812;E328_SEPE;637;891; N/A ;N/A;716;175;0;175;0;175;175;0;0;0;0;0;0;0;0;587;240;637;240;Est_Gen_Nudo;WSCR_Nudo;Est_Alm_Nudo;WSCR_Nudo;1.200;;0;0;587;240;637;240;Margen zonal reservado concurso por resolución SEE/posible concurso/NTJ. ;0;0;0;0;0;0;0;0;0;0;0;0;0;0;;;;;;;;;;;;;;;;;
TABARA 400;50762;Castilla y León;;1;;;728; N/A ;  ;412;1.954;N/A;1.639;2.186;N/A;1.871;1.183; N/A ;1.183;868;316;0;316;0;316;316;0;0;0;0;0;0;0;0;868;412;868;412;D_Nudo;WSCR_Nudo;D_Nudo;WSCR_Nudo;600;;284;284;868;412;868;412;Concurso por resolución SEE. ;0;0;0;0;0;0;0;0;87;41;0;0;87;41;Concurso;;;;;;;;;;;;;;;;
TABERNAS 400;50585;Andalucía;1;;;;956; N/A ;  ;141;1.934;E46_SEPE;998;2.206;E46_SEPE;1.295;607; N/A ;607;0;815;0;815;0;815;815;0;0;0;0;0;0;0;0;0;0;0;0;D_Nudo;D_Nudo;D_Nudo;D_Nudo;600;SI;0;0;0;0;0;0;;0;0;0;0;0;0;0;0;0;0;0;0;0;0;Concurso;;;;;;;;;;;;;;;;
TABERNAS 220;50585;Andalucía;1;;;;400; N/A ;  ;154;853;E46_SEPE;608;876;E46_SEPE;631;896; N/A ;N/A;651;245;0;245;0;245;245;0;0;0;0;0;0;0;0;608;154;631;154;Est_Gen_Nudo;WSCR_Nudo;Est_Alm_Nudo;WSCR_Nudo;400;;155;154;608;154;631;154;Concurso por resolución SEE. Margen zonal reservado concurso por resolución SEE/posible concurso/NTJ. ;0;0;0;0;0;0;0;0;61;15;0;0;61;15;Concurso;;;;;;;;;;;;;;;;
TABESCAN 220;50586;Cataluña;2;;;;88; N/A ;  ;88;190;E209_SEPE, E30_SEPE;0;230;E209_SEPE, E30_SEPE;0;1.181; D11_SEPE ;N/A;264;0;0;0;0;0;0;0;0;0;0;0;0;0;0;0;0;0;0;Est_Gen_Zona;Est_Gen_Zona;Est_Alm_Zona;Est_Alm_Zona;800;;0;0;0;0;0;0;;0;0;0;0;0;0;0;0;0;0;0;0;0;0;;;;;;;;;;;;;;;;;
TABIELLA 220;50587;Principado de Asturias;;;6;;517; N/A ;  ;417;1.740;E321_SEPE;1.387;1.776;E321_SEPE;1.387;1.257; N/A ;N/A;868;389;12;100;277;377;133;257;150;0;0;150;150;0;150;868;417;868;417;D_Nudo;WSCR_Nudo;D_Nudo;WSCR_Nudo;0;;0;0;868;417;868;417;Concurso por resolución SEE. ;0;0;0;0;0;0;0;0;87;42;0;0;87;42;Concurso;;;;;;;;;;;;;;;;
TACORONTE 66;50588;Canarias;;;2;;78; N/A ;  ;29;110;N/A;64;112;N/A;64;57; N/A ;N/A;9;48;0;48;0;48;30;18;0;0;0;0;0;0;0;9;9;9;9;D_Nudo;D_Nudo;D_Nudo;D_Nudo;#¡VALOR!;;9;9;0;0;0;0;;0;0;9;9;0;0;9;9;0;0;0;0;0;0;;;;;;;;;;;;;;;;;
TAFALLA 220;50589;Comunidad Foral de Navarra;1;1;2;;305; N/A ;  ;36;892;E196_SEPE, E251_SEPE;0;1.004;E196_SEPE, E251_SEPE;22;1.185; N/A ;N/A;848;337;49;269;19;289;337;0;554;0;537;17;554;12;542;0;0;22;22;Est_Gen_Zona;Est_Gen_Zona;Est_Alm_Zona;Est_Alm_Zona;800;;0;0;0;0;0;0;;0;0;0;0;0;0;22;22;0;0;0;0;0;0;;;;;;;;;;;;;;;;;
TAGORO 66;50590;Canarias;1;1;;;72; N/A ;  ;29;201;E10_SEC;0;205;E10_SEC;0;14; N/A ;N/A;0;43;0;43;0;43;43;0;0;0;0;0;0;0;0;0;0;0;0;Est_Gen_Zona/D_Nudo;Est_Gen_Zona/D_Nudo;Est_Alm_Zona/D_Nudo;Est_Alm_Zona/D_Nudo;#¡VALOR!;;0;0;0;0;0;0;;0;0;0;0;0;0;0;0;0;0;0;0;0;0;;;;;;;;;;;;;;;;;
TAJO ENCANTADA 400;50591;Andalucía;;1;;;989; N/A ;  ;530;2.370;E56_SEPE;1.144;2.892;E56_SEPE;1.229;647; N/A ;647;188;459;0;459;0;459;459;0;0;0;0;0;0;0;0;188;188;188;188;D_Nudo;D_Nudo;D_Nudo;D_Nudo;600;;141;141;188;188;188;188;Concurso por resolución SEE. ;0;0;0;0;0;0;0;0;19;19;0;0;19;19;Concurso;;;;;;;;;;;;;;;;
TAJO ENCANTADA 220;50591;Andalucía;5;;;;600; N/A ;  ;66;1.386;E56_SEPE;325;1.530;E56_SEPE;325;2.903; N/A ;1.203;1.698;1.204;360;533;311;844;767;438;611;100;314;197;511;371;240;325;66;325;66;Est_Gen_Nudo;WSCR_Nudo;Est_Alm_Nudo;WSCR_Nudo;2.000;;325;66;0;0;0;0;;325;66;0;0;325;66;0;0;0;0;0;0;0;0;;;;;;;;;;;;;;;;;
TALAVERA 220;50592;Castilla-La Mancha;;;2;;376; N/A ;  ;290;700;N/A;279;958;N/A;537;2.446; N/A ;1.223;2.025;421;208;86;127;213;421;0;4;0;0;4;4;4;0;279;279;537;290;Est_Gen_Nudo;Est_Gen_Nudo;Est_Alm_Nudo;WSCR_Nudo;0;SI;0;0;279;279;537;290;Concurso por resolución SEE. Limitación de capacidad por posición;0;0;0;0;0;0;0;0;28;28;0;0;28;28;Concurso;;;;;;;;;;;;;;;;
TAMBRE 220;50593;Galicia;;;1;;146; N/A ;  ;97;267;E3_SEPE, E330_SEPE;0;279;E3_SEPE, E330_SEPE;0;1.300; D8_SEPE ;N/A;674;386;196;49;142;191;386;0;0;0;0;0;0;0;0;0;0;0;0;Est_Gen_Nudo/Est_Gen_Zona;Est_Gen_Nudo/Est_Gen_Zona;Est_Alm_Nudo/Est_Alm_Zona;Est_Alm_Nudo/Est_Alm_Zona;0;;0;0;0;0;0;0;;0;0;0;0;0;0;0;0;0;0;0;0;0;0;;;;;;;;;;;;;;;;;
TANGER CATALUÑA 220;50594;Cataluña;;;4;;67; N/A ;  ;67;652;E289_SEPE;652;664;E289_SEPE;664;820; N/A ;N/A;820;0;0;0;0;0;0;0;0;0;0;0;0;0;0;652;67;664;67;Est_Gen_Nudo;WSCR_Nudo;Est_Alm_Nudo;WSCR_Nudo;0;;0;0;0;0;0;0;;0;0;652;67;0;0;664;67;0;0;0;0;0;0;;;;;;;;;;;;;;;;;
TARRAGONA 220;50595;Cataluña;2;;4;;275; N/A ;  ;260;998;E27_SEPE;790;1.051;E27_SEPE;813;807; D25_SEPE ;N/A;569;223;52;15;156;171;208;15;51;0;51;0;51;51;0;569;260;569;260;D_Zona;WSCR_Nudo;D_Zona;WSCR_Nudo;800;;569;260;569;260;569;260;Concurso por resolución SEE. ;0;0;0;0;0;0;0;0;57;26;0;0;57;26;Concurso;;;;;;;;;;;;;;;;
TELDE 66;50596;Canarias;;1;2;;38; N/A ;  ;30;63;N/A;27;82;N/A;45;58; N/A ;N/A;22;36;0;9;28;36;36;0;26;0;26;0;26;26;0;22;22;22;22;D_Nudo;D_Nudo;D_Nudo;D_Nudo;#¡VALOR!;;22;22;0;0;0;0;;22;22;22;22;22;22;22;22;0;0;0;0;0;0;;;;;;;;;;;;;;;;;
TELLEDO 220;50597;Principado de Asturias;;;1;;253; N/A ;  ;238;226;E177_SEPE;169;262;E177_SEPE;169;1.296; N/A ;N/A;1.273;23;8;15;0;15;8;15;0;0;0;0;0;0;0;169;169;169;169;Est_Gen_Zona;Est_Gen_Zona;Est_Alm_Zona;Est_Alm_Zona;0;;0;0;0;0;0;0;;0;0;169;169;0;0;169;169;0;0;0;0;0;0;;;;;;;;;;;;;;;;;
TERRER 400;50598;Aragón;;1;;;667; N/A ;  ;303;1.960;N/A;1.504;2.507;N/A;2.051;1.251; N/A ;1.251;795;457;0;364;93;457;457;0;0;0;0;0;0;0;0;795;303;795;303;D_Nudo;WSCR_Nudo;D_Nudo;WSCR_Nudo;600;;144;144;795;303;795;303;Concurso por resolución SEE. ;0;0;0;0;0;0;0;0;79;30;0;0;79;30;Concurso;;;;;;;;;;;;;;;;
TIAS 132;50764;Canarias;;;;;48; N/A ;  ;48;143;E28_SEC;143;168;E28_SEC;168;23; N/A ;N/A;23;0;0;0;0;0;0;0;0;0;0;0;0;0;0;23;23;23;23;D_Nudo;D_Nudo;D_Nudo;D_Nudo;#¡VALOR!;;23;23;23;23;23;23;Sin posibilidad de conexión. ;0;0;0;0;0;0;0;0;0;0;0;0;0;0;;;;;;;;;;;;;;;;;
TIAS 66;50764;Canarias;;;;;29; N/A ;  ;29;172;E28_SEC;172;190;E28_SEC;190;17; N/A ;N/A;17;0;0;0;0;0;0;0;0;0;0;0;0;0;0;17;17;17;17;D_Nudo;D_Nudo;D_Nudo;D_Nudo;#¡VALOR!;;17;17;17;17;17;17;Sin posibilidad de conexión. ;0;0;0;0;0;0;0;0;0;0;0;0;0;0;;;;;;;;;;;;;;;;;
TIBO 220;50600;Galicia;;1;3;;365; N/A ;  ;250;474;E245_SEPE;193;733;E245_SEPE;447;1.300; N/A ;N/A;1.014;286;77;115;94;209;281;5;351;0;326;25;351;201;150;193;193;447;250;Est_Gen_Nudo;Est_Gen_Nudo;Est_Alm_Nudo;WSCR_Nudo;400;;193;193;193;193;447;250;Concurso por resolución SEE. Margen zonal reservado concurso por resolución SEE/posible concurso/NTJ. ;0;0;0;0;0;0;0;0;19;19;0;0;19;19;Concurso;;;;;;;;;;;;;;;;
TIERRA DE CAMPOS 400;52067;Castilla y León;;1;;;651; N/A ;  ;651;1.239;N/A;1.239;1.509;N/A;1.509;973; N/A ;973;973;0;0;0;0;0;0;0;97;0;97;0;97;97;0;973;651;973;651;D_Nudo;WSCR_Nudo;D_Nudo;WSCR_Nudo;600;;600;600;973;651;973;651;Concurso por resolución SEE. ;0;0;0;0;0;0;0;0;97;65;0;0;97;65;Concurso;;;;;;;;;;;;;;;;
TIERRA ESTELLA 220;52080;Comunidad Foral de Navarra;;;;1;82; N/A ;  ;82;759;E251_SEPE, E270_SEPE;0;1.071;E251_SEPE, E270_SEPE;22;1.200; D58_SEPE ;N/A;972;0;0;0;0;0;0;0;22;0;0;22;22;0;22;0;0;22;22;Est_Gen_Zona;Est_Gen_Zona;Est_Alm_Zona;Est_Alm_Zona;0;;0;0;0;0;0;0;;0;0;0;0;0;0;22;22;0;0;0;0;0;0;;;;;;;;;;;;;;;;;
TOMEZA 220;50765;Galicia;;1;;1;94; N/A ;  ;94;257;E245_SEPE, E4_SEPE;257;506;E245_SEPE, E4_SEPE;502;1.283; D21_SEPE ;N/A;1.262;0;0;0;0;0;0;0;199;0;199;0;199;99;100;257;94;502;94;Est_Gen_Nudo;WSCR_Nudo;Est_Alm_Zona;WSCR_Nudo;400;;257;94;257;94;502;94;Concurso por resolución SEE. Margen zonal reservado concurso por resolución SEE/posible concurso/NTJ. ;0;0;0;0;0;0;0;0;23;9;0;0;23;9;Concurso;;;;;;;;;;;;;;;;
TORDESILLAS 400;50601;Castilla y León;;1;;;1.639; N/A ;  ;884;3.618;N/A;2.863;4.572;N/A;3.817;0; N/A ;N/A;0;755;0;755;0;755;755;0;0;0;0;0;0;0;0;0;0;0;0;D_Nudo;D_Nudo;D_Nudo;D_Nudo;600;SI;0;0;0;0;0;0;;0;0;0;0;0;0;0;0;0;0;0;0;0;0;;;;;;;;;;;;;;;;;
TORDESILLAS 220;50601;Castilla y León;1;;2;;198; N/A ;  ;0;937;E15_SEPE;0;1.013;E15_SEPE;122;1.225; D64_SEPE ;N/A;275;455;6;413;36;449;455;0;201;0;201;0;201;201;0;0;0;122;0;Est_Gen_Zona;WSCR_Nudo/Est_Gen_Zona;Est_Alm_Zona;WSCR_Nudo;400;;0;0;0;0;0;0;;0;0;0;0;0;0;122;0;0;0;0;0;0;0;;;;;;;;;;;;;;;;;
TORREARENILLAS 220;50602;Andalucía;;;3;;646; N/A ;  ;518;1.057;N/A;827;1.477;N/A;1.247;2.711; N/A ;1.011;2.481;230;102;128;0;128;230;0;0;0;0;0;0;0;0;827;518;1.247;518;Est_Gen_Nudo;WSCR_Nudo;Est_Alm_Nudo;WSCR_Nudo;0;;0;0;827;518;1.247;518;Concurso por resolución SEE. ;0;0;0;0;0;0;0;0;82;51;0;0;82;51;Concurso;;;;;;;;;;;;;;;;
TORREJON 220;50603;Extremadura;4;;;;295; N/A ;  ;295;285;N/A;182;312;N/A;182;1.192; N/A ;N/A;1.063;130;130;0;0;0;0;130;0;0;0;0;0;0;0;182;182;182;182;Est_Gen_Nudo;Est_Gen_Nudo;Est_Alm_Nudo;Est_Alm_Nudo;1.600;;182;182;182;182;182;182;Concurso por resolución SEE. ;0;0;0;0;0;0;0;0;18;18;0;0;18;18;Concurso;;;;;;;;;;;;;;;;
TORREJON DE VELASCO 400;50766;Comunidad de Madrid;;2;;;1.174; N/A ;  ;963;1.249;N/A;1.038;1.485;N/A;1.274;635; N/A ;318;424;211;0;211;0;211;211;0;0;0;0;0;0;0;0;424;424;424;424;D_Nudo;D_Nudo;D_Nudo;D_Nudo;1.200;;424;424;424;424;424;424;Concurso por resolución SEE. ;0;0;0;0;0;0;0;0;42;42;0;0;42;42;Concurso;;;;;;;;;;;;;;;;
TORRELLANO 220;50604;Comunidad Valenciana;;1;;;128; N/A ;  ;128;1.258;E259_SEPE, E38_SEPE;1.253;1.383;E259_SEPE, E38_SEPE;1.378;634; D63_SEPE ;N/A;629;0;0;0;0;0;0;0;0;0;0;0;0;0;0;629;128;629;128;D_Zona;WSCR_Nudo;D_Zona;WSCR_Nudo;400;;400;128;629;128;629;128;Concurso por resolución SEE. Margen zonal reservado concurso por resolución SEE/posible concurso/NTJ. ;0;0;0;0;0;0;0;0;63;13;0;0;63;13;Concurso;;;;;;;;;;;;;;;;
TORREMENDO 400;50767;Comunidad Valenciana;;1;;;781; N/A ;  ;781;2.598;N/A;2.598;2.841;N/A;2.841;115; N/A ;115;115;0;0;0;0;0;0;0;0;0;0;0;0;0;0;115;115;115;115;D_Nudo;D_Nudo;D_Nudo;D_Nudo;600;;115;115;115;115;115;115;Concurso por resolución SEE. ;0;0;0;0;0;0;0;0;11;11;0;0;11;11;Concurso;;;;;;;;;;;;;;;;
TORRENT 132;50605;Islas Baleares;;;;;4; N/A ; Riesgo interacciones ;4;234;E28_SEB;226;251;E28_SEB;237;224; N/A ;N/A;224;0;0;0;0;0;0;0;0;0;0;0;0;0;0;224;4;224;4;D_Nudo;WSCR_Nudo;D_Nudo;WSCR_Nudo;#¡VALOR!;;224;4;224;4;224;4;Sin posibilidad de conexión. ;0;0;0;0;0;0;0;0;0;0;0;0;0;0;;;;;;;;;;;;;;;;;
TORRENT 66;50605;Islas Baleares;;;2;;3; N/A ; Riesgo interacciones ;3;173;E28_SEB;170;175;E28_SEB;172;220; N/A ;N/A;216;5;2;0;3;3;5;0;0;0;0;0;0;0;0;170;3;172;3;Est_Gen_Nudo;WSCR_Nudo;Est_Alm_Nudo;WSCR_Nudo;#¡VALOR!;;170;3;0;0;0;0;;0;0;170;3;0;0;172;3;0;0;0;0;0;0;;;;;;;;;;;;;;;;;
TORRENTE 400;50606;Comunidad Valenciana;;;1;;927; N/A ;  ;927;2.346;E108_SEPE;1.955;3.013;E108_SEPE;2.622;61; N/A ;61;0;157;19;0;137;137;157;0;0;0;0;0;0;0;0;0;0;0;0;D_Nudo;D_Nudo;D_Nudo;D_Nudo;0;;0;0;0;0;0;0;;0;0;0;0;0;0;0;0;0;0;0;0;0;0;;;;;;;;;;;;;;;;;
TORRENTE 220;50606;Comunidad Valenciana;;;3;;768; N/A ;  ;768;1.347;E108_SEPE, E340_SEPE;1.112;1.730;E108_SEPE, E340_SEPE;1.223;560; N/A ;N/A;325;235;3;0;231;231;235;0;54;0;0;54;54;34;20;325;325;325;325;D_Nudo;D_Nudo;D_Nudo;D_Nudo;0;;0;0;325;325;325;325;Concurso por resolución SEE. Margen zonal reservado concurso por resolución SEE/posible concurso/NTJ. ;0;0;0;0;0;0;0;0;33;33;0;0;33;33;Concurso;;;;;;;;;;;;;;;;
TORRES DE SEGRE 220;50607;Cataluña;;;;;376; N/A ;  ;376;120;E204_SEPE;0;182;E204_SEPE;0;1.188; N/A ;N/A;1.188;0;0;0;0;0;0;0;0;0;0;0;0;0;0;0;0;0;0;Est_Gen_Zona;Est_Gen_Zona;Est_Alm_Zona;Est_Alm_Zona;0;;0;0;0;0;0;0;;0;0;0;0;0;0;0;0;0;0;0;0;0;0;;;;;;;;;;;;;;;;;
TORREVIEJA 220;50768;Comunidad Valenciana;;;2;;199; N/A ;  ;199;939;E273_SEPE;939;958;E273_SEPE;958;469; D49_SEPE ;N/A;451;0;0;0;0;0;0;0;0;0;0;0;0;0;0;451;199;451;199;D_Zona;WSCR_Nudo;D_Zona;WSCR_Nudo;0;;0;0;451;199;451;199;Concurso por resolución SEE. Margen zonal reservado concurso por resolución SEE/posible concurso/NTJ. ;0;0;0;0;0;0;0;0;45;20;0;0;45;20;Concurso;;;;;;;;;;;;;;;;
TORRIJOS 220;50608;Castilla-La Mancha;;1;1;1;237; N/A ;  ;40;434;E212_SEPE;237;597;E212_SEPE;384;1.241; N/A ;N/A;1.044;197;0;197;0;197;197;0;124;0;0;124;124;124;0;237;40;384;40;Est_Gen_Nudo;WSCR_Nudo;Est_Alm_Zona;WSCR_Nudo;400;;237;40;237;40;384;40;Concurso por resolución SEE. Margen zonal reservado concurso por resolución SEE/posible concurso/NTJ. ;0;0;0;0;0;0;0;0;24;4;0;0;24;4;Concurso;;;;;;;;;;;;;;;;
TOTANA 400;50609;Región de Murcia;;1;1;;452; N/A ;  ;55;2.766;N/A;2.280;2.945;N/A;2.458;858; N/A ;429;371;487;55;397;35;432;487;0;169;0;0;169;169;169;0;371;55;371;55;D_Nudo;WSCR_Nudo;D_Nudo;WSCR_Nudo;600;;280;55;371;55;371;55;Concurso por resolución SEE. ;0;0;0;0;0;0;0;0;37;6;0;0;37;6;Concurso;;;;;;;;;;;;;;;;
TRANSBADALONA 220;50769;Cataluña;;;;;70; N/A ; Superación valor máx Icc ;70;707;E32_SEPE;707;719;E32_SEPE;719;815; D71_SEPE ;N/A;815;0;0;0;0;0;0;0;0;0;0;0;0;0;0;707;70;719;70;Est_Gen_Nudo/Est_Gen_Zona;WSCR_Nudo;Est_Alm_Nudo/Est_Alm_Zona;WSCR_Nudo;0;;0;0;707;70;719;70;Sin posibilidad de conexión. ;0;0;0;0;0;0;0;0;0;0;0;0;0;0;;;;;;;;;;;;;;;;;
TRES CANTOS 220;50610;Comunidad de Madrid;;;2;;328; N/A ;  ;326;754;E345_SEPE;465;874;E345_SEPE;584;861; D74_SEPE ;N/A;571;124;46;2;77;79;124;0;25;0;0;25;25;25;0;465;326;571;326;Est_Gen_Zona;WSCR_Nudo;D_Zona;WSCR_Nudo;0;;0;0;465;326;571;326;Margen zonal reservado concurso por resolución SEE/posible concurso/NTJ. ;0;0;0;0;0;0;0;0;0;0;0;0;0;0;;;;;;;;;;;;;;;;;
TRES CANTOS GIS 220;50611;Comunidad de Madrid;;1;3;;409; N/A ;  ;244;754;E345_SEPE;465;874;E345_SEPE;584;861; D74_SEPE ;N/A;571;165;0;165;0;165;165;0;75;0;75;0;75;75;0;465;244;571;244;Est_Gen_Zona;WSCR_Nudo;D_Zona;WSCR_Nudo;400;;235;235;465;244;571;244;Concurso por resolución SEE. ;0;0;0;0;0;0;0;0;46;24;0;0;46;24;Concurso;;;;;;;;;;;;;;;;
TREVAGO 220;50612;Castilla y León;2;1;;;356; N/A ;  ;0;586;E338_SEPE;227;634;E338_SEPE;275;1.170; N/A ;N/A;811;359;0;359;0;359;359;0;167;25;0;142;142;142;25;227;0;275;0;Est_Gen_Nudo;WSCR_Nudo;Est_Alm_Nudo;WSCR_Nudo;1.200;;81;0;146;0;195;0;Margen zonal reservado concurso por resolución SEE/posible concurso/NTJ. ;81;0;0;0;81;0;0;0;0;0;0;0;0;0;;;;;;;;;;;;;;;;;
TRILLO 400;50613;Castilla-La Mancha;1;1;;;1.505; N/A ;  ;835;3.160;N/A;1.488;4.730;N/A;3.057;463; N/A ;232;0;1.673;1.003;669;0;669;1.673;0;0;0;0;0;0;0;0;0;0;0;0;D_Nudo;D_Nudo;D_Nudo;D_Nudo;1.200;SI;0;0;0;0;0;0;;0;0;0;0;0;0;0;0;0;0;0;0;0;0;;;;;;;;;;;;;;;;;
TRILLO 220;50613;Castilla-La Mancha;;;2;;28; N/A ;  ;28;410;E44_SEPE;410;410;E44_SEPE;410;374; D54_SEPE ;N/A;0;0;0;0;0;0;0;0;0;0;0;0;0;0;0;0;0;0;0;D_Zona;D_Zona;D_Zona;D_Zona;0;;0;0;0;0;0;0;;0;0;0;0;0;0;0;0;0;0;0;0;0;0;;;;;;;;;;;;;;;;;
TRINITAT 220;50614;Cataluña;;;3;;136; N/A ;  ;116;1.053;N/A;1.044;1.173;N/A;1.145;803; N/A ;N/A;774;29;9;20;0;20;9;20;0;0;0;0;0;0;0;774;116;774;116;D_Nudo;WSCR_Nudo;D_Nudo;WSCR_Nudo;0;;0;0;0;0;0;0;;0;0;774;116;0;0;774;116;0;0;0;0;0;0;;;;;;;;;;;;;;;;;
TRIVES 400;50615;Galicia;;;;;1.041; N/A ;  ;1.041;2.507;E118_SEPE;2.180;3.084;E118_SEPE;2.760;245; N/A ;N/A;236;9;4;0;5;5;9;0;0;0;0;0;0;0;0;236;236;236;236;D_Nudo;D_Nudo;D_Nudo;D_Nudo;0;;0;0;236;236;236;236;Sin posibilidad de conexión. Margen zonal reservado concurso por resolución SEE/posible concurso/NTJ. ;0;0;0;0;0;0;0;0;0;0;0;0;0;0;;;;;;;;;;;;;;;;;
TRIVES 220;50615;Galicia;;1;2;;600; N/A ;  ;308;1.596;E118_SEPE;1.278;1.821;E118_SEPE;1.503;617; N/A ;N/A;298;318;0;292;27;318;318;0;0;0;0;0;0;0;0;298;298;298;298;D_Nudo;D_Nudo;D_Nudo;D_Nudo;400;;108;108;298;298;298;298;Concurso por resolución SEE. ;0;0;0;0;0;0;0;0;30;30;0;0;30;30;Concurso;;;;;;;;;;;;;;;;
TRUJILLO 220;50616;Extremadura;1;;1;1;313; N/A ;  ;108;963;N/A;731;1.268;N/A;1.037;1.092; N/A ;N/A;860;232;8;205;19;224;232;0;19;0;19;0;19;19;0;731;108;860;108;Est_Gen_Nudo;WSCR_Nudo;D_Nudo;WSCR_Nudo;400;;226;108;731;108;860;108;Concurso por resolución SEE. ;0;0;0;0;0;0;0;0;73;11;0;0;73;11;Concurso;;;;;;;;;;;;;;;;
TUDELA 220;50617;Comunidad Foral de Navarra;;1;2;;413; N/A ;  ;281;765;N/A;550;936;N/A;721;1.220; N/A ;N/A;1.005;215;14;132;69;201;215;0;105;0;0;105;105;95;10;550;281;721;281;Est_Gen_Nudo;WSCR_Nudo;Est_Alm_Nudo;WSCR_Nudo;400;;300;281;550;281;721;281;Concurso por resolución SEE. ;0;0;0;0;0;0;0;0;53;26;0;0;53;26;Concurso;;;;;;;;;;;;;;;;
UNINSA 220;50619;Principado de Asturias;;;;;61; N/A ;  ;61;835;E7_SEPE;835;847;E7_SEPE;847;1.260; D34_SEPE ;N/A;484;0;0;0;0;0;0;0;0;0;0;0;0;0;0;484;61;484;61;D_Zona;WSCR_Nudo;D_Zona;WSCR_Nudo;0;;0;0;484;61;484;61;Sin posibilidad de conexión. Margen zonal reservado concurso por resolución SEE/posible concurso/NTJ. ;0;0;0;0;0;0;0;0;0;0;0;0;0;0;;;;;;;;;;;;;;;;;
URGELL 220;50620;Cataluña;;;4;;352; N/A ;  ;352;643;E31_SEPE;643;727;E31_SEPE;727;814; D28_SEPE ;N/A;814;0;0;0;0;0;0;0;0;0;0;0;0;0;0;643;352;727;352;Est_Gen_Nudo/Est_Gen_Zona;WSCR_Nudo;Est_Alm_Nudo;WSCR_Nudo;0;;0;0;0;0;0;0;;0;0;643;352;0;0;727;352;0;0;0;0;0;0;;;;;;;;;;;;;;;;;
VAGUADAS 220;50621;Extremadura;1;;2;;468; N/A ;  ;240;450;E348_SEPE;0;471;E348_SEPE;0;1.269; N/A ;N/A;756;513;100;228;185;413;513;0;0;0;0;0;0;0;0;0;0;0;0;Est_Gen_Nudo/Est_Gen_Zona;Est_Gen_Nudo/Est_Gen_Zona;Est_Alm_Nudo/Est_Alm_Zona;Est_Alm_Nudo/Est_Alm_Zona;400;;0;0;0;0;0;0;;0;0;0;0;0;0;0;0;0;0;0;0;0;0;;;;;;;;;;;;;;;;;
VALDECABALLEROS 400;50622;Extremadura;1;;1;;1.018; N/A ;  ;367;3.672;N/A;2.439;4.251;N/A;3.018;889; N/A ;444;0;1.233;435;651;147;798;1.233;0;0;0;0;0;0;0;0;0;0;0;0;D_Nudo;D_Nudo;D_Nudo;D_Nudo;600;SI;0;0;0;0;0;0;;0;0;0;0;0;0;0;0;0;0;0;0;0;0;;;;;;;;;;;;;;;;;
VALDECARRETAS 400;50623;Castilla y León;;1;;;1.106; N/A ;  ;663;908;N/A;465;1.102;N/A;659;168; N/A ;168;0;443;0;443;0;443;443;0;0;0;0;0;0;0;0;0;0;0;0;D_Nudo;D_Nudo;D_Nudo;D_Nudo;600;;0;0;0;0;0;0;;0;0;0;0;0;0;0;0;0;0;0;0;0;0;Concurso;;;;;;;;;;;;;;;;
VALDECONEJOS 220;50770;Aragón;2;;;;454; N/A ;  ;2;729;N/A;113;740;N/A;124;1.133; N/A ;N/A;517;616;0;452;164;616;616;0;574;0;231;343;574;559;15;113;2;124;2;Est_Gen_Nudo;WSCR_Nudo;Est_Alm_Nudo;WSCR_Nudo;800;;113;2;0;0;11;0;;113;2;0;0;113;2;0;0;0;0;0;0;0;0;;;;;;;;;;;;;;;;;
VALDEMORO 220;50624;Comunidad de Madrid;;1;3;;586; N/A ;  ;394;621;E215_SEPE;0;856;E215_SEPE;14;1.172; N/A ;N/A;715;457;117;191;149;340;457;0;0;0;0;0;0;0;0;0;0;14;14;Est_Gen_Zona;Est_Gen_Zona;Est_Alm_Zona;Est_Alm_Zona;400;;0;0;0;0;0;0;;0;0;0;0;0;0;14;14;0;0;0;0;0;0;;;;;;;;;;;;;;;;;
VALL D'UXO 220;50625;Comunidad Valenciana;;1;1;;193; N/A ;  ;24;563;E183_SEPE, E35_SEPE;74;679;E183_SEPE, E35_SEPE;74;1.076; D65_SEPE ;N/A;704;172;2;170;0;170;7;165;120;0;120;0;120;20;100;74;24;74;24;Est_Gen_Zona;WSCR_Nudo;Est_Alm_Zona;WSCR_Nudo;400;;0;0;74;24;74;24;Margen zonal reservado concurso por resolución SEE/posible concurso/NTJ. ;0;0;0;0;0;0;0;0;0;0;0;0;0;0;;;;;;;;;;;;;;;;;
VALLADOLID NUEVO 220;50626;Castilla y León;;1;3;;504; N/A ;  ;255;357;N/A;108;448;N/A;199;1.147; N/A ;N/A;898;249;0;249;0;249;249;0;0;0;0;0;0;0;0;108;108;199;199;Est_Gen_Nudo;Est_Gen_Nudo;Est_Alm_Nudo;Est_Alm_Nudo;400;;108;108;108;108;199;199;Concurso por resolución SEE. ;0;0;0;0;0;0;0;0;11;11;0;0;11;11;Concurso;;;;;;;;;;;;;;;;
VALLDIGNA 220;50627;Comunidad Valenciana;;;3;;448; N/A ;  ;448;953;E240_SEPE;948;1.120;E240_SEPE;1.115;322; D39_SEPE ;N/A;226;5;5;0;0;0;5;0;0;0;0;0;0;0;0;226;226;226;226;D_Zona;D_Zona;D_Zona;D_Zona;0;;0;0;226;226;226;226;Concurso por resolución SEE. Margen zonal reservado concurso por resolución SEE/posible concurso/NTJ. ;0;0;0;0;0;0;0;0;23;23;0;0;23;23;Concurso;;;;;;;;;;;;;;;;
VALLDURGENT 220;50628;Islas Baleares;;;;;20; N/A ; Riesgo interacciones ;20;293;E13_SEB;293;349;E13_SEB;349;218; N/A ;N/A;218;0;0;0;0;0;0;0;0;0;0;0;0;0;0;218;20;218;20;D_Nudo;WSCR_Nudo;D_Nudo;WSCR_Nudo;0;;0;0;218;20;218;20;Sin posibilidad de conexión. ;0;0;0;0;0;0;0;0;0;0;0;0;0;0;;;;;;;;;;;;;;;;;
VALLDURGENT 66;50628;Islas Baleares;;;;;146; N/A ; Riesgo interacciones ;146;169;E13_SEB;169;202;E13_SEB;202;219; N/A ;N/A;219;0;0;0;0;0;0;0;0;0;0;0;0;0;0;169;146;202;146;Est_Gen_Nudo;WSCR_Nudo;Est_Alm_Nudo;WSCR_Nudo;#¡VALOR!;;169;146;169;146;202;146;Sin posibilidad de conexión. ;0;0;0;0;0;0;0;0;0;0;0;0;0;0;;;;;;;;;;;;;;;;;
VALLE DE ARIDANE 66;50629;Canarias;;;2;;15; N/A ;  ;15;32;N/A;31;32;N/A;31;0; N/A ;N/A;0;1;0;0;1;1;1;0;0;0;0;0;0;0;0;0;0;0;0;D_Nudo;D_Nudo;D_Nudo;D_Nudo;#¡VALOR!;;0;0;0;0;0;0;;0;0;0;0;0;0;0;0;0;0;0;0;0;0;;;;;;;;;;;;;;;;;
VALLE DEL ARCIPRESTE 220;50630;Comunidad de Madrid;;;2;;691; N/A ;  ;691;357;N/A;327;410;N/A;350;785; N/A ;N/A;725;60;0;0;60;60;30;30;12;0;0;12;12;12;0;327;327;350;350;Est_Gen_Nudo;Est_Gen_Nudo;Est_Alm_Nudo;Est_Alm_Nudo;0;;0;0;0;0;0;0;;0;0;327;327;0;0;350;350;0;0;0;0;0;0;;;;;;;;;;;;;;;;;
VALLE DEL CARCER 220;50631;Comunidad Valenciana;;1;2;;257; N/A ;  ;257;1.088;E240_SEPE;1.020;1.344;E240_SEPE;1.278;322; D39_SEPE ;N/A;226;0;0;0;0;0;0;0;0;0;0;0;0;0;0;226;226;226;226;D_Zona;D_Zona;D_Zona;D_Zona;400;;226;226;226;226;226;226;Concurso por resolución SEE. Margen zonal reservado concurso por resolución SEE/posible concurso/NTJ. ;0;0;0;0;0;0;0;0;23;23;0;0;23;23;Concurso;;;;;;;;;;;;;;;;
VALLECAS 220;50632;Comunidad de Madrid;;1;5;;126; N/A ;  ;125;380;E43_SEPE;1;488;E43_SEPE;81;374; D54_SEPE ;N/A;0;40;36;1;3;4;40;0;0;0;0;0;0;0;0;0;0;0;0;D_Zona;D_Zona;D_Zona;D_Zona;400;;0;0;0;0;0;0;;0;0;0;0;0;0;0;0;0;0;0;0;0;0;;;;;;;;;;;;;;;;;
VALLEJERA 220;50633;Castilla y León;1;;;;360; N/A ;  ;46;629;N/A;315;711;N/A;397;1.205; N/A ;N/A;891;314;0;314;0;314;314;0;1.394;0;1.013;381;1.394;1.176;218;315;46;397;46;Est_Gen_Nudo;WSCR_Nudo;Est_Alm_Nudo;WSCR_Nudo;400;;86;46;229;0;311;0;;86;46;0;0;86;46;0;0;0;0;0;0;0;0;;;;;;;;;;;;;;;;;
VALLITOS 220;50634;Canarias;;1;;;126; N/A ;  ;126;278;E17_SEC;278;340;E17_SEC;340;8; N/A ;N/A;8;0;0;0;0;0;0;0;0;0;0;0;0;0;0;8;8;8;8;D_Nudo;D_Nudo;D_Nudo;D_Nudo;400;;8;8;0;0;0;0;;8;8;0;0;8;8;0;0;0;0;0;0;0;0;;;;;;;;;;;;;;;;;
VALLITOS 66;50634;Canarias;;;;1;46; N/A ;  ;46;200;N/A;200;237;N/A;237;57; N/A ;N/A;57;0;0;0;0;0;0;0;0;0;0;0;0;0;0;57;46;57;46;D_Nudo;WSCR_Nudo;D_Nudo;WSCR_Nudo;#¡VALOR!;;57;46;0;0;0;0;;0;0;57;46;0;0;57;46;0;0;0;0;0;0;;;;;;;;;;;;;;;;;
VALPARAISO 220;50635;Castilla y León;1;;;;267; N/A ;  ;267;575;N/A;572;639;N/A;572;1.240; N/A ;N/A;1.173;68;68;0;0;0;0;68;0;0;0;0;0;0;0;572;267;572;267;Est_Gen_Nudo;WSCR_Nudo;Est_Alm_Nudo;WSCR_Nudo;400;;333;267;572;267;572;267;Concurso por resolución SEE. ;0;0;0;0;0;0;0;0;57;27;0;0;57;27;Concurso;;;;;;;;;;;;;;;;
VANDELLOS 400;50636;Cataluña;4;1;1;;1.261; N/A ;  ;1.168;2.881;N/A;740;3.943;N/A;1.802;516; N/A ;N/A;0;2.140;1.895;93;152;245;2.140;0;5;0;0;5;5;5;0;0;0;0;0;D_Nudo;D_Nudo;D_Nudo;D_Nudo;3.000;;0;0;0;0;0;0;;0;0;0;0;0;0;0;0;0;0;0;0;0;0;;;;;;;;;;;;;;;;;
VANDELLOS CN 220;50637;Cataluña;;;;;9; N/A ;  ;9;100;E29_SEPE;0;110;E29_SEPE;36;1.300; D20_SEPE ;N/A;690;0;0;0;0;0;0;0;0;0;0;0;0;0;0;0;0;36;9;Est_Gen_Zona;Est_Gen_Zona;Est_Alm_Zona;WSCR_Nudo;0;;0;0;0;0;36;9;Sin posibilidad de conexión. ;0;0;0;0;0;0;0;0;0;0;0;0;0;0;;;;;;;;;;;;;;;;;
VELILLA 400;50638;Castilla y León;1;2;;;1.292; N/A ;  ;884;2.034;E337_SEPE;1.621;2.551;E337_SEPE;1.994;545; N/A ;N/A;0;557;149;408;0;408;413;144;144;144;0;0;0;0;144;490;490;490;490;D_Nudo;D_Nudo;D_Nudo;D_Nudo;1.800;;0;0;490;490;490;490;Nudo de Transición Justa. Margen zonal reservado concurso por resolución SEE/posible concurso/NTJ. ;0;0;0;0;0;0;0;0;0;0;0;0;0;0;NTJ;;;;;;;;;;;;;;;;
VELLE 220;50639;Galicia;2;;2;;369; N/A ;  ;369;499;E174_SEPE;406;562;E174_SEPE;457;1.272; N/A ;N/A;1.167;105;93;0;12;12;93;12;0;0;0;0;0;0;0;406;369;457;369;Est_Gen_Nudo;WSCR_Nudo;Est_Alm_Nudo;WSCR_Nudo;800;;406;369;406;369;457;369;Concurso por resolución SEE. Margen zonal reservado concurso por resolución SEE/posible concurso/NTJ. ;0;0;0;0;0;0;0;0;41;37;0;0;41;37;Concurso;;;;;;;;;;;;;;;;
VENTA INES 220;50640;Castilla-La Mancha;;;;;237; N/A ;  ;237;419;E191_SEPE;419;518;E191_SEPE;518;1.261; N/A ;N/A;1.261;0;0;0;0;0;0;0;0;0;0;0;0;0;0;419;237;518;237;Est_Gen_Nudo;WSCR_Nudo;Est_Alm_Nudo;WSCR_Nudo;0;;0;0;419;237;518;237;Sin posibilidad de conexión. ;0;0;0;0;0;0;0;0;0;0;0;0;0;0;;;;;;;;;;;;;;;;;
VENTAS DEL BATAN 220;50642;Comunidad de Madrid;;1;8;;953; N/A ;  ;953;1.174;N/A;1.174;1.237;N/A;1.237;695; N/A ;N/A;695;0;0;0;0;0;0;0;10;0;0;10;10;0;10;695;695;695;695;D_Nudo;D_Nudo;D_Nudo;D_Nudo;400;;400;400;695;695;695;695;Concurso por resolución SEE. ;0;0;0;0;0;0;0;0;69;69;0;0;69;69;Concurso;;;;;;;;;;;;;;;;
VENTILLA 220;51332;Andalucía;;;;1;227; N/A ;  ;227;655;N/A;586;676;N/A;586;1.276; N/A ;N/A;1.186;90;0;0;90;90;6;84;0;0;0;0;0;0;0;586;227;586;227;Est_Gen_Nudo;WSCR_Nudo;Est_Alm_Nudo;WSCR_Nudo;0;;0;0;586;227;586;227;Concurso por resolución SEE. ;0;0;0;0;0;0;0;0;65;23;0;0;65;23;Concurso;;;;;;;;;;;;;;;;
VERNEDA 220;51346;Cataluña;;;;2;66; N/A ; Superación valor máx Icc ;66;926;E352_SEPE;926;948;E352_SEPE;948;820; N/A ;N/A;820;0;0;0;0;0;0;0;0;0;0;0;0;0;0;820;66;820;66;D_Nudo;WSCR_Nudo;D_Nudo;WSCR_Nudo;0;;0;0;820;66;820;66;Concurso por resolución SEE. ;0;0;0;0;0;0;0;0;82;7;0;0;82;7;Concurso;;;;;;;;;;;;;;;;
VIANA 400;51446;Galicia;;6;;;748; N/A ;  ;748;2.556;N/A;2.556;2.720;N/A;2.720;2.174; N/A ;474;2.174;0;0;0;0;0;0;0;0;0;0;0;0;0;0;2.174;748;2.174;748;D_Nudo;WSCR_Nudo;D_Nudo;WSCR_Nudo;3.600;;2.174;748;2.174;748;2.174;748;Concurso por resolución SEE. ;0;0;0;0;0;0;0;0;217;75;0;0;217;75;Concurso;;;;;;;;;;;;;;;;
VIC 400;50643;Cataluña;;;;;770; N/A ;  ;770;1.489;E92_SEPE;1.338;1.738;E92_SEPE;1.473;806; N/A ;N/A;806;0;0;0;0;0;0;0;0;0;0;0;0;0;0;806;770;806;770;D_Nudo;WSCR_Nudo;D_Nudo;WSCR_Nudo;0;;0;0;806;770;806;770;Sin posibilidad de conexión. Margen zonal reservado concurso por resolución SEE/posible concurso/NTJ. ;0;0;0;0;0;0;0;0;0;0;0;0;0;0;;;;;;;;;;;;;;;;;
VIC 220;50643;Cataluña;;1;8;;643; N/A ;  ;568;1.488;E92_SEPE;1.337;1.732;E92_SEPE;1.467;821; N/A ;N/A;556;265;96;74;95;169;151;114;10;0;0;10;10;0;10;556;556;556;556;D_Nudo;D_Nudo;D_Nudo;D_Nudo;400;;400;400;556;556;556;556;Concurso por resolución SEE. ;0;0;0;0;0;0;0;0;55;55;0;0;55;55;Concurso;;;;;;;;;;;;;;;;
VILADECANS 400;50644;Cataluña;;;;;968; N/A ;  ;968;598;E93_SEPE;598;785;E93_SEPE;785;2.449; N/A ;749;2.449;0;0;0;0;0;0;0;0;0;0;0;0;0;0;598;598;785;785;Est_Gen_Nudo/Est_Gen_Zona;Est_Gen_Nudo/Est_Gen_Zona;Est_Alm_Nudo/Est_Alm_Zona;Est_Alm_Nudo/Est_Alm_Zona;0;;0;0;598;598;785;785;Sin posibilidad de conexión. ;0;0;0;0;0;0;0;0;0;0;0;0;0;0;;;;;;;;;;;;;;;;;
VILADECANS 220;50644;Cataluña;;;7;;598; W14_SEPE_BIN ;  ;598;765;E156_SEPE_Bin;747;892;E156_SEPE_Bin;874;806; D89_SEPE_Bin ;N/A;787;18;12;0;6;6;18;0;0;0;0;0;0;0;0;747;598;787;598;Est_Gen_Nudo;WSCR_Nudo;D_Zona;WSCR_Nudo;0;;0;0;747;598;787;598;Concurso por resolución SEE. ;0;0;0;0;0;0;0;0;75;60;0;0;75;60;Concurso;;;;;;;;;;;;;;;;
VILADECANS (VILADECANS B) 220;50644;Cataluña;;;;;598; W14_SEPE_BIN ;  ;598;323;E156_SEPE_Bin, E93_SEPE;323;323;E156_SEPE_Bin, E93_SEPE;323;805; D89_SEPE_Bin ;N/A;787;0;0;0;0;0;0;0;0;0;0;0;0;0;0;323;323;323;323;Est_Gen_Nudo;Est_Gen_Nudo;Est_Alm_Nudo;Est_Alm_Nudo;0;;0;0;323;323;323;323;Sin posibilidad de conexión. Margen zonal reservado concurso por resolución SEE/posible concurso/NTJ. ;0;0;0;0;0;0;0;0;0;0;0;0;0;0;;;;;;;;;;;;;;;;;
VILANOVA 220;50645;Cataluña;;;5;;66; N/A ;  ;66;951;N/A;951;968;N/A;968;820; N/A ;N/A;820;0;0;0;0;0;0;0;0;0;0;0;0;0;0;820;66;820;66;D_Nudo;WSCR_Nudo;D_Nudo;WSCR_Nudo;0;;0;0;0;0;0;0;;0;0;820;66;0;0;820;66;0;0;0;0;0;0;;;;;;;;;;;;;;;;;
VILECHA 400;50646;Castilla y León;;1;1;1;378; N/A ;  ;99;1.588;N/A;993;1.846;N/A;1.251;1.185; N/A ;1.185;590;595;113;280;202;482;595;0;40;0;40;0;40;40;0;590;99;590;99;D_Nudo;WSCR_Nudo;D_Nudo;WSCR_Nudo;600;;405;99;590;99;590;99;Concurso por resolución SEE. ;0;0;0;0;0;0;0;0;59;10;0;0;59;10;Concurso;;;;;;;;;;;;;;;;
VILLABLINO 220;50647;Castilla y León;;;1;;227; N/A ;  ;227;301;E177_SEPE;169;301;E177_SEPE;169;1.299; N/A ;N/A;1.264;35;15;0;20;20;35;0;0;0;0;0;0;0;0;169;169;169;169;Est_Gen_Zona;Est_Gen_Zona;Est_Alm_Zona;Est_Alm_Zona;0;;0;0;0;0;0;0;;0;0;169;169;0;0;169;169;0;0;0;0;0;0;;;;;;;;;;;;;;;;;
VILLALBILLA 220;50648;Castilla y León;1;1;2;;499; N/A ;  ;72;1.002;N/A;278;1.381;N/A;657;933; N/A ;N/A;210;723;163;428;133;560;723;0;50;0;0;50;50;50;0;210;72;210;72;D_Nudo;WSCR_Nudo;D_Nudo;WSCR_Nudo;800;;210;72;210;72;210;72;Concurso por resolución SEE. ;0;0;0;0;0;0;0;0;21;7;0;0;21;7;Concurso;;;;;;;;;;;;;;;;
VILLALCAMPO 220;50649;Castilla y León;1;;1;;582; N/A ;  ;582;823;N/A;523;867;N/A;567;735; N/A ;N/A;435;300;300;0;0;0;300;0;36;0;0;36;36;36;0;435;435;435;435;D_Nudo;D_Nudo;D_Nudo;D_Nudo;400;;100;100;435;435;435;435;Concurso por resolución SEE. ;0;0;0;0;0;0;0;0;44;44;0;0;44;44;Concurso;;;;;;;;;;;;;;;;
VILLAMAYOR 220;50650;Castilla y León;;;2;;167; N/A ;  ;136;685;E179_SEPE;509;794;E179_SEPE;592;1.229; N/A ;N/A;1.053;176;39;31;106;137;176;0;0;0;0;0;0;0;0;509;136;592;136;Est_Gen_Nudo;WSCR_Nudo;Est_Alm_Zona;WSCR_Nudo;0;;0;0;509;136;592;136;Concurso por resolución SEE. ;0;0;0;0;0;0;0;0;51;14;0;0;51;14;Concurso;;;;;;;;;;;;;;;;
VILLAMECA 400;50651;Castilla y León;1;1;;;832; N/A ;  ;173;1.371;N/A;712;1.722;N/A;1.063;1.329; N/A ;664;671;658;0;658;0;658;658;0;0;0;0;0;0;0;0;671;173;671;173;D_Nudo;WSCR_Nudo;D_Nudo;WSCR_Nudo;1.200;;542;173;671;173;671;173;Concurso por resolución SEE. ;0;0;0;0;0;0;0;0;67;17;0;0;67;17;Concurso;;;;;;;;;;;;;;;;
VILLANUEVA DE GALLEGO 220;50652;Aragón;;1;3;;381; N/A ;  ;0;966;E22_SEPE;148;1.004;E22_SEPE;186;1.002; D29_SEPE ;N/A;184;637;90;381;166;547;637;0;0;0;0;0;0;0;0;148;0;184;0;Est_Gen_Zona;WSCR_Nudo;D_Zona;WSCR_Nudo;400;;148;0;0;0;36;0;;148;0;148;0;148;0;184;0;0;0;0;0;0;0;;;;;;;;;;;;;;;;;
VILLANUEVA DE LOS ESCUDEROS 400;50653;Castilla-La Mancha;1;;;;1.034; N/A ;  ;500;2.926;N/A;2.391;3.090;N/A;2.555;793; N/A ;793;258;535;0;535;0;535;535;0;0;0;0;0;0;0;0;258;258;258;258;D_Nudo;D_Nudo;D_Nudo;D_Nudo;600;;65;65;258;258;258;258;Concurso por resolución SEE. ;0;0;0;0;0;0;0;0;26;26;0;0;26;26;Concurso;;;;;;;;;;;;;;;;
VILLANUEVA DEL REY 400;50654;Andalucía;;1;;;743; N/A ;  ;743;1.491;E267_SEPE;867;1.523;E267_SEPE;898;950; N/A ;950;950;0;0;0;0;0;0;0;85;0;85;0;85;85;0;867;743;898;743;Est_Gen_Zona;WSCR_Nudo;Est_Alm_Zona;WSCR_Nudo;600;;600;600;867;743;898;743;Concurso por resolución SEE. Margen zonal reservado concurso por resolución SEE/posible concurso/NTJ. ;0;0;0;0;0;0;0;0;86;74;0;0;86;74;Concurso;;;;;;;;;;;;;;;;
VILLANUEVA DEL REY 220;50654;Andalucía;1;;2;;328; N/A ;  ;113;1.055;E267_SEPE;431;1.106;E267_SEPE;482;2.778; N/A ;1.078;2.154;624;239;215;170;385;624;0;50;0;50;0;50;50;0;431;113;482;113;Est_Gen_Nudo;WSCR_Nudo;Est_Alm_Nudo;WSCR_Nudo;400;;65;65;431;113;482;113;Concurso por resolución SEE. Margen zonal reservado concurso por resolución SEE/posible concurso/NTJ. ;0;0;0;0;0;0;0;0;42;11;0;0;42;11;Concurso;;;;;;;;;;;;;;;;
VILLARES DEL SAZ 220;50655;Castilla-La Mancha;;1;2;;195; N/A ;  ;95;314;E197_SEPE;152;445;E197_SEPE;284;1.265; N/A ;N/A;1.104;161;2;100;59;159;161;0;63;0;0;63;63;63;0;152;95;284;95;Est_Gen_Nudo;WSCR_Nudo;Est_Alm_Nudo;WSCR_Nudo;400;;152;95;152;95;284;95;Concurso por resolución SEE. ;0;0;0;0;0;0;0;0;15;10;0;0;15;10;Concurso;;;;;;;;;;;;;;;;
VILLARINO 400;50656;Castilla y León;;;;;1.179; N/A ;  ;1.179;2.059;E78_SEPE;1.975;3.080;E78_SEPE;1.975;0; N/A ;0;0;0;0;0;0;0;0;0;0;0;0;0;0;0;0;0;0;0;0;D_Nudo;D_Nudo;D_Nudo;D_Nudo;0;;0;0;0;0;0;0;;0;0;0;0;0;0;0;0;0;0;0;0;0;0;;;;;;;;;;;;;;;;;
VILLARINO 220;50656;Castilla y León;6;1;;1;1.040; N/A ;  ;748;1.949;E78_SEPE;1.357;2.462;E78_SEPE;1.357;193; N/A ;N/A;0;1.104;810;292;2;294;294;810;0;0;0;0;0;0;0;0;0;0;0;D_Nudo;D_Nudo;D_Nudo;D_Nudo;2.800;;0;0;0;0;0;0;;0;0;0;0;0;0;0;0;0;0;0;0;0;0;;;;;;;;;;;;;;;;;
VILLATORO 220;51306;Castilla y León;;;;1;377; N/A ;  ;377;330;N/A;330;433;N/A;433;1.103; N/A ;N/A;1.103;0;0;0;0;0;0;0;88;0;0;88;88;88;0;330;330;433;377;Est_Gen_Nudo;Est_Gen_Nudo;Est_Alm_Nudo;WSCR_Nudo;0;;0;0;330;330;433;377;Concurso por resolución SEE. ;0;0;0;0;0;0;0;0;33;33;0;0;33;33;Concurso;;;;;;;;;;;;;;;;
VILLAVERDE 220;50658;Comunidad de Madrid;;;2;;942; W15_SEPE_BIN ;  ;942;1;E168_SEPE_Bin;0;655;E168_SEPE_Bin;637;568; D75_SEPE_Bin ;N/A;209;18;18;0;0;0;18;0;0;0;0;0;0;0;0;0;0;209;209;Est_Gen_Nudo;Est_Gen_Nudo;D_Zona;D_Zona;0;;0;0;0;0;209;209;Margen zonal reservado concurso por resolución SEE/posible concurso/NTJ. ;0;0;0;0;0;0;0;0;0;0;0;0;0;0;;;;;;;;;;;;;;;;;
VILLAVERDE BAJO (VILLAVERDE BAJO B) 220;50659;Comunidad de Madrid;;;2;;957; W15_SEPE_BIN ;  ;957;908;E168_SEPE_Bin;908;1.063;E168_SEPE_Bin;1.063;688; D75_SEPE_Bin ;N/A;209;0;0;0;0;0;0;0;0;0;0;0;0;0;0;209;209;209;209;D_Zona;D_Zona;D_Zona;D_Zona;0;;0;0;209;209;209;209;Concurso por resolución SEE. ;0;0;0;0;0;0;0;0;21;21;0;0;21;21;Concurso;;;;;;;;;;;;;;;;
VILLAVICIOSA 400;50660;Comunidad de Madrid;;1;;;1.473; N/A ;  ;1.047;829;E133_SEPE, E134_SEPE;112;1.296;E133_SEPE, E134_SEPE;578;83; N/A ;83;0;426;0;426;0;426;426;0;0;0;0;0;0;0;0;0;0;0;0;D_Nudo;D_Nudo;D_Nudo;D_Nudo;600;;0;0;0;0;0;0;;0;0;0;0;0;0;0;0;0;0;0;0;0;0;;;;;;;;;;;;;;;;;
VILLAVICIOSA 220;50660;Comunidad de Madrid;;1;1;;967; W16_SEPE_BIN ;  ;869;420;E134_SEPE, E164_SEPE_Bin;112;646;E134_SEPE, E164_SEPE_Bin;355;676; D78_SEPE_Bin ;N/A;0;291;151;98;43;141;291;0;0;0;0;0;0;0;0;0;0;0;0;D_Zona;D_Zona;D_Zona;D_Zona;400;;0;0;0;0;0;0;;0;0;0;0;0;0;0;0;0;0;0;0;0;0;;;;;;;;;;;;;;;;;
VILLAVICIOSA (VILLAVICIOSA B) 220;50660;Comunidad de Madrid;;;;;800; W16_SEPE_BIN ;  ;800;589;E133_SEPE, E164_SEPE_Bin;589;744;E133_SEPE, E164_SEPE_Bin;744;739; D78_SEPE_Bin ;N/A;0;0;0;0;0;0;0;0;0;0;0;0;0;0;0;0;0;0;0;D_Zona;D_Zona;D_Zona;D_Zona;0;;0;0;0;0;0;0;;0;0;0;0;0;0;0;0;0;0;0;0;0;0;;;;;;;;;;;;;;;;;
VILLIMAR 220;50661;Castilla y León;1;;2;;476; N/A ;  ;90;909;E178_SEPE;164;991;E178_SEPE;492;1.093; N/A ;N/A;594;499;48;386;65;451;499;0;880;0;529;351;880;604;276;164;90;492;90;Est_Gen_Zona;WSCR_Nudo;Est_Alm_Nudo;WSCR_Nudo;400;;54;54;110;36;438;36;;54;54;164;90;54;54;492;90;0;0;0;0;0;0;;;;;;;;;;;;;;;;;
VIMIANZO 220;50662;Galicia;;;1;;223; N/A ;  ;123;848;N/A;475;851;N/A;478;1.271; N/A ;N/A;898;373;5;100;268;368;373;0;0;0;0;0;0;0;0;475;123;478;123;Est_Gen_Nudo;WSCR_Nudo;Est_Alm_Nudo;WSCR_Nudo;0;;0;0;475;123;478;123;Concurso por resolución SEE. ;0;0;0;0;0;0;0;0;48;12;0;0;48;12;Concurso;;;;;;;;;;;;;;;;
VIRGEN DE AFRICA 132;51417;Ceuta;;;;2;25; N/A ;  ;25;180;E349_SEPE, E350_SEPE;180;180;E349_SEPE, E350_SEPE;180;180; D91_SEPE ;180;180;0;0;0;0;0;0;0;3;0;0;3;3;3;0;180;25;180;25;Est_Gen_Nudo;WSCR_Nudo;Est_Alm_Nudo;WSCR_Nudo;#¡VALOR!;;0;0;180;25;180;25;Margen zonal reservado concurso por resolución SEE/posible concurso/NTJ. ;0;0;0;0;0;0;0;0;0;0;0;0;0;0;;;;;;;;;;;;;;;;;
VIRTUS 400;50461;Castilla y León;1;1;;;534; N/A ;  ;255;1.185;N/A;906;1.372;N/A;1.093;1.947; N/A ;973;1.668;279;0;279;0;279;279;0;0;0;0;0;0;0;0;906;255;1.093;255;Est_Gen_Nudo;WSCR_Nudo;Est_Alm_Nudo;WSCR_Nudo;1.200;;906;255;906;255;1.093;255;Concurso por resolución SEE. ;0;0;0;0;0;0;0;0;91;25;0;0;91;25;Concurso;;;;;;;;;;;;;;;;
VITORIA 400;50462;País Vasco;;1;;;528; N/A ;  ;527;1.304;E140_SEPE;1.204;1.598;E140_SEPE;1.567;1.021; N/A ;N/A;1.020;1;0;1;0;1;1;0;0;0;0;0;0;0;0;1.020;527;1.020;527;D_Nudo;WSCR_Nudo;D_Nudo;WSCR_Nudo;600;;599;527;1.020;527;1.020;527;Concurso por resolución SEE. Margen zonal reservado concurso por resolución SEE/posible concurso/NTJ. ;0;0;0;0;0;0;0;0;102;53;0;0;102;53;Concurso;;;;;;;;;;;;;;;;
VITORIA 220;50462;País Vasco;;1;2;;352; N/A ; Superación valor máx Icc ;253;1.059;E140_SEPE, E335_SEPE;899;1.206;E140_SEPE, E335_SEPE;1.046;946; D69_SEPE ;N/A;785;99;0;99;0;99;99;0;45;0;0;45;45;45;0;785;253;785;253;D_Zona;WSCR_Nudo;D_Zona;WSCR_Nudo;400;;302;253;785;253;785;253;Concurso por resolución SEE. Margen zonal reservado concurso por resolución SEE/posible concurso/NTJ. ;0;0;0;0;0;0;0;0;79;25;0;0;79;25;Concurso;;;;;;;;;;;;;;;;
XOVE 400;50463;Galicia;;2;;;834; N/A ;  ;657;2.187;N/A;2.010;2.372;N/A;2.194;872; N/A ;872;694;178;0;178;0;178;178;0;0;0;0;0;0;0;0;694;657;694;657;D_Nudo;WSCR_Nudo;D_Nudo;WSCR_Nudo;1.200;;694;657;694;657;694;657;Concurso por resolución SEE. ;0;0;0;0;0;0;0;0;69;66;0;0;69;66;Concurso;;;;;;;;;;;;;;;;
ZAL 220;50464;Cataluña;;;2;;380; N/A ;  ;352;1.004;N/A;995;1.043;N/A;1.014;805; N/A ;N/A;776;29;1;28;0;28;9;20;0;0;0;0;0;0;0;776;352;776;352;D_Nudo;WSCR_Nudo;D_Nudo;WSCR_Nudo;0;;0;0;0;0;0;0;;0;0;776;352;0;0;776;352;0;0;0;0;0;0;;;;;;;;;;;;;;;;;
ZAMORA 220;50465;Castilla y León;;1;2;;467; N/A ;  ;144;295;N/A;0;369;N/A;0;1.204; N/A ;N/A;834;371;23;323;25;348;231;140;59;0;7;52;59;49;10;0;0;0;0;Est_Gen_Nudo;Est_Gen_Nudo;Est_Alm_Nudo;Est_Alm_Nudo;400;;0;0;0;0;0;0;;0;0;0;0;0;0;0;0;0;0;0;0;0;0;;;;;;;;;;;;;;;;;
ZAMUDIO 220;50466;País Vasco;;;2;;436; N/A ;  ;435;443;N/A;441;521;N/A;518;1.054; N/A ;N/A;1.052;2;1;1;0;1;2;0;0;0;0;0;0;0;0;441;435;518;435;Est_Gen_Nudo;WSCR_Nudo;Est_Alm_Nudo;WSCR_Nudo;0;;0;0;441;435;518;435;Concurso por resolución SEE. ;0;0;0;0;0;0;0;0;44;44;0;0;44;44;Concurso;;;;;;;;;;;;;;;;
ZARATAN 220;50467;Castilla y León;;1;2;1;393; N/A ;  ;43;489;N/A;71;507;N/A;89;1.210; N/A ;N/A;792;418;23;350;45;395;418;0;51;0;0;51;51;41;10;71;43;89;43;Est_Gen_Nudo;WSCR_Nudo;Est_Alm_Nudo;WSCR_Nudo;400;;71;43;71;43;89;43;Concurso por resolución SEE. ;0;0;0;0;0;0;0;0;7;4;0;0;7;4;Concurso;;;;;;;;;;;;;;;;
ZARZON 400;51278;Extremadura;;1;;;1.145; N/A ;  ;3;1.693;N/A;551;1.935;N/A;792;1.143; N/A ;1.143;0;1.142;0;1.142;0;1.142;1.142;0;0;0;0;0;0;0;0;0;0;0;0;D_Nudo;D_Nudo;D_Nudo;D_Nudo;600;SI;0;0;0;0;0;0;Limitación de capacidad por posición;0;0;0;0;0;0;0;0;0;0;0;0;0;0;;;;;;;;;;;;;;;;;
ZIERBENA 400;50468;País Vasco;3;;;;1.507; N/A ;  ;1.407;3.558;N/A;2.673;3.746;N/A;2.861;2.222; N/A ;741;1.337;885;785;100;0;100;885;0;100;0;100;0;100;100;0;1.337;1.337;1.337;1.337;D_Nudo;D_Nudo;D_Nudo;D_Nudo;1.800;;915;915;1.337;1.337;1.337;1.337;Concurso por resolución SEE. ;0;0;0;0;0;0;0;0;0;0;0;0;0;0;Concurso;;;;;;;;;;;;;;;;
ZONA FRANCA 220;50469;Cataluña;2;;;;331; N/A ;  ;331;1.000;N/A;121;1.036;N/A;157;805; N/A ;N/A;0;879;879;0;0;0;879;0;870;870;0;0;0;870;0;0;0;0;0;D_Nudo;D_Nudo;D_Nudo;D_Nudo;800;SI;0;0;0;0;0;0;;0;0;0;0;0;0;0;0;0;0;0;0;0;0;;;;;;;;;;;;;;;;;
ZUMARRAGA 220;50470;País Vasco;;;;;566; N/A ;  ;566;442;N/A;442;489;N/A;489;997; N/A ;N/A;997;0;0;0;0;0;0;0;0;0;0;0;0;0;0;442;442;489;489;Est_Gen_Nudo;Est_Gen_Nudo;Est_Alm_Nudo;Est_Alm_Nudo;0;;0;0;442;442;489;489;Concurso por resolución SEE. Sin posibilidad de conexión. ;0;0;0;0;0;0;0;0;44;44;0;0;44;44;Concurso;;;;;;;;;;;;;;;;
ZUZONES 400;52085;Castilla y León;;;;1;497; N/A ;  ;497;1.051;N/A;1.051;1.513;N/A;1.513;1.248; N/A ;1.248;1.248;0;0;0;0;0;0;0;0;0;0;0;0;0;0;1.051;497;1.248;497;Est_Gen_Nudo;WSCR_Nudo;D_Nudo;WSCR_Nudo;0;;0;0;1.051;497;1.248;497;Concurso por resolución SEE. ;0;0;0;0;0;0;0;0;105;50;0;0;105;50;Concurso;;;;;;;;;;;;;;;;
